isn_vinculo;num_ano;num_mes;8;15;16;21;24;30;51;54;62;79;160;161;168;185;248;252;297;312;324;329;669;1232;1233;1352;1353;1367;1368;1369;1404;1454;IF_label;IF_score;anomalo
177253;2007;3;275.15;55.03;0.0;0.0;0.0;0.0;0.0;0.0;0.0;0.0;140.85;0.0;0.0;0.0;0.0;0.0;0.0;0.0;0.0;0.0;0.0;0.0;0.0;0.0;0.0;0.0;0.0;0.0;0.0;0.0;1;0.12065541799513807;0
177253;2007;4;275.15;55.03;0.0;0.0;0.0;0.0;0.0;0.0;0.0;0.0;140.85;0.0;0.0;0.0;0.0;0.0;0.0;0.0;0.0;0.0;0.0;0.0;0.0;0.0;0.0;0.0;0.0;0.0;0.0;0.0;1;0.12065541799513807;0
177253;2007;5;275.15;55.03;0.0;0.0;0.0;0.0;0.0;0.0;0.0;0.0;140.85;0.0;0.0;0.0;0.0;0.0;0.0;0.0;0.0;0.0;0.0;0.0;0.0;0.0;0.0;0.0;0.0;0.0;0.0;0.0;1;0.12065541799513807;0
177253;2007;6;275.15;55.03;0.0;0.0;0.0;0.0;0.0;0.0;0.0;0.0;140.85;0.0;0.0;0.0;0.0;0.0;0.0;0.0;0.0;0.0;0.0;0.0;0.0;0.0;0.0;0.0;0.0;0.0;0.0;0.0;1;0.12065541799513807;0
177253;2007;7;284.92;56.98;0.0;0.0;0.0;0.0;0.0;0.0;0.0;0.0;165.08;0.0;0.0;0.0;0.0;0.0;0.0;0.0;0.0;0.0;0.0;0.0;0.0;0.0;0.0;0.0;0.0;0.0;0.0;0.0;1;0.1513801725755653;0
177253;2007;8;284.92;56.98;0.0;0.0;0.0;0.0;0.0;0.0;0.0;0.0;165.08;0.0;0.0;0.0;0.0;0.0;0.0;0.0;28.88;0.0;0.0;0.0;0.0;0.0;0.0;0.0;0.0;0.0;0.0;0.0;1;0.1128783770022736;0
177253;2007;9;284.92;56.98;0.0;0.0;0.0;0.0;0.0;0.0;0.0;0.0;165.08;0.0;0.0;0.0;0.0;0.0;0.0;0.0;0.0;0.0;0.0;0.0;0.0;0.0;0.0;0.0;0.0;0.0;0.0;0.0;1;0.1513801725755653;0
177253;2007;10;284.92;56.98;0.0;0.0;0.0;0.0;0.0;0.0;0.0;0.0;165.08;0.0;0.0;0.0;0.0;0.0;0.0;0.0;0.0;0.0;0.0;0.0;0.0;0.0;0.0;0.0;0.0;0.0;0.0;0.0;1;0.1513801725755653;0
177253;2007;11;284.92;56.98;0.0;0.0;0.0;0.0;0.0;0.0;0.0;0.0;165.08;0.0;0.0;0.0;0.0;0.0;0.0;0.0;0.0;0.0;0.0;0.0;0.0;0.0;0.0;0.0;0.0;0.0;0.0;0.0;1;0.1513801725755653;0
177253;2007;12;284.92;56.98;0.0;0.0;0.0;0.0;0.0;0.0;0.0;0.0;165.08;0.0;0.0;0.0;0.0;0.0;0.0;0.0;0.0;0.0;0.0;0.0;0.0;0.0;0.0;0.0;0.0;0.0;0.0;0.0;1;0.1513801725755653;0
177253;2008;1;284.92;56.98;0.0;0.0;0.0;0.0;0.0;0.0;0.0;0.0;165.08;0.0;0.0;0.0;0.0;0.0;0.0;0.0;0.0;0.0;0.0;0.0;0.0;0.0;0.0;0.0;0.0;0.0;0.0;0.0;1;0.14135164950836998;0
177253;2008;2;284.92;56.98;0.0;0.0;0.0;0.0;0.0;0.0;0.0;0.0;165.08;0.0;0.0;0.0;0.0;0.0;0.0;0.0;0.0;0.0;0.0;0.0;0.0;0.0;0.0;0.0;0.0;0.0;0.0;0.0;1;0.14135164950836998;0
177253;2008;3;284.92;56.98;0.0;0.0;0.0;0.0;0.0;0.0;0.0;0.0;165.08;0.0;0.0;0.0;0.0;0.0;0.0;0.0;0.0;0.0;0.0;0.0;0.0;0.0;0.0;0.0;0.0;0.0;0.0;0.0;1;0.14135164950836998;0
177253;2008;4;284.92;56.98;0.0;0.0;0.0;0.0;0.0;0.0;0.0;0.0;165.08;0.0;0.0;0.0;0.0;0.0;0.0;0.0;0.0;0.0;0.0;0.0;0.0;0.0;0.0;0.0;0.0;0.0;0.0;0.0;1;0.14135164950836998;0
177253;2008;5;284.92;56.98;0.0;0.0;0.0;0.0;0.0;0.0;0.0;0.0;165.08;0.0;0.0;0.0;0.0;0.0;0.0;0.0;0.0;0.0;0.0;0.0;0.0;0.0;0.0;0.0;0.0;0.0;0.0;0.0;1;0.14135164950836998;0
177253;2008;6;284.92;56.98;0.0;0.0;0.0;0.0;0.0;0.0;0.0;0.0;165.08;0.0;0.0;0.0;0.0;0.0;0.0;0.0;0.0;0.0;0.0;0.0;0.0;0.0;0.0;0.0;0.0;0.0;0.0;0.0;1;0.14135164950836998;0
177253;2008;7;302.39;60.48;0.0;0.0;0.0;0.0;0.0;0.0;0.0;0.0;197.61;0.0;0.0;0.0;0.0;0.0;0.0;0.0;0.0;0.0;0.0;0.0;0.0;0.0;0.0;0.0;0.0;0.0;0.0;0.0;1;0.15094355439327534;0
177253;2008;8;302.39;60.48;0.0;0.0;0.0;0.0;0.0;0.0;0.0;0.0;197.61;0.0;0.0;0.0;0.0;0.0;0.0;0.0;30.24;0.0;0.0;0.0;0.0;0.0;0.0;0.0;0.0;0.0;0.0;0.0;1;0.10191027176378736;0
177253;2008;9;302.39;60.48;0.0;0.0;0.0;0.0;0.0;186.83;0.0;0.0;197.61;0.0;0.0;0.0;0.0;0.0;0.0;0.0;0.0;0.0;0.0;0.0;0.0;0.0;0.0;0.0;0.0;0.0;0.0;0.0;1;0.11602711756015788;0
177253;2008;10;302.39;60.48;0.0;0.0;0.0;0.0;0.0;0.0;0.0;0.0;197.61;0.0;0.0;0.0;0.0;0.0;0.0;0.0;0.0;0.0;0.0;0.0;0.0;0.0;0.0;0.0;0.0;0.0;0.0;0.0;1;0.15094355439327534;0
177253;2008;11;302.39;60.48;0.0;0.0;0.0;0.0;0.0;0.0;0.0;0.0;197.61;0.0;0.0;0.0;0.0;0.0;0.0;0.0;0.0;0.0;0.0;0.0;0.0;0.0;0.0;0.0;0.0;0.0;0.0;0.0;1;0.15094355439327534;0
177253;2008;12;302.39;60.48;0.0;0.0;0.0;0.0;0.0;0.0;0.0;0.0;197.61;0.0;0.0;0.0;0.0;0.0;0.0;0.0;0.0;0.0;0.0;0.0;0.0;0.0;0.0;0.0;0.0;0.0;0.0;0.0;1;0.15094355439327534;0
177253;2009;1;302.39;60.48;0.0;0.0;0.0;0.0;0.0;0.0;0.0;0.0;197.61;0.0;0.0;0.0;0.0;0.0;0.0;0.0;0.0;0.0;0.0;0.0;0.0;0.0;0.0;0.0;0.0;0.0;0.0;0.0;1;0.09597398931112816;0
177253;2009;2;302.39;60.48;0.0;0.0;0.0;0.0;0.0;0.0;0.0;0.0;197.61;0.0;0.0;0.0;0.0;0.0;0.0;0.0;0.0;0.0;0.0;0.0;0.0;0.0;0.0;0.0;0.0;0.0;0.0;0.0;1;0.09597398931112816;0
177253;2009;3;302.39;60.48;0.0;0.0;0.0;0.0;0.0;0.0;0.0;0.0;197.61;0.0;0.0;0.0;0.0;0.0;0.0;0.0;0.0;0.0;0.0;0.0;0.0;0.0;0.0;0.0;0.0;0.0;0.0;0.0;1;0.09597398931112816;0
177253;2009;4;302.39;60.48;0.0;0.0;0.0;0.0;0.0;0.0;0.0;0.0;197.61;0.0;0.0;0.0;0.0;0.0;0.0;0.0;0.0;0.0;0.0;0.0;0.0;0.0;0.0;0.0;0.0;0.0;0.0;0.0;1;0.09597398931112816;0
177253;2009;5;302.39;60.48;0.0;0.0;0.0;0.0;0.0;0.0;0.0;0.0;197.61;0.0;0.0;0.0;0.0;0.0;0.0;0.0;0.0;0.0;0.0;0.0;0.0;0.0;0.0;0.0;0.0;0.0;0.0;0.0;1;0.09597398931112816;0
177253;2009;6;302.39;60.48;0.0;0.0;0.0;0.0;0.0;186.83;0.0;0.0;197.61;0.0;0.0;0.0;0.0;0.0;0.0;0.0;0.0;0.0;0.0;0.0;0.0;0.0;0.0;0.0;0.0;0.0;0.0;0.0;1;0.056351678892164525;0
177253;2009;7;320.53;64.11;0.0;0.0;0.0;0.0;0.0;0.0;0.0;11.2;175.36;0.0;0.0;0.0;0.0;0.0;0.0;0.0;0.0;0.0;0.0;0.0;0.0;0.0;0.0;0.0;0.0;0.0;0.0;0.0;1;0.019022132006051684;0
177253;2009;8;320.53;64.11;0.0;0.0;0.0;0.0;0.0;0.0;0.0;0.0;175.36;0.48;0.0;0.0;0.0;0.0;0.48;0.0;31.58;0.0;0.0;0.0;0.0;0.0;0.0;0.0;0.0;0.0;0.0;0.0;-1;-0.01561178517660311;1
177253;2009;9;320.53;64.11;0.0;0.0;0.0;0.0;0.0;0.0;0.0;0.0;175.36;0.0;0.0;0.0;0.0;0.0;0.48;0.0;0.0;0.0;0.0;0.0;0.0;0.0;0.0;0.0;0.0;0.0;0.0;0.0;1;0.0838074305395416;0
177253;2009;10;320.53;64.11;0.0;0.0;0.0;0.0;0.0;186.83;0.0;0.0;175.36;0.0;0.0;0.0;0.0;0.0;0.48;0.0;0.0;0.0;0.0;0.0;0.0;0.0;0.0;0.0;0.0;0.0;0.0;0.0;1;0.04749227639155629;0
177253;2009;11;320.53;64.11;0.0;0.0;0.0;0.0;0.0;0.0;0.0;0.0;175.36;0.0;0.0;0.0;0.0;0.0;0.48;0.0;0.0;0.0;0.0;0.0;0.0;0.0;0.0;0.0;0.0;0.0;0.0;0.0;1;0.0838074305395416;0
177253;2009;12;320.53;64.11;0.0;0.0;0.0;0.0;0.0;0.0;0.0;0.0;175.36;0.0;0.0;0.0;0.0;0.0;0.48;0.0;0.0;0.0;0.0;0.0;0.0;0.0;0.0;0.0;0.0;0.0;0.0;0.0;1;0.0838074305395416;0
177253;2010;1;320.53;64.11;0.0;0.0;0.0;0.0;0.0;0.0;0.0;0.0;175.36;0.0;0.0;0.0;0.0;0.0;0.48;0.0;0.0;0.0;0.0;0.0;0.0;0.0;0.0;0.0;0.0;0.0;0.0;0.0;1;0.1428688943065523;0
177253;2010;2;320.53;64.11;0.0;0.0;0.0;0.0;0.0;0.0;0.0;0.0;175.36;0.0;0.0;0.0;0.0;0.0;0.48;0.0;0.0;0.0;0.0;0.0;0.0;0.0;0.0;0.0;0.0;0.0;0.0;0.0;1;0.1428688943065523;0
177253;2010;3;320.53;64.11;0.0;0.0;0.0;0.0;0.0;0.0;0.0;0.0;175.36;0.0;0.0;0.0;0.0;0.0;0.48;0.0;0.0;0.0;0.0;0.0;0.0;0.0;0.0;0.0;0.0;0.0;0.0;0.0;1;0.1428688943065523;0
177253;2010;4;320.53;64.11;0.0;0.0;0.0;0.0;0.0;0.0;0.0;0.0;175.36;0.0;0.0;0.0;0.0;0.0;0.48;0.0;0.0;0.0;0.0;0.0;0.0;0.0;0.0;0.0;0.0;0.0;0.0;0.0;1;0.1428688943065523;0
177253;2010;5;320.53;64.11;0.0;0.0;0.0;0.0;0.0;0.0;0.0;0.0;175.36;0.0;0.0;0.0;0.0;0.0;0.48;0.0;0.0;0.0;0.0;0.0;0.0;0.0;0.0;0.0;0.0;0.0;0.0;0.0;1;0.1428688943065523;0
177253;2010;6;320.53;64.11;0.0;0.0;0.0;0.0;0.0;0.0;0.0;0.0;175.36;0.0;0.0;0.0;0.0;0.0;0.48;0.0;0.0;0.0;0.0;0.0;0.0;0.0;0.0;0.0;0.0;0.0;0.0;0.0;1;0.1428688943065523;0
177253;2010;7;336.04;67.21;0.0;0.0;0.0;0.0;0.0;0.0;0.0;0.0;183.85;0.0;0.0;0.0;0.0;0.0;0.48;0.0;0.0;0.0;0.0;0.0;0.0;0.0;0.0;0.0;0.0;0.0;0.0;0.0;1;0.15338792510956145;0
177253;2010;8;336.04;67.21;0.0;0.0;0.0;0.0;0.0;0.0;0.0;0.0;183.85;0.0;0.0;0.0;0.0;0.0;0.48;0.0;0.0;0.0;0.0;0.0;0.0;0.0;0.0;0.0;0.0;0.0;0.0;0.0;1;0.15338792510956145;0
177253;2010;9;336.04;67.21;0.0;0.0;0.0;0.0;0.0;0.0;0.0;0.0;183.85;0.0;0.0;0.0;0.0;0.0;0.48;0.0;0.0;0.0;0.0;0.0;0.0;0.0;0.0;0.0;0.0;0.0;0.0;0.0;1;0.15338792510956145;0
177253;2010;10;336.04;67.21;0.0;0.0;0.0;0.0;0.0;0.0;0.0;0.0;183.85;0.0;0.0;0.0;0.0;0.0;0.48;0.0;0.0;0.0;0.0;0.0;0.0;0.0;0.0;0.0;0.0;0.0;0.0;0.0;1;0.15338792510956145;0
177253;2010;11;336.04;67.21;0.0;0.0;0.0;0.0;0.0;0.0;0.0;0.0;183.85;0.0;0.0;0.0;0.0;0.0;0.48;0.0;0.0;0.0;0.0;0.0;0.0;0.0;0.0;0.0;0.0;0.0;0.0;0.0;1;0.15338792510956145;0
177253;2010;12;336.04;67.21;0.0;0.0;0.0;0.0;0.0;0.0;0.0;0.0;183.85;0.0;0.0;0.0;0.0;0.0;0.48;0.0;0.0;0.0;0.0;0.0;0.0;0.0;0.0;0.0;0.0;0.0;0.0;0.0;1;0.15338792510956145;0
177253;2011;1;352.84;70.57;0.0;0.0;0.0;0.0;0.0;213.33;0.0;0.0;216.59;0.0;0.0;0.0;0.0;0.0;0.0;0.0;0.0;0.0;0.0;0.0;0.0;0.0;0.0;0.0;0.0;0.0;0.0;0.0;1;0.1357184663002029;0
177253;2011;2;352.84;70.57;0.0;0.0;0.0;0.0;0.0;0.0;0.0;0.0;216.59;0.0;0.0;0.0;0.0;0.0;0.0;0.0;0.0;0.0;0.0;0.0;0.0;0.0;0.0;0.0;0.0;0.0;0.0;0.0;1;0.16136007629524257;0
177253;2011;3;352.84;70.57;0.0;0.0;0.0;0.0;0.0;0.0;0.0;0.0;216.59;0.0;0.0;0.0;0.0;0.0;0.0;0.0;0.0;0.0;0.0;0.0;0.0;0.0;0.0;0.0;0.0;0.0;0.0;0.0;1;0.16136007629524257;0
177253;2011;4;352.84;70.57;0.0;0.0;0.0;0.0;0.0;0.0;0.0;0.0;216.59;0.0;0.0;0.0;0.0;0.0;0.0;0.0;0.0;0.0;0.0;0.0;0.0;0.0;0.0;0.0;0.0;0.0;0.0;0.0;1;0.16136007629524257;0
177253;2011;5;352.84;70.57;0.0;0.0;0.0;0.0;0.0;0.0;0.0;0.0;216.59;0.0;0.0;0.0;0.0;0.0;0.0;0.0;0.0;0.0;0.0;0.0;0.0;0.0;0.0;0.0;0.0;0.0;0.0;0.0;1;0.16136007629524257;0
177253;2011;6;352.84;70.57;0.0;0.0;0.0;0.0;0.0;0.0;0.0;0.0;216.59;0.0;0.0;0.0;0.0;0.0;0.0;0.0;0.0;0.0;0.0;0.0;0.0;0.0;0.0;0.0;0.0;0.0;0.0;0.0;1;0.16136007629524257;0
177253;2011;7;352.84;70.57;0.0;0.0;0.0;0.0;0.0;0.0;0.0;0.0;216.59;0.0;0.0;0.0;0.0;0.0;0.0;0.0;0.0;0.0;0.0;0.0;0.0;0.0;0.0;0.0;0.0;0.0;0.0;0.0;1;0.16136007629524257;0
177253;2011;8;352.84;70.57;0.0;0.0;0.0;0.0;0.0;0.0;0.0;0.0;216.59;0.0;0.0;0.0;0.0;0.0;0.0;0.0;33.44;0.0;0.0;0.0;0.0;0.0;0.0;0.0;0.0;0.0;0.0;0.0;1;0.11368080128892316;0
177253;2011;9;352.84;70.57;0.0;0.0;0.0;0.0;0.0;0.0;0.0;0.0;216.59;0.0;0.0;0.0;0.0;0.0;0.0;0.0;0.0;0.0;0.0;0.0;0.0;0.0;0.0;0.0;0.0;0.0;0.0;0.0;1;0.16136007629524257;0
177253;2011;10;352.84;70.57;0.0;0.0;0.0;0.0;0.0;213.33;0.0;0.0;216.59;0.0;0.0;0.0;0.0;0.0;0.0;0.0;0.0;0.0;0.0;0.0;0.0;0.0;0.0;0.0;0.0;0.0;0.0;0.0;1;0.1357184663002029;0
177253;2011;11;352.84;70.57;0.0;0.0;0.0;0.0;0.0;0.0;0.0;0.0;216.59;0.0;0.0;0.0;0.0;0.0;0.0;0.0;0.0;0.0;0.0;0.0;0.0;0.0;0.0;0.0;0.0;0.0;0.0;0.0;1;0.16136007629524257;0
177253;2011;12;352.84;70.57;0.0;0.0;0.0;0.0;0.0;0.0;0.0;0.0;216.59;0.0;0.0;0.0;0.0;0.0;0.0;0.0;0.0;0.0;0.0;0.0;0.0;0.0;0.0;0.0;0.0;0.0;0.0;0.0;1;0.16136007629524257;0
177253;2012;1;377.54;75.51;0.0;0.0;0.0;0.0;0.0;0.0;0.0;0.0;231.75;0.0;0.0;0.0;0.0;0.0;0.0;0.0;0.0;0.0;0.0;0.0;0.0;0.0;0.0;0.0;0.0;0.0;0.0;0.0;1;0.09555038813527283;0
177253;2012;2;377.54;75.51;0.0;0.0;0.0;0.0;0.0;0.0;0.0;0.0;231.75;0.0;0.0;0.0;0.0;0.0;0.0;0.0;0.0;0.0;0.0;0.0;0.0;0.0;0.0;0.0;0.0;0.0;0.0;0.0;1;0.09555038813527283;0
177253;2012;3;377.54;75.51;0.0;0.0;0.0;0.0;0.0;0.0;0.0;0.0;231.75;0.0;0.0;0.0;0.0;0.0;0.0;0.0;0.0;0.0;0.0;0.0;0.0;0.0;0.0;0.0;0.0;0.0;0.0;0.0;1;0.09555038813527283;0
177253;2012;4;377.54;75.51;0.0;0.0;0.0;0.0;0.0;0.0;0.0;0.0;231.75;0.0;0.0;0.0;0.0;0.0;0.0;0.0;0.0;0.0;0.0;0.0;0.0;0.0;0.0;0.0;0.0;0.0;0.0;0.0;1;0.09555038813527283;0
177253;2012;5;377.54;75.51;0.0;0.0;0.0;0.0;0.0;0.0;0.0;0.0;231.75;0.0;0.0;0.0;0.0;0.0;0.0;0.0;0.0;0.0;0.0;0.0;0.0;0.0;0.0;0.0;0.0;0.0;0.0;0.0;1;0.09555038813527283;0
177253;2012;6;377.54;75.51;0.0;0.0;0.0;0.0;0.0;0.0;0.0;0.0;231.75;0.0;0.0;0.0;0.0;0.0;0.0;0.0;0.0;0.0;0.0;0.0;0.0;0.0;0.0;0.0;0.0;0.0;0.0;0.0;1;0.09555038813527283;0
177253;2012;7;377.54;75.51;0.0;0.0;0.0;0.0;0.0;0.0;0.0;0.0;231.75;0.0;0.0;0.0;0.0;0.0;0.0;0.0;0.0;0.0;0.0;0.0;0.0;0.0;0.0;0.0;0.0;0.0;0.0;0.0;1;0.09555038813527283;0
177253;2012;8;528.56;105.71;0.0;151.04;0.0;0.0;30.21;0.0;0.0;0.0;50.53;0.0;0.0;190.0;0.0;0.0;0.0;0.0;33.84;0.0;0.0;0.0;0.0;0.0;0.0;0.0;0.0;0.0;0.0;0.0;-1;-0.0626983499639005;1
177253;2012;9;528.56;105.71;0.0;0.0;0.0;0.0;0.0;0.0;0.0;0.0;50.53;0.0;0.0;220.0;0.0;0.0;0.0;0.0;0.0;0.0;0.0;0.0;0.0;0.0;0.0;0.0;0.0;0.0;0.0;0.0;1;0.081025799568062;0
177253;2012;10;528.56;105.71;0.0;0.0;0.0;0.0;0.0;0.0;0.0;0.0;50.53;0.0;0.0;200.0;0.0;0.0;0.0;0.0;0.0;0.0;0.0;0.0;0.0;0.0;0.0;0.0;0.0;0.0;0.0;0.0;1;0.08418834890114796;0
177253;2012;11;528.56;105.71;0.0;0.0;0.0;0.0;0.0;0.0;0.0;0.0;50.53;0.0;0.0;200.0;0.0;0.0;0.0;0.0;0.0;0.0;0.0;0.0;0.0;0.0;0.0;0.0;0.0;0.0;0.0;0.0;1;0.08418834890114796;0
177253;2012;12;528.56;105.71;0.0;0.0;0.0;0.0;0.0;0.0;0.0;0.0;50.53;0.0;0.0;220.0;0.0;0.0;0.0;0.0;0.0;0.0;0.0;0.0;0.0;0.0;0.0;0.0;0.0;0.0;0.0;0.0;1;0.081025799568062;0
177253;2013;1;558.05;111.61;0.0;0.0;0.0;0.0;0.0;0.0;0.0;0.0;53.35;0.0;0.0;179.35;0.0;0.0;0.0;12.28;0.0;0.0;0.0;0.0;0.0;0.0;0.0;0.0;0.0;0.0;0.0;0.0;1;0.07383037125843162;0
177253;2013;2;558.05;111.61;0.0;0.0;0.0;0.0;0.0;0.0;0.0;0.0;53.35;0.0;0.0;200.45;0.0;0.0;0.0;0.0;0.0;0.0;0.0;0.0;0.0;0.0;0.0;0.0;0.0;0.0;0.0;0.0;1;0.14603424687953487;0
177253;2013;3;558.05;111.61;0.0;0.0;0.0;0.0;0.0;0.0;0.0;0.0;53.35;0.0;0.0;232.1;0.0;0.0;0.0;0.0;0.0;0.0;0.0;0.0;0.0;0.0;0.0;0.0;0.0;0.0;0.0;0.0;1;0.15095419195516935;0
177253;2013;4;558.05;111.61;0.0;0.0;0.0;0.0;0.0;0.0;0.0;0.0;53.35;0.0;0.0;221.55;0.0;0.0;0.0;0.0;0.0;0.0;0.0;0.0;0.0;0.0;0.0;0.0;0.0;0.0;0.0;0.0;1;0.1562812270085166;0
177253;2013;5;558.05;111.61;0.0;0.0;0.0;0.0;0.0;0.0;0.0;0.0;53.35;0.0;0.0;211.0;0.0;0.0;0.0;0.0;0.0;0.0;0.0;0.0;0.0;0.0;0.0;0.0;0.0;0.0;0.0;0.0;1;0.15374436662585;0
177253;2013;6;558.05;111.61;0.0;0.0;0.0;0.0;0.0;0.0;0.0;0.0;53.35;0.0;0.0;242.65;0.0;0.0;0.0;0.0;0.0;0.0;0.0;0.0;0.0;0.0;0.0;0.0;0.0;0.0;0.0;0.0;1;0.1275392555035953;0
177253;2013;7;558.05;111.61;0.0;0.0;0.0;0.0;0.0;0.0;0.0;0.0;53.35;0.0;0.0;221.55;0.0;0.0;0.0;0.0;0.0;0.0;0.0;0.0;0.0;0.0;0.0;0.0;0.0;0.0;0.0;0.0;1;0.1562812270085166;0
177253;2013;8;558.05;111.61;0.0;0.0;0.0;0.0;0.0;0.0;0.0;0.0;53.35;0.0;0.0;221.55;0.0;0.0;0.0;0.0;30.27;0.0;0.0;0.0;0.0;0.0;0.0;0.0;0.0;0.0;0.0;0.0;1;0.1042350152140562;0
177253;2013;9;558.05;111.61;0.0;0.0;0.0;0.0;0.0;0.0;0.0;0.0;53.35;0.0;0.0;232.1;0.0;0.0;0.0;0.0;0.0;0.0;0.0;0.0;0.0;0.0;0.0;0.0;0.0;0.0;0.0;0.0;1;0.15095419195516935;0
177253;2013;10;558.05;111.61;0.0;0.0;0.0;0.0;0.0;0.0;0.0;0.0;53.35;0.0;0.0;211.0;0.0;0.0;0.0;0.0;0.0;0.0;0.0;0.0;0.0;0.0;0.0;0.0;0.0;0.0;0.0;0.0;1;0.15374436662585;0
177253;2013;11;558.05;111.61;0.0;0.0;0.0;0.0;0.0;0.0;0.0;0.0;53.35;0.0;0.0;221.55;0.0;0.0;0.0;0.0;0.0;0.0;0.0;0.0;0.0;0.0;0.0;0.0;0.0;0.0;0.0;0.0;1;0.1562812270085166;0
177253;2013;12;558.05;111.61;0.0;0.0;0.0;0.0;0.0;0.0;0.0;0.0;53.35;0.0;0.0;232.1;0.0;0.0;0.0;0.0;0.0;0.0;0.0;0.0;0.0;0.0;0.0;0.0;0.0;0.0;0.0;0.0;1;0.15095419195516935;0
177253;2014;1;589.86;117.97;0.0;0.0;0.0;0.0;0.0;0.0;0.0;0.0;56.39;0.0;0.0;211.0;0.0;0.0;0.0;0.0;0.0;0.0;0.0;0.0;0.0;0.0;0.0;0.0;0.0;0.0;0.0;0.0;1;0.15693014403363065;0
177253;2014;2;589.86;117.97;0.0;0.0;0.0;0.0;0.0;0.0;0.0;0.0;56.39;0.0;0.0;179.35;0.0;0.0;0.0;0.0;0.0;0.0;0.0;0.0;0.0;0.0;0.0;0.0;0.0;0.0;0.0;0.0;1;0.15468285625969225;0
177253;2014;3;589.86;117.97;0.0;0.0;0.0;0.0;0.0;0.0;0.0;0.0;56.39;0.0;0.0;211.0;0.0;0.0;0.0;0.0;0.0;0.0;0.0;0.0;0.0;0.0;0.0;0.0;0.0;0.0;0.0;0.0;1;0.15693014403363065;0
177253;2014;4;589.86;117.97;0.0;0.0;0.0;0.0;0.0;0.0;0.0;0.0;56.39;0.0;0.0;221.55;0.0;0.0;0.0;0.0;0.0;0.0;0.0;0.0;0.0;0.0;0.0;0.0;0.0;0.0;0.0;0.0;1;0.157392748400228;0
177253;2014;5;589.86;117.97;0.0;0.0;0.0;0.0;0.0;0.0;0.0;0.0;56.39;0.0;0.0;223.0;0.0;0.0;0.0;0.0;0.0;0.0;0.0;0.0;0.0;0.0;0.0;0.0;0.0;0.0;0.0;0.0;1;0.157392748400228;0
177253;2014;6;589.86;117.97;0.0;0.0;0.0;0.0;0.0;0.0;0.0;0.0;56.39;0.0;0.0;256.45;0.0;0.0;0.0;60.0;0.0;0.0;0.0;0.0;0.0;0.0;0.0;0.0;0.0;0.0;0.0;0.0;1;0.08416534361188727;0
177253;2014;7;589.86;117.97;0.0;0.0;0.0;0.0;0.0;0.0;0.0;0.0;56.39;0.0;0.0;223.0;0.0;0.0;0.0;0.0;0.0;0.0;0.0;0.0;0.0;0.0;0.0;0.0;0.0;0.0;0.0;0.0;1;0.157392748400228;0
177253;2014;8;589.86;117.97;0.0;0.0;0.0;0.0;0.0;0.0;0.0;0.0;56.39;0.0;0.0;245.3;0.0;0.0;0.0;0.0;0.0;0.0;0.0;0.0;0.0;0.0;0.0;0.0;0.0;0.0;0.0;0.0;1;0.15548589242527827;0
177253;2014;9;589.86;117.97;0.0;0.0;0.0;0.0;0.0;0.0;0.0;0.0;56.39;0.0;0.0;245.3;0.0;0.0;0.0;0.0;0.0;0.0;0.0;0.0;0.0;0.0;0.0;0.0;0.0;0.0;0.0;0.0;1;0.15548589242527827;0
177253;2014;10;589.86;117.97;0.0;0.0;0.0;0.0;0.0;0.0;0.0;0.0;56.39;0.0;0.0;223.0;0.0;0.0;0.0;0.0;0.0;0.0;0.0;0.0;0.0;0.0;0.0;0.0;0.0;0.0;0.0;0.0;1;0.157392748400228;0
177253;2014;11;589.86;117.97;0.0;0.0;0.0;0.0;0.0;0.0;0.0;0.0;56.39;0.0;0.0;245.3;0.0;0.0;0.0;0.0;0.0;0.0;0.0;0.0;0.0;0.0;0.0;0.0;0.0;0.0;0.0;0.0;1;0.15548589242527827;0
177253;2014;12;589.86;117.97;0.0;0.0;0.0;0.0;0.0;0.0;0.0;0.0;56.39;0.0;0.0;234.15;0.0;0.0;0.0;0.0;0.0;0.0;0.0;0.0;0.0;0.0;0.0;0.0;0.0;0.0;0.0;0.0;1;0.1564939733954837;0
602518;2014;12;589.86;88.48;2985.37;0.0;0.0;0.0;0.0;1249.86;0.0;0.0;85.88;0.0;0.0;0.0;0.0;0.0;0.0;0.0;0.0;0.0;0.0;0.0;0.0;0.0;0.0;0.0;0.0;0.0;0.0;0.0;-1;-0.01868592052732304;1
177253;2015;1;627.91;125.58;0.0;0.0;0.0;0.0;0.0;0.0;0.0;0.0;60.02;0.0;0.0;201.79;0.0;0.0;0.0;0.0;0.0;0.0;0.0;0.0;17.85;0.0;0.0;0.0;0.0;0.0;0.0;0.0;1;0.05825501422321622;0
602518;2015;1;627.91;94.19;3177.93;0.0;0.0;0.0;0.0;0.0;0.0;0.0;91.41;0.0;0.0;201.79;0.0;0.0;0.0;0.0;0.0;0.0;0.0;80.62;0.0;0.0;0.0;0.0;0.0;0.0;0.0;0.0;1;0.04721659636178738;0
177253;2015;2;627.91;125.58;0.0;0.0;0.0;0.0;0.0;0.0;0.0;0.0;60.02;0.0;0.0;237.4;0.0;0.0;0.0;0.0;0.0;0.0;0.0;0.0;0.0;0.0;0.0;0.0;0.0;0.0;0.0;0.0;1;0.14187082439861115;0
602518;2015;2;627.91;94.19;3177.93;0.0;0.0;0.0;0.0;0.0;0.0;0.0;91.41;0.0;0.0;237.4;0.0;0.0;0.0;0.0;0.0;0.0;0.0;0.0;0.0;0.0;0.0;0.0;0.0;0.0;0.0;0.0;1;0.1361766448794403;0
177253;2015;3;627.91;125.58;0.0;0.0;0.0;0.0;0.0;271.17;0.0;0.0;60.02;0.0;0.0;0.0;0.0;0.0;0.0;0.0;0.0;0.0;0.0;0.0;0.0;0.0;0.0;0.0;0.0;0.0;0.0;0.0;1;0.09676539609619389;0
602518;2015;3;627.91;94.19;3177.93;0.0;0.0;0.0;0.0;0.0;0.0;0.0;91.41;0.0;0.0;237.4;0.0;0.0;0.0;0.0;0.0;0.0;0.0;0.0;0.0;0.0;0.0;0.0;0.0;0.0;0.0;0.0;1;0.1361766448794403;0
177253;2015;4;627.91;125.58;0.0;0.0;0.0;0.0;0.0;271.17;0.0;0.0;60.02;0.0;0.0;0.0;0.0;0.0;0.0;0.0;0.0;0.0;0.0;0.0;0.0;0.0;0.0;0.0;0.0;0.0;0.0;0.0;1;0.09676539609619389;0
602518;2015;4;627.91;94.19;1377.1;0.0;0.0;0.0;0.0;0.0;0.0;0.0;91.41;0.0;0.0;237.4;0.0;0.0;0.0;0.0;0.0;0.0;0.0;0.0;0.0;0.0;0.0;0.0;0.0;0.0;0.0;0.0;1;0.14331727531694022;0
177253;2015;5;627.91;125.58;0.0;0.0;0.0;0.0;0.0;0.0;0.0;0.0;60.02;0.0;0.0;249.27;0.0;0.0;0.0;0.0;0.0;0.0;0.0;0.0;0.0;0.0;0.0;0.0;0.0;0.0;0.0;0.0;1;0.14060968886314262;0
602518;2015;5;627.91;94.19;2009.28;0.0;0.0;0.0;0.0;0.0;0.0;0.0;91.41;0.0;0.0;249.27;0.0;0.0;0.0;0.0;0.0;0.0;0.0;0.0;0.0;0.0;0.0;0.0;0.0;0.0;0.0;0.0;1;0.14277579137878826;0
177253;2015;6;627.91;125.58;0.0;0.0;0.0;0.0;0.0;0.0;0.0;0.0;60.02;0.0;0.0;273.01;0.0;0.0;0.0;0.0;0.0;0.0;0.0;0.0;0.0;0.0;0.0;0.0;0.0;0.0;0.0;0.0;1;0.13715387208622987;0
602518;2015;6;627.91;94.19;2224.56;0.0;0.0;0.0;0.0;0.0;0.0;0.0;91.41;0.0;0.0;273.01;0.0;0.0;0.0;0.0;0.0;0.0;0.0;0.0;0.0;0.0;0.0;0.0;0.0;0.0;0.0;0.0;1;0.14032035383511554;0
177253;2015;7;627.91;125.58;0.0;0.0;0.0;0.0;0.0;0.0;0.0;0.0;60.01;0.0;0.0;249.27;0.0;0.0;0.0;0.0;0.0;0.0;0.0;0.0;0.0;0.0;0.0;0.0;0.0;0.0;0.0;0.0;1;0.13950483020746018;0
602518;2015;7;627.91;94.19;2224.56;0.0;0.0;0.0;0.0;0.0;0.0;0.0;91.41;0.0;0.0;249.27;0.0;0.0;0.0;0.0;0.0;0.0;0.0;0.0;0.0;0.0;0.0;0.0;0.0;0.0;0.0;0.0;1;0.14366961095496528;0
177253;2015;8;627.91;125.58;0.0;0.0;0.0;0.0;0.0;0.0;0.0;0.0;60.01;0.0;0.0;249.27;0.0;0.0;0.0;0.0;0.0;0.0;0.0;0.0;0.0;0.0;0.0;0.0;0.0;0.0;0.0;0.0;1;0.13950483020746018;0
602518;2015;8;627.91;94.19;2224.56;0.0;0.0;0.0;0.0;0.0;0.0;0.0;91.41;0.0;0.0;249.27;0.0;0.0;0.0;0.0;0.0;0.0;0.0;0.0;0.0;0.0;0.0;0.0;0.0;0.0;0.0;0.0;1;0.14366961095496528;0
177253;2015;9;627.91;125.58;0.0;0.0;0.0;0.0;0.0;0.0;0.0;0.0;60.01;0.0;0.0;237.4;0.0;0.0;0.0;0.0;0.0;0.0;0.0;0.0;0.0;0.0;0.0;0.0;0.0;0.0;0.0;0.0;1;0.14016581345722584;0
602518;2015;9;627.91;94.19;2224.56;0.0;0.0;0.0;0.0;0.0;0.0;0.0;91.41;0.0;0.0;237.4;0.0;0.0;0.0;0.0;0.0;0.0;0.0;0.0;0.0;0.0;0.0;0.0;0.0;0.0;0.0;0.0;1;0.14477217705781437;0
177253;2015;10;627.91;125.58;0.0;0.0;0.0;0.0;0.0;0.0;0.0;0.0;60.02;0.0;0.0;237.4;0.0;0.0;0.0;0.0;0.0;0.0;0.0;0.0;0.0;0.0;0.0;0.0;0.0;0.0;0.0;0.0;1;0.14187082439861115;0
602518;2015;10;627.91;94.19;2224.56;0.0;0.0;0.0;0.0;0.0;0.0;0.0;91.41;0.0;0.0;237.4;0.0;0.0;0.0;0.0;0.0;0.0;0.0;0.0;0.0;0.0;0.0;0.0;0.0;0.0;0.0;0.0;1;0.14477217705781437;0
177253;2015;11;627.91;125.58;0.0;0.0;0.0;0.0;0.0;0.0;0.0;0.0;60.02;0.0;0.0;261.14;0.0;0.0;0.0;0.0;0.0;0.0;0.0;0.0;0.0;0.0;0.0;0.0;0.0;0.0;0.0;0.0;1;0.13874527264672337;0
602518;2015;11;627.91;94.19;2224.56;0.0;0.0;0.0;0.0;0.0;0.0;0.0;91.41;0.0;0.0;261.14;0.0;0.0;0.0;0.0;0.0;0.0;0.0;0.0;0.0;0.0;0.0;0.0;0.0;0.0;0.0;0.0;1;0.14220215758016902;0
177253;2015;12;627.91;125.58;0.0;0.0;0.0;0.0;0.0;0.0;0.0;0.0;60.02;0.0;0.0;237.4;0.0;0.0;0.0;0.0;0.0;0.0;0.0;0.0;0.0;0.0;0.0;0.0;0.0;0.0;0.0;0.0;1;0.14187082439861115;0
602518;2015;12;627.91;94.19;2224.56;0.0;0.0;0.0;0.0;1012.69;0.0;0.0;91.41;0.0;0.0;0.0;0.0;0.0;0.0;0.0;0.0;0.0;0.0;0.0;0.0;0.0;0.0;0.0;0.0;0.0;0.0;0.0;1;0.0809939836178416;0
177253;2016;1;627.91;125.58;0.0;0.0;0.0;0.0;0.0;0.0;0.0;0.0;126.51;0.0;0.0;213.66;0.0;0.0;0.0;0.0;0.0;0.0;0.0;0.0;0.0;0.0;0.0;0.0;0.0;0.0;0.0;0.0;1;0.13526334435301052;0
602518;2016;1;627.91;94.19;2224.56;0.0;0.0;0.0;0.0;0.0;0.0;0.0;157.9;0.0;0.0;213.66;0.0;0.0;0.0;0.0;0.0;0.0;0.0;0.0;0.0;0.0;0.0;0.0;0.0;0.0;0.0;0.0;1;0.14808094524816867;0
177253;2016;2;627.91;125.58;0.0;0.0;0.0;0.0;0.0;0.0;0.0;0.0;126.51;0.0;0.0;261.14;0.0;0.0;0.0;0.0;0.0;0.0;0.0;0.0;0.0;0.0;0.0;0.0;0.0;0.0;0.0;0.0;1;0.1342820632329801;0
602518;2016;2;627.91;94.19;2224.56;0.0;0.0;0.0;0.0;0.0;0.0;0.0;157.9;0.0;0.0;261.14;0.0;0.0;0.0;0.0;0.0;0.0;0.0;0.0;0.0;0.0;0.0;0.0;0.0;0.0;0.0;0.0;1;0.14837927773138138;0
177253;2016;3;627.91;125.58;0.0;0.0;0.0;0.0;0.0;300.1;0.0;0.0;146.82;40.62;0.0;0.0;0.0;0.0;0.0;0.0;0.0;0.0;0.0;0.0;0.0;0.0;0.0;0.0;0.0;0.0;0.0;0.0;1;0.06713732661353522;0
602518;2016;3;627.91;94.19;2224.56;0.0;0.0;0.0;0.0;0.0;0.0;0.0;178.21;40.62;0.0;237.4;0.0;0.0;0.0;0.0;0.0;0.0;0.0;0.0;0.0;0.0;0.0;0.0;0.0;0.0;0.0;0.0;1;0.09988787471776644;0
177253;2016;4;627.91;125.58;0.0;0.0;0.0;0.0;0.0;0.0;0.0;0.0;146.82;0.0;0.0;249.27;0.0;0.0;0.0;0.0;0.0;0.0;0.0;0.0;0.0;0.0;0.0;0.0;0.0;0.0;0.0;0.0;1;0.15095537284809124;0
602518;2016;4;627.91;94.19;2224.56;0.0;0.0;0.0;0.0;0.0;0.0;0.0;178.21;0.0;0.0;249.27;0.0;0.0;0.0;0.0;0.0;0.0;0.0;0.0;0.0;0.0;0.0;0.0;0.0;0.0;0.0;0.0;1;0.15044386936412846;0
177253;2016;5;627.91;125.58;0.0;0.0;0.0;0.0;0.0;0.0;0.0;0.0;146.82;0.0;0.0;261.14;0.0;0.0;0.0;0.0;0.0;0.0;0.0;0.0;0.0;0.0;0.0;0.0;0.0;0.0;0.0;0.0;1;0.15104899638329844;0
602518;2016;5;627.91;94.19;2224.56;0.0;0.0;0.0;0.0;0.0;0.0;0.0;178.21;0.0;0.0;261.14;0.0;0.0;0.0;0.0;0.0;0.0;0.0;0.0;0.0;0.0;0.0;0.0;0.0;0.0;0.0;0.0;1;0.1500356146841561;0
177253;2016;6;627.91;125.58;0.0;0.0;0.0;0.0;0.0;0.0;0.0;0.0;146.82;0.0;0.0;249.27;0.0;0.0;0.0;0.0;0.0;0.0;0.0;0.0;0.0;0.0;0.0;0.0;0.0;0.0;0.0;0.0;1;0.15095537284809124;0
602518;2016;6;627.91;94.19;2224.56;0.0;0.0;0.0;0.0;0.0;0.0;0.0;178.21;0.0;0.0;249.27;0.0;0.0;0.0;0.0;0.0;0.0;0.0;0.0;0.0;0.0;0.0;0.0;0.0;0.0;0.0;0.0;1;0.15044386936412846;0
177253;2016;7;627.91;125.58;0.0;0.0;0.0;0.0;0.0;0.0;0.0;0.0;146.82;0.0;0.0;261.14;0.0;0.0;0.0;0.0;0.0;0.0;0.0;0.0;0.0;0.0;0.0;0.0;0.0;0.0;0.0;0.0;1;0.15104899638329844;0
602518;2016;7;627.91;94.19;2224.56;0.0;0.0;0.0;0.0;0.0;0.0;0.0;178.21;0.0;0.0;261.14;0.0;0.0;0.0;0.0;0.0;0.0;0.0;0.0;0.0;0.0;0.0;0.0;0.0;0.0;0.0;0.0;1;0.1500356146841561;0
177253;2016;8;627.91;125.58;0.0;0.0;0.0;0.0;0.0;0.0;0.0;0.0;146.82;0.0;0.0;249.27;0.0;0.0;0.0;0.0;0.0;0.0;0.0;0.0;0.0;0.0;0.0;0.0;0.0;0.0;0.0;0.0;1;0.15095537284809124;0
602518;2016;8;627.91;94.19;2224.56;0.0;0.0;0.0;0.0;0.0;0.0;0.0;178.21;0.0;0.0;249.27;0.0;0.0;0.0;0.0;0.0;0.0;0.0;0.0;0.0;0.0;0.0;0.0;0.0;0.0;0.0;0.0;1;0.15044386936412846;0
177253;2016;9;627.91;125.58;0.0;0.0;0.0;0.0;0.0;0.0;0.0;0.0;146.82;0.0;0.0;225.53;0.0;0.0;0.0;0.0;0.0;0.0;0.0;0.0;0.0;0.0;0.0;0.0;0.0;0.0;0.0;0.0;1;0.15139948762322825;0
602518;2016;9;627.91;94.19;2224.56;0.0;0.0;0.0;0.0;1041.62;0.0;0.0;178.21;0.0;0.0;0.0;0.0;0.0;0.0;0.0;0.0;0.0;0.0;0.0;0.0;0.0;0.0;0.0;0.0;0.0;0.0;0.0;1;0.08657798023306584;0
177253;2016;10;627.91;125.58;0.0;0.0;0.0;0.0;0.0;0.0;0.0;0.0;146.82;0.0;0.0;237.4;0.0;0.0;0.0;0.0;0.0;0.0;0.0;0.0;0.0;0.0;0.0;0.0;0.0;0.0;0.0;0.0;1;0.15177923777103192;0
602518;2016;10;627.91;94.19;2224.56;0.0;0.0;0.0;0.0;0.0;0.0;0.0;178.21;0.0;0.0;237.4;0.0;0.0;0.0;0.0;0.0;0.0;0.0;0.0;0.0;0.0;0.0;0.0;0.0;0.0;0.0;0.0;1;0.1496322427096453;0
177253;2016;11;627.91;125.58;0.0;0.0;0.0;0.0;0.0;0.0;0.0;0.0;146.82;0.0;0.0;261.14;0.0;0.0;0.0;0.0;0.0;0.0;0.0;0.0;0.0;0.0;0.0;0.0;0.0;0.0;0.0;0.0;1;0.15104899638329844;0
602518;2016;11;627.91;94.19;2224.56;0.0;0.0;0.0;0.0;0.0;0.0;0.0;178.21;0.0;0.0;261.14;0.0;0.0;0.0;0.0;0.0;0.0;0.0;0.0;0.0;0.0;0.0;0.0;0.0;0.0;0.0;0.0;1;0.1500356146841561;0
177253;2016;12;627.91;125.58;0.0;0.0;0.0;0.0;0.0;0.0;0.0;0.0;146.82;0.0;0.0;261.14;0.0;0.0;0.0;0.0;0.0;0.0;0.0;0.0;0.0;0.0;0.0;0.0;0.0;0.0;0.0;0.0;1;0.15104899638329844;0
602518;2016;12;627.91;94.19;2224.56;0.0;0.0;0.0;0.0;0.0;0.0;0.0;178.21;0.0;0.0;261.14;0.0;0.0;0.0;0.0;0.0;0.0;0.0;0.0;0.0;0.0;0.0;0.0;0.0;0.0;0.0;0.0;1;0.1500356146841561;0
177253;2017;1;627.91;125.58;0.0;0.0;0.0;0.0;0.0;0.0;0.0;0.0;183.51;215.28;0.0;213.66;0.0;0.0;0.0;0.0;0.0;0.0;0.0;0.0;0.0;0.0;215.28;0.0;0.0;0.0;0.0;0.0;-1;-0.03862933598227519;1
602518;2017;1;627.91;94.19;2224.56;0.0;0.0;0.0;0.0;0.0;0.0;0.0;214.9;0.0;0.0;213.66;0.0;0.0;0.0;0.0;0.0;0.0;0.0;0.0;0.0;0.0;0.0;0.0;0.0;0.0;0.0;0.0;1;0.006510425052215718;0
177253;2017;2;627.91;125.58;0.0;0.0;0.0;0.0;0.0;0.0;0.0;0.0;183.51;0.0;0.0;261.14;0.0;0.0;0.0;0.0;0.0;0.0;0.0;0.0;0.0;0.0;215.28;0.0;0.0;0.0;0.0;0.0;1;0.007979646989538791;0
602518;2017;2;627.91;94.19;2224.56;0.0;0.0;0.0;0.0;0.0;0.0;0.0;214.9;0.0;0.0;261.14;0.0;0.0;0.0;0.0;0.0;0.0;0.0;0.0;0.0;0.0;0.0;0.0;0.0;0.0;0.0;0.0;-1;-0.010593327454708645;1
177253;2017;3;627.91;125.58;0.0;0.0;0.0;0.0;0.0;0.0;0.0;0.0;183.51;0.0;0.0;213.66;0.0;0.0;0.0;0.0;0.0;0.0;0.0;0.0;0.0;0.0;215.28;0.0;0.0;0.0;0.0;0.0;1;0.01696756523564863;0
602518;2017;3;627.91;94.19;2224.56;0.0;0.0;0.0;0.0;0.0;0.0;0.0;214.9;0.0;0.0;213.66;0.0;0.0;0.0;0.0;0.0;0.0;0.0;0.0;0.0;0.0;0.0;0.0;0.0;0.0;0.0;0.0;1;0.006510425052215718;0
177253;2017;4;640.47;128.09;0.0;0.0;0.0;0.0;0.0;0.0;0.0;0.0;188.38;59.82;0.0;266.42;0.0;0.0;0.0;0.0;0.0;0.0;0.0;0.0;18.99;12.36;219.59;30.14;0.0;15.07;0.0;0.0;-1;-0.08041831834276497;1
602518;2017;4;640.47;96.07;2269.05;0.0;0.0;0.0;0.0;0.0;0.0;0.0;220.4;59.82;0.0;266.42;0.0;0.0;0.0;0.0;0.0;0.0;0.0;0.0;18.99;10.17;0.0;28.88;133.47;14.44;0.0;0.0;-1;-0.12636116818062365;1
177253;2017;5;640.47;128.09;0.0;0.0;0.0;0.0;0.0;0.0;0.0;0.0;188.38;0.0;0.0;254.31;0.0;0.0;0.0;0.0;0.0;0.0;0.0;0.0;0.0;11.77;219.59;0.0;0.0;0.0;0.0;0.0;1;0.08383871549858435;0
602518;2017;5;640.47;96.07;2269.05;0.0;0.0;0.0;0.0;0.0;0.0;0.0;220.4;0.0;0.0;254.31;0.0;0.0;0.0;0.0;0.0;0.0;0.0;0.0;0.0;9.57;0.0;0.0;0.0;0.0;0.0;0.0;1;0.08537345137399444;0
177253;2017;6;640.47;128.09;0.0;0.0;0.0;0.0;0.0;0.0;0.0;0.0;188.38;0.0;0.0;254.31;0.0;0.0;0.0;0.0;0.0;0.0;0.0;0.0;0.0;11.77;219.59;0.0;0.0;0.0;0.0;0.0;1;0.08383871549858435;0
602518;2017;6;640.47;96.07;2269.05;0.0;0.0;0.0;0.0;0.0;0.0;0.0;220.4;0.0;0.0;254.31;0.0;0.0;0.0;0.0;0.0;0.0;0.0;0.0;0.0;9.57;0.0;0.0;0.0;0.0;0.0;0.0;1;0.08537345137399444;0
177253;2017;7;640.47;128.09;0.0;0.0;0.0;0.0;0.0;0.0;0.0;0.0;188.38;0.0;0.0;266.42;0.0;0.0;0.0;0.0;0.0;0.0;0.0;0.0;0.0;11.77;219.59;0.0;0.0;0.0;0.0;0.0;1;0.07881228519425831;0
602518;2017;7;640.47;96.07;2269.05;0.0;0.0;0.0;0.0;0.0;0.0;0.0;220.4;0.0;0.0;266.42;0.0;0.0;0.0;0.0;0.0;0.0;0.0;0.0;0.0;9.57;0.0;0.0;0.0;0.0;0.0;0.0;1;0.08069142231518067;0
177253;2017;8;640.47;128.09;0.0;0.0;0.0;0.0;0.0;0.0;0.0;0.0;188.38;0.0;0.0;242.2;0.0;0.0;0.0;0.0;0.0;0.0;0.0;0.0;0.0;11.77;219.59;0.0;0.0;0.0;0.0;0.0;1;0.07908995305261624;0
602518;2017;8;640.47;96.07;2269.05;0.0;0.0;0.0;0.0;1075.33;0.0;0.0;220.4;0.0;0.0;0.0;0.0;0.0;0.0;0.0;0.0;0.0;0.0;0.0;0.0;9.57;0.0;0.0;0.0;0.0;0.0;0.0;1;0.004292668536563848;0
177253;2017;9;640.47;128.09;0.0;0.0;0.0;0.0;0.0;392.18;0.0;0.0;188.38;0.0;0.0;0.0;0.0;0.0;0.0;0.0;0.0;0.0;0.0;0.0;0.0;11.77;219.59;0.0;0.0;0.0;0.0;0.0;1;0.04118742003636072;0
602518;2017;9;640.47;96.07;2269.05;0.0;0.0;0.0;0.0;0.0;0.0;0.0;220.4;0.0;0.0;254.31;0.0;0.0;0.0;0.0;0.0;0.0;0.0;0.0;0.0;9.57;0.0;0.0;0.0;0.0;0.0;0.0;1;0.08537345137399444;0
177253;2017;10;640.47;128.09;0.0;0.0;0.0;0.0;0.0;392.18;0.0;0.0;188.38;0.0;0.0;0.0;0.0;0.0;0.0;0.0;0.0;0.0;0.0;0.0;0.0;11.77;219.59;0.0;0.0;0.0;0.0;0.0;1;0.04118742003636072;0
602518;2017;10;640.47;96.07;2269.05;0.0;0.0;0.0;0.0;0.0;0.0;0.0;220.4;0.0;0.0;242.2;0.0;0.0;0.0;0.0;0.0;0.0;0.0;0.0;0.0;9.57;0.0;0.0;0.0;0.0;0.0;0.0;1;0.08163599653922926;0
177253;2017;11;640.47;128.09;0.0;0.0;0.0;0.0;0.0;0.0;0.0;0.0;188.38;0.0;0.0;0.0;0.0;0.0;0.0;0.0;0.0;0.0;0.0;0.0;0.0;11.77;219.59;0.0;0.0;0.0;0.0;0.0;1;0.06578912016610117;0
602518;2017;11;640.47;96.07;2269.05;0.0;0.0;0.0;0.0;0.0;0.0;0.0;220.4;0.0;0.0;242.2;0.0;0.0;0.0;0.0;0.0;0.0;0.0;0.0;0.0;9.57;0.0;0.0;0.0;0.0;0.0;0.0;1;0.08163599653922926;0
177253;2017;12;640.47;128.09;0.0;0.0;0.0;0.0;0.0;0.0;0.0;0.0;188.38;0.0;0.0;0.0;0.0;0.0;0.0;0.0;0.0;0.0;0.0;0.0;0.0;11.77;219.59;0.0;0.0;0.0;0.0;0.0;1;0.06578912016610117;0
602518;2017;12;640.47;96.07;2269.05;0.0;0.0;0.0;0.0;0.0;0.0;0.0;220.4;0.0;0.0;266.42;0.0;0.0;0.0;0.0;0.0;0.0;0.0;0.0;0.0;9.57;0.0;0.0;0.0;0.0;0.0;0.0;1;0.08069142231518067;0
177253;2018;1;640.47;128.09;0.0;0.0;0.0;0.0;0.0;0.0;0.0;0.0;188.38;0.0;0.0;0.0;0.0;0.0;0.0;0.0;0.0;0.0;0.0;0.0;0.0;23.53;219.59;0.0;0.0;0.0;11.77;0.0;-1;-0.0419305105281495;1
602518;2018;1;640.47;96.07;2269.05;0.0;0.0;0.0;0.0;0.0;0.0;0.0;220.4;0.0;0.0;205.87;0.0;0.0;0.0;0.0;0.0;0.0;0.0;0.0;0.0;19.14;0.0;0.0;0.0;0.0;9.57;0.0;-1;-0.013653734658784611;1
177253;2018;2;640.47;128.09;0.0;0.0;0.0;0.0;0.0;0.0;0.0;0.0;188.38;0.0;0.0;242.2;0.0;0.0;0.0;0.0;0.0;0.0;0.0;0.0;0.0;23.53;219.59;0.0;0.0;0.0;0.0;0.0;1;0.03883602374714035;0
602518;2018;2;640.47;96.07;2269.05;0.0;0.0;0.0;0.0;0.0;0.0;0.0;220.4;0.0;0.0;242.2;0.0;0.0;0.0;0.0;0.0;0.0;0.0;0.0;0.0;19.14;0.0;0.0;0.0;0.0;0.0;0.0;1;0.04001140513389112;0
177253;2018;3;659.68;131.94;0.0;0.0;0.0;0.0;0.0;0.0;0.0;0.0;194.03;0.0;0.0;315.0;0.0;0.0;0.0;520.73;0.0;0.0;0.0;0.0;0.0;24.24;226.18;0.0;0.0;0.0;0.0;0.0;1;0.013374747247541341;0
602518;2018;3;659.68;98.95;2337.12;0.0;0.0;0.0;0.0;0.0;0.0;0.0;227.02;0.0;0.0;315.0;0.0;0.0;0.0;0.0;0.0;0.0;0.0;0.0;0.0;19.71;0.0;0.0;0.0;0.0;0.0;0.0;1;0.10919816445149055;0
177253;2018;4;659.68;131.94;0.0;0.0;0.0;0.0;0.0;0.0;0.0;0.0;194.03;0.0;0.0;315.0;0.0;0.0;0.0;0.0;0.0;0.0;0.0;0.0;0.0;24.24;226.18;0.0;0.0;0.0;0.0;0.0;1;0.09825204992050196;0
602518;2018;4;659.68;98.95;2337.12;0.0;0.0;0.0;0.0;0.0;0.0;0.0;227.02;0.0;0.0;315.0;0.0;0.0;0.0;0.0;0.0;0.0;0.0;0.0;0.0;19.71;0.0;0.0;0.0;0.0;0.0;0.0;1;0.10919816445149055;0
177253;2018;5;659.68;131.94;0.0;0.0;0.0;0.0;0.0;0.0;0.0;0.0;194.03;0.0;0.0;315.0;0.0;0.0;0.0;0.0;0.0;0.0;0.0;0.0;0.0;24.24;226.18;0.0;0.0;0.0;0.0;0.0;1;0.09825204992050196;0
602518;2018;5;659.68;98.95;2337.12;0.0;0.0;0.0;0.0;0.0;0.0;0.0;227.02;0.0;0.0;315.0;0.0;0.0;0.0;0.0;0.0;0.0;0.0;0.0;0.0;19.71;0.0;0.0;0.0;0.0;0.0;0.0;1;0.10919816445149055;0
177253;2018;6;659.68;131.94;0.0;0.0;0.0;0.0;0.0;0.0;0.0;0.0;194.03;0.0;0.0;330.0;0.0;0.0;0.0;0.0;0.0;0.0;0.0;0.0;0.0;24.24;226.18;0.0;0.0;0.0;0.0;0.0;1;0.09295677273462855;0
602518;2018;6;659.68;98.95;2337.12;0.0;0.0;0.0;0.0;0.0;0.0;0.0;227.02;0.0;0.0;330.0;0.0;0.0;0.0;0.0;0.0;0.0;0.0;0.0;0.0;19.71;0.0;0.0;0.0;0.0;0.0;0.0;1;0.1054194291434985;0
177253;2018;7;659.68;131.94;0.0;0.0;0.0;0.0;0.0;0.0;0.0;0.0;194.03;0.0;0.0;330.0;0.0;0.0;0.0;0.0;0.0;157.54;1425.49;0.0;0.0;0.0;226.18;0.0;0.0;0.0;0.0;0.0;-1;-0.02386484400049821;1
602518;2018;7;659.68;98.95;2337.12;0.0;0.0;0.0;0.0;0.0;0.0;0.0;227.02;0.0;0.0;330.0;0.0;0.0;0.0;0.0;0.0;0.0;0.0;0.0;0.0;19.71;0.0;0.0;0.0;0.0;0.0;0.0;1;0.1054194291434985;0
177253;2018;8;659.68;131.94;0.0;0.0;0.0;0.0;0.0;0.0;0.0;0.0;194.03;0.0;0.0;285.0;0.0;0.0;0.0;0.0;0.0;157.54;0.0;0.0;0.0;0.0;226.18;0.0;0.0;0.0;0.0;0.0;1;0.059432989043476436;0
602518;2018;8;659.68;98.95;2337.12;0.0;0.0;0.0;0.0;0.0;0.0;0.0;227.02;0.0;0.0;285.0;0.0;0.0;0.0;0.0;0.0;0.0;0.0;0.0;0.0;19.71;0.0;0.0;0.0;0.0;0.0;0.0;1;0.10225311840809664;0
177253;2018;9;659.68;131.94;0.0;0.0;0.0;0.0;0.0;0.0;0.0;0.0;194.03;0.0;0.0;330.0;0.0;0.0;0.0;0.0;0.0;157.54;0.0;0.0;0.0;0.0;226.18;0.0;0.0;0.0;0.0;0.0;1;0.06350031721585059;0
602518;2018;9;659.68;98.95;2337.12;0.0;0.0;0.0;0.0;0.0;0.0;0.0;227.02;0.0;0.0;330.0;0.0;0.0;0.0;0.0;0.0;0.0;0.0;0.0;0.0;19.71;0.0;0.0;0.0;0.0;0.0;0.0;1;0.1054194291434985;0
177253;2018;10;659.68;131.94;0.0;0.0;0.0;0.0;0.0;403.94;0.0;0.0;194.03;0.0;0.0;0.0;0.0;0.0;0.0;0.0;0.0;157.54;0.0;0.0;0.0;0.0;226.18;0.0;0.0;0.0;0.0;0.0;-1;-0.0004769631707293165;1
602518;2018;10;659.68;98.95;2337.12;0.0;0.0;0.0;0.0;0.0;0.0;0.0;227.02;0.0;0.0;300.0;0.0;0.0;0.0;0.0;0.0;0.0;0.0;0.0;0.0;19.71;0.0;0.0;0.0;0.0;0.0;0.0;1;0.10914895997481078;0
177253;2018;11;659.68;131.94;0.0;0.0;0.0;0.0;0.0;0.0;0.0;0.0;194.03;0.0;0.0;300.0;0.0;0.0;0.0;0.0;0.0;157.54;0.0;0.0;0.0;0.0;226.18;0.0;0.0;0.0;0.0;0.0;1;0.06214742829950326;0
602518;2018;11;659.68;98.95;2337.12;0.0;0.0;0.0;0.0;0.0;0.0;0.0;227.02;0.0;0.0;300.0;0.0;0.0;0.0;0.0;0.0;0.0;0.0;0.0;0.0;19.71;0.0;0.0;0.0;0.0;0.0;0.0;1;0.10914895997481078;0
177253;2018;12;659.68;131.94;0.0;0.0;0.0;0.0;0.0;0.0;0.0;0.0;194.03;0.0;0.0;330.0;0.0;0.0;0.0;0.0;0.0;157.54;0.0;0.0;0.0;0.0;226.18;0.0;0.0;0.0;0.0;0.0;1;0.06350031721585059;0
602518;2018;12;659.68;98.95;2337.12;0.0;0.0;0.0;0.0;1107.59;0.0;0.0;227.02;0.0;0.0;0.0;0.0;0.0;0.0;0.0;0.0;0.0;0.0;0.0;0.0;19.71;0.0;0.0;0.0;0.0;0.0;0.0;1;0.02945054044774853;0
177253;2019;1;659.68;131.94;0.0;0.0;0.0;0.0;0.0;0.0;0.0;0.0;206.38;0.0;0.0;300.0;0.0;0.0;0.0;0.0;0.0;171.39;0.0;0.0;0.0;0.0;226.18;0.0;0.0;0.0;0.0;0.0;1;0.062256519310278646;0
602518;2019;1;659.68;98.95;0.0;0.0;0.0;0.0;0.0;0.0;0.0;0.0;239.37;0.0;0.0;300.0;0.0;0.0;0.0;0.0;0.0;0.0;0.0;0.0;0.0;19.96;0.0;0.0;0.0;0.0;0.0;0.0;1;0.046402118764991895;0
177253;2019;2;659.68;131.94;0.0;0.0;0.0;0.0;0.0;0.0;138.53;0.0;67.85;0.0;0.0;240.0;0.0;0.0;0.0;0.0;0.0;157.53;0.0;0.0;0.0;0.0;265.76;0.0;0.0;0.0;0.0;0.0;-1;-0.08683427250566617;1
602518;2019;2;659.68;98.95;0.0;0.0;0.0;0.0;0.0;0.0;0.0;0.0;239.37;0.0;0.0;240.0;0.0;0.0;0.0;0.0;0.0;0.0;0.0;0.0;0.0;29.94;0.0;0.0;0.0;0.0;9.98;0.0;-1;-0.033275270058006956;1
177253;2019;3;659.68;131.94;0.0;0.0;0.0;0.0;0.0;0.0;0.0;0.0;206.38;0.0;0.0;315.0;0.0;0.0;0.0;0.0;0.0;171.39;0.0;0.0;0.0;0.0;226.18;0.0;0.0;0.0;0.0;0.0;1;0.06222259982911832;0
602518;2019;3;659.68;98.95;1635.93;0.0;0.0;0.0;0.0;0.0;0.0;0.0;239.37;0.0;642.69;315.0;0.0;0.0;0.0;0.0;0.0;0.0;0.0;0.0;0.0;29.94;0.0;0.0;0.0;0.0;0.0;0.0;1;0.004450630707581615;0
177253;2019;4;659.68;131.94;920.18;0.0;0.0;0.0;0.0;0.0;0.0;0.0;206.38;0.0;0.0;330.0;0.0;0.0;0.0;0.0;0.0;171.39;0.0;0.0;0.0;0.0;226.18;0.0;0.0;0.0;0.0;0.0;1;0.08860846580629766;0
602518;2019;4;659.68;98.95;1635.93;0.0;0.0;0.0;0.0;0.0;0.0;0.0;239.37;0.0;0.0;330.0;0.0;0.0;0.0;0.0;0.0;0.0;0.0;0.0;0.0;29.94;0.0;0.0;0.0;0.0;0.0;0.0;1;0.0910296848025402;0
177253;2019;5;659.68;131.94;920.18;0.0;0.0;0.0;0.0;0.0;0.0;0.0;206.38;0.0;0.0;285.0;0.0;0.0;0.0;0.0;0.0;171.39;0.0;0.0;0.0;0.0;226.18;0.0;0.0;0.0;0.0;0.0;1;0.0857865352733882;0
602518;2019;5;659.68;98.95;1635.93;0.0;0.0;0.0;0.0;0.0;0.0;0.0;239.37;0.0;0.0;285.0;0.0;0.0;0.0;0.0;0.0;0.0;0.0;0.0;0.0;29.94;0.0;0.0;0.0;0.0;0.0;0.0;1;0.08799141420955314;0
177253;2019;6;659.68;131.94;920.18;0.0;0.0;0.0;0.0;0.0;0.0;0.0;206.38;0.0;0.0;345.0;0.0;0.0;0.0;0.0;0.0;171.39;0.0;0.0;0.0;0.0;226.18;0.0;0.0;0.0;0.0;0.0;1;0.07989327390075118;0
602518;2019;6;659.68;98.95;1635.93;0.0;0.0;0.0;0.0;0.0;0.0;0.0;239.37;0.0;0.0;345.0;0.0;0.0;0.0;0.0;0.0;0.0;0.0;0.0;0.0;29.94;0.0;0.0;0.0;0.0;0.0;0.0;1;0.08324831434030355;0
177253;2019;7;659.68;131.94;920.18;0.0;0.0;0.0;0.0;0.0;0.0;0.0;206.38;0.0;0.0;315.0;0.0;0.0;0.0;0.0;0.0;171.39;0.0;0.0;0.0;0.0;226.18;0.0;0.0;0.0;0.0;0.0;1;0.09384694869488613;0
602518;2019;7;659.68;98.95;1635.93;0.0;0.0;0.0;0.0;0.0;0.0;0.0;239.37;0.0;0.0;315.0;0.0;0.0;0.0;0.0;0.0;0.0;0.0;0.0;0.0;29.94;0.0;0.0;0.0;0.0;0.0;0.0;1;0.09452434818037586;0
177253;2019;8;659.68;131.94;920.18;0.0;0.0;0.0;0.0;0.0;0.0;0.0;206.38;0.0;0.0;315.0;0.0;0.0;0.0;0.0;0.0;171.39;0.0;0.0;0.0;0.0;226.18;0.0;0.0;0.0;0.0;0.0;1;0.09384694869488613;0
602518;2019;8;659.68;98.95;1635.93;0.0;0.0;0.0;0.0;0.0;0.0;0.0;239.37;0.0;0.0;315.0;0.0;0.0;0.0;0.0;0.0;0.0;0.0;0.0;0.0;29.94;0.0;0.0;0.0;0.0;0.0;0.0;1;0.09452434818037586;0
177253;2019;9;659.68;131.94;920.18;0.0;0.0;0.0;0.0;0.0;0.0;0.0;206.38;0.0;0.0;330.0;0.0;0.0;0.0;0.0;0.0;171.39;0.0;0.0;0.0;0.0;226.18;0.0;0.0;0.0;0.0;0.0;1;0.08860846580629766;0
602518;2019;9;659.68;98.95;1635.93;0.0;0.0;0.0;0.0;0.0;0.0;0.0;239.37;0.0;0.0;330.0;0.0;0.0;0.0;0.0;0.0;0.0;0.0;0.0;0.0;29.94;0.0;0.0;0.0;0.0;0.0;0.0;1;0.0910296848025402;0
177253;2019;10;659.68;131.94;920.18;0.0;0.0;0.0;0.0;0.0;0.0;0.0;206.38;0.0;0.0;300.0;0.0;0.0;0.0;0.0;0.0;171.39;0.0;0.0;0.0;0.0;226.18;0.0;0.0;0.0;0.0;0.0;1;0.08909130813055688;0
602518;2019;10;659.68;98.95;1635.93;0.0;0.0;0.0;0.0;0.0;0.0;0.0;239.37;0.0;0.0;300.0;0.0;0.0;0.0;0.0;0.0;0.0;0.0;0.0;0.0;29.94;0.0;0.0;0.0;0.0;0.0;0.0;1;0.09303594769286794;0
177253;2019;11;659.68;131.94;920.18;0.0;0.0;0.0;0.0;0.0;0.0;0.0;206.38;0.0;0.0;315.0;0.0;0.0;0.0;0.0;0.0;171.39;0.0;0.0;0.0;0.0;226.18;0.0;0.0;0.0;0.0;0.0;1;0.09384694869488613;0
602518;2019;11;659.68;98.95;1635.93;0.0;0.0;0.0;0.0;0.0;0.0;0.0;239.37;0.0;0.0;315.0;0.0;0.0;0.0;0.0;0.0;0.0;0.0;0.0;0.0;29.94;0.0;0.0;0.0;0.0;0.0;0.0;1;0.09452434818037586;0
177253;2019;12;659.68;131.94;920.18;0.0;0.0;0.0;0.0;714.79;0.0;0.0;206.38;0.0;0.0;0.0;0.0;0.0;0.0;0.0;0.0;171.39;0.0;0.0;0.0;0.0;226.18;0.0;0.0;0.0;0.0;0.0;1;0.008842628740947767;0
602518;2019;12;659.68;98.95;1635.93;0.0;0.0;0.0;0.0;877.98;0.0;0.0;239.37;0.0;0.0;0.0;0.0;0.0;0.0;0.0;0.0;0.0;0.0;0.0;0.0;29.94;0.0;0.0;0.0;0.0;0.0;0.0;-1;-0.00111945567937477;1
177253;2020;1;659.68;131.94;920.18;0.0;0.0;0.0;0.0;0.0;0.0;0.0;247.38;0.0;0.0;255.0;0.0;0.0;0.0;0.0;0.0;177.13;0.0;0.0;0.0;0.0;226.18;0.0;0.0;0.0;0.0;0.0;1;0.11570780711266027;0
602518;2020;1;659.68;98.95;1635.93;0.0;0.0;0.0;0.0;0.0;0.0;0.0;280.37;0.0;0.0;255.0;0.0;0.0;0.0;0.0;0.0;0.0;0.0;0.0;0.0;0.0;0.0;0.0;0.0;0.0;0.0;0.0;1;0.11965806305645932;0
177253;2020;2;659.68;131.94;920.18;0.0;0.0;0.0;0.0;0.0;0.0;0.0;253.38;0.0;0.0;300.0;0.0;0.0;0.0;0.0;0.0;177.97;0.0;0.0;0.0;0.0;226.18;0.0;0.0;0.0;0.0;0.0;1;0.13721767097816423;0
602518;2020;2;659.68;98.95;1635.93;0.0;0.0;0.0;0.0;0.0;0.0;0.0;286.37;0.0;0.0;300.0;0.0;0.0;0.0;0.0;0.0;0.0;0.0;0.0;0.0;0.0;0.0;0.0;0.0;0.0;0.0;0.0;1;0.1353751346349477;0
177253;2020;3;659.68;131.94;920.18;0.0;0.0;0.0;0.0;0.0;0.0;0.0;253.38;0.0;0.0;300.0;0.0;0.0;0.0;0.0;0.0;177.97;0.0;0.0;0.0;0.0;226.18;0.0;0.0;0.0;0.0;0.0;1;0.13721767097816423;0
602518;2020;3;659.68;98.95;1635.93;0.0;0.0;0.0;0.0;0.0;0.0;0.0;286.37;0.0;0.0;300.0;0.0;0.0;0.0;0.0;0.0;0.0;0.0;0.0;0.0;0.0;0.0;0.0;0.0;0.0;0.0;0.0;1;0.1353751346349477;0
177253;2020;4;659.68;131.94;920.18;0.0;0.0;0.0;0.0;0.0;0.0;0.0;253.38;0.0;0.0;300.0;0.0;0.0;0.0;0.0;0.0;177.97;0.0;0.0;0.0;0.0;226.18;0.0;0.0;0.0;0.0;0.0;1;0.13721767097816423;0
602518;2020;4;659.68;98.95;1635.93;0.0;0.0;0.0;0.0;0.0;0.0;0.0;286.37;0.0;0.0;300.0;0.0;0.0;0.0;0.0;0.0;0.0;0.0;0.0;0.0;0.0;0.0;0.0;0.0;0.0;0.0;0.0;1;0.1353751346349477;0
177253;2020;5;659.68;131.94;920.18;0.0;0.0;0.0;0.0;0.0;0.0;0.0;253.38;0.0;0.0;315.0;0.0;0.0;0.0;0.0;0.0;177.97;0.0;0.0;0.0;0.0;226.18;0.0;0.0;0.0;0.0;0.0;1;0.13511189523532408;0
602518;2020;5;659.68;98.95;1635.93;0.0;0.0;0.0;0.0;0.0;0.0;0.0;286.37;0.0;0.0;315.0;0.0;0.0;0.0;0.0;0.0;0.0;0.0;0.0;0.0;0.0;0.0;0.0;0.0;0.0;0.0;0.0;1;0.13147672889067807;0
177253;2020;6;659.68;131.94;920.18;0.0;0.0;0.0;0.0;0.0;0.0;0.0;253.38;0.0;0.0;345.0;0.0;0.0;0.0;0.0;0.0;177.97;0.0;0.0;0.0;0.0;226.18;0.0;0.0;0.0;0.0;0.0;1;0.12793771072676918;0
602518;2020;6;659.68;98.95;1635.93;0.0;0.0;0.0;0.0;0.0;0.0;0.0;286.37;0.0;0.0;345.0;0.0;0.0;0.0;0.0;0.0;0.0;0.0;0.0;0.0;0.0;0.0;0.0;0.0;0.0;0.0;0.0;1;0.12498755027443426;0
177253;2020;7;659.68;131.94;920.18;0.0;0.0;0.0;0.0;0.0;0.0;0.0;253.38;0.0;0.0;315.0;0.0;0.0;0.0;0.0;0.0;177.97;0.0;0.0;0.0;0.0;226.18;0.0;0.0;0.0;0.0;0.0;1;0.13511189523532408;0
602518;2020;7;659.68;98.95;1635.93;0.0;0.0;0.0;0.0;0.0;0.0;0.0;286.37;0.0;0.0;315.0;0.0;0.0;0.0;0.0;0.0;0.0;0.0;0.0;0.0;0.0;0.0;0.0;0.0;0.0;0.0;0.0;1;0.13147672889067807;0
177253;2020;8;659.68;131.94;920.18;0.0;0.0;0.0;0.0;0.0;0.0;0.0;253.38;0.0;0.0;315.0;0.0;0.0;0.0;0.0;0.0;177.97;0.0;0.0;0.0;0.0;226.18;0.0;0.0;0.0;0.0;0.0;1;0.13511189523532408;0
602518;2020;8;659.68;98.95;1635.93;0.0;0.0;0.0;0.0;0.0;0.0;0.0;286.37;0.0;0.0;0.0;0.0;0.0;0.0;0.0;0.0;0.0;0.0;0.0;0.0;0.0;0.0;0.0;0.0;0.0;0.0;893.64;1;0.03867753541095065;0
177253;2020;9;659.68;131.94;920.18;0.0;0.0;0.0;0.0;0.0;0.0;0.0;253.38;0.0;0.0;300.0;0.0;0.0;0.0;0.0;0.0;177.97;0.0;0.0;0.0;0.0;226.18;0.0;0.0;0.0;0.0;0.0;1;0.13721767097816423;0
602518;2020;9;659.68;98.95;1635.93;0.0;0.0;0.0;0.0;0.0;0.0;0.0;286.37;0.0;0.0;300.0;0.0;0.0;0.0;0.0;0.0;0.0;0.0;0.0;0.0;0.0;0.0;0.0;0.0;0.0;0.0;0.0;1;0.1353751346349477;0
177253;2020;10;659.68;131.94;920.18;0.0;0.0;0.0;0.0;0.0;0.0;0.0;253.38;0.0;0.0;300.0;0.0;0.0;0.0;0.0;0.0;177.97;0.0;0.0;0.0;0.0;226.18;0.0;0.0;0.0;0.0;0.0;1;0.13721767097816423;0
602518;2020;10;659.68;98.95;1635.93;0.0;0.0;0.0;0.0;0.0;0.0;0.0;286.37;0.0;0.0;300.0;0.0;0.0;0.0;0.0;0.0;0.0;0.0;0.0;0.0;0.0;0.0;0.0;0.0;0.0;0.0;0.0;1;0.1353751346349477;0
177253;2020;11;659.68;131.94;920.18;0.0;0.0;0.0;0.0;0.0;0.0;0.0;253.38;0.0;0.0;330.0;0.0;0.0;0.0;0.0;0.0;177.97;0.0;0.0;0.0;0.0;226.18;0.0;0.0;0.0;0.0;0.0;1;0.13150431149998193;0
602518;2020;11;659.68;98.95;1635.93;0.0;0.0;0.0;0.0;0.0;0.0;0.0;286.37;0.0;0.0;330.0;0.0;0.0;0.0;0.0;0.0;0.0;0.0;0.0;0.0;0.0;0.0;0.0;0.0;0.0;0.0;0.0;1;0.12768835301781295;0
177253;2020;12;659.68;131.94;920.18;0.0;0.0;0.0;0.0;0.0;0.0;0.0;253.38;0.0;0.0;0.0;0.0;0.0;0.0;0.0;0.0;177.97;0.0;0.0;0.0;0.0;226.18;0.0;0.0;0.0;0.0;730.45;1;0.05592389573661938;0
602518;2020;12;659.68;98.95;1635.93;0.0;0.0;0.0;0.0;0.0;0.0;0.0;286.37;0.0;0.0;300.0;0.0;0.0;0.0;0.0;0.0;0.0;0.0;0.0;0.0;0.0;0.0;0.0;0.0;0.0;0.0;0.0;1;0.1353751346349477;0
177253;2021;1;659.68;131.94;920.18;0.0;0.0;0.0;0.0;0.0;0.0;0.0;308.38;0.0;0.0;300.0;0.0;0.0;0.0;0.0;0.0;185.67;0.0;0.0;0.0;0.0;226.18;0.0;0.0;0.0;0.0;0.0;1;0.13620363059555268;0
602518;2021;1;659.68;98.95;1635.93;0.0;0.0;0.0;0.0;0.0;0.0;0.0;341.37;0.0;0.0;300.0;0.0;0.0;0.0;0.0;0.0;0.0;0.0;0.0;0.0;0.0;0.0;0.0;0.0;0.0;0.0;0.0;1;0.1341036797993551;0
177253;2021;2;659.68;131.94;920.18;0.0;0.0;0.0;0.0;0.0;0.0;0.0;308.38;0.0;0.0;315.0;0.0;0.0;0.0;0.0;0.0;185.67;0.0;0.0;0.0;0.0;226.18;0.0;0.0;0.0;0.0;0.0;1;0.13591705972196938;0
602518;2021;2;659.68;98.95;1635.93;0.0;0.0;0.0;0.0;0.0;0.0;0.0;341.37;0.0;0.0;315.0;0.0;0.0;0.0;0.0;0.0;0.0;0.0;0.0;0.0;0.0;0.0;0.0;0.0;0.0;0.0;0.0;1;0.13412002945148505;0
177253;2021;3;659.68;131.94;920.18;0.0;0.0;0.0;0.0;0.0;0.0;0.0;308.38;0.0;0.0;300.0;0.0;0.0;0.0;0.0;0.0;185.67;0.0;0.0;0.0;0.0;226.18;0.0;0.0;0.0;0.0;0.0;1;0.13620363059555268;0
602518;2021;3;659.68;98.95;1635.93;0.0;0.0;0.0;0.0;0.0;0.0;0.0;341.37;0.0;0.0;300.0;0.0;0.0;0.0;0.0;0.0;0.0;0.0;0.0;0.0;0.0;0.0;0.0;0.0;0.0;0.0;0.0;1;0.1341036797993551;0
177253;2021;4;659.68;131.94;920.18;0.0;0.0;0.0;0.0;0.0;0.0;0.0;308.38;0.0;0.0;315.0;0.0;0.0;0.0;0.0;0.0;185.67;0.0;0.0;0.0;0.0;226.18;0.0;0.0;0.0;0.0;0.0;1;0.13591705972196938;0
602518;2021;4;659.68;98.95;1635.93;0.0;0.0;0.0;0.0;0.0;0.0;0.0;341.37;0.0;0.0;315.0;0.0;0.0;0.0;0.0;0.0;0.0;0.0;0.0;0.0;0.0;0.0;0.0;0.0;0.0;0.0;0.0;1;0.13412002945148505;0
177253;2021;5;659.68;131.94;920.18;0.0;0.0;0.0;0.0;0.0;0.0;0.0;308.38;0.0;0.0;315.0;0.0;0.0;0.0;0.0;0.0;185.67;0.0;0.0;0.0;0.0;226.18;0.0;0.0;0.0;0.0;0.0;1;0.13591705972196938;0
602518;2021;5;659.68;98.95;1635.93;0.0;0.0;0.0;0.0;0.0;0.0;0.0;341.37;0.0;0.0;315.0;0.0;0.0;0.0;0.0;0.0;0.0;0.0;0.0;0.0;0.0;0.0;0.0;0.0;0.0;0.0;0.0;1;0.13412002945148505;0
177253;2021;6;659.68;131.94;920.18;0.0;0.0;0.0;0.0;0.0;0.0;0.0;308.38;0.0;0.0;330.0;0.0;0.0;0.0;0.0;0.0;185.67;0.0;0.0;0.0;0.0;226.18;0.0;0.0;0.0;0.0;0.0;1;0.13142773144590914;0
602518;2021;6;659.68;98.95;1635.93;0.0;0.0;0.0;0.0;0.0;0.0;0.0;341.37;0.0;0.0;330.0;0.0;0.0;0.0;0.0;0.0;0.0;0.0;0.0;0.0;0.0;0.0;0.0;0.0;0.0;0.0;0.0;1;0.128778370227146;0
177253;2021;7;659.68;131.94;920.18;0.0;0.0;0.0;0.0;0.0;0.0;0.0;308.38;0.0;0.0;330.0;0.0;0.0;0.0;0.0;0.0;185.67;0.0;0.0;0.0;0.0;226.18;0.0;0.0;0.0;0.0;0.0;1;0.13142773144590914;0
602518;2021;7;659.68;98.95;1635.93;0.0;0.0;0.0;0.0;0.0;0.0;0.0;341.37;0.0;0.0;330.0;0.0;0.0;0.0;0.0;0.0;0.0;0.0;0.0;0.0;0.0;0.0;0.0;0.0;0.0;0.0;0.0;1;0.128778370227146;0
177253;2021;8;659.68;131.94;920.18;0.0;0.0;0.0;0.0;0.0;0.0;0.0;308.38;0.0;0.0;315.0;0.0;0.0;0.0;0.0;0.0;185.67;0.0;0.0;0.0;0.0;226.18;0.0;0.0;0.0;0.0;0.0;1;0.13591705972196938;0
602518;2021;8;659.68;98.95;1635.93;0.0;0.0;0.0;0.0;0.0;0.0;0.0;341.37;0.0;0.0;0.0;0.0;0.0;0.0;0.0;0.0;0.0;0.0;0.0;0.0;0.0;0.0;0.0;0.0;0.0;0.0;911.98;1;0.036400002744926774;0
177253;2021;9;659.68;131.94;920.18;0.0;0.0;0.0;0.0;0.0;0.0;0.0;308.38;0.0;0.0;285.0;0.0;0.0;0.0;0.0;0.0;185.67;0.0;0.0;0.0;0.0;226.18;0.0;0.0;0.0;0.0;0.0;1;0.13383032588666394;0
602518;2021;9;659.68;98.95;1635.93;0.0;0.0;0.0;0.0;0.0;0.0;0.0;341.37;0.0;0.0;285.0;0.0;0.0;0.0;0.0;0.0;0.0;0.0;0.0;0.0;0.0;0.0;0.0;0.0;0.0;0.0;0.0;1;0.13135319306525323;0
177253;2021;10;659.68;131.94;920.18;0.0;0.0;0.0;0.0;0.0;0.0;0.0;308.38;0.0;0.0;300.0;0.0;0.0;0.0;0.0;0.0;185.67;0.0;0.0;0.0;0.0;226.18;0.0;0.0;0.0;0.0;0.0;1;0.13620363059555268;0
602518;2021;10;659.68;98.95;1635.93;0.0;0.0;0.0;0.0;0.0;0.0;0.0;341.37;0.0;0.0;300.0;0.0;0.0;0.0;0.0;0.0;0.0;0.0;0.0;0.0;0.0;0.0;0.0;0.0;0.0;0.0;0.0;1;0.1341036797993551;0
177253;2021;11;659.68;131.94;920.18;0.0;0.0;0.0;0.0;0.0;0.0;0.0;308.38;0.0;0.0;0.0;0.0;0.0;0.0;0.0;0.0;185.67;0.0;0.0;0.0;0.0;226.18;0.0;0.0;0.0;0.0;748.79;1;0.05429422144400514;0
602518;2021;11;659.68;98.95;1635.93;0.0;0.0;0.0;0.0;0.0;0.0;0.0;341.37;0.0;0.0;315.0;0.0;0.0;0.0;0.0;0.0;0.0;0.0;0.0;0.0;0.0;0.0;0.0;0.0;0.0;0.0;0.0;1;0.13412002945148505;0
177253;2021;12;659.68;131.94;920.18;0.0;0.0;0.0;0.0;0.0;0.0;0.0;308.38;0.0;0.0;315.0;0.0;0.0;0.0;0.0;0.0;185.67;0.0;0.0;0.0;0.0;226.18;0.0;0.0;0.0;0.0;0.0;1;0.13591705972196938;0
602518;2021;12;659.68;98.95;1635.93;0.0;0.0;0.0;0.0;0.0;0.0;0.0;341.37;0.0;0.0;315.0;0.0;0.0;0.0;0.0;0.0;0.0;0.0;0.0;0.0;0.0;0.0;0.0;0.0;0.0;0.0;0.0;1;0.13412002945148505;0
177253;2022;1;695.1;139.02;969.59;0.0;0.0;0.0;0.0;0.0;0.0;0.0;377.88;0.0;0.0;300.0;0.0;0.0;0.0;0.0;0.0;203.04;0.0;0.0;0.0;0.0;238.32;0.0;0.0;0.0;0.0;0.0;1;0.012032769705585089;0
602518;2022;1;695.1;104.27;1723.78;0.0;0.0;0.0;0.0;0.0;0.0;0.0;412.63;0.0;0.0;300.0;0.0;0.0;0.0;0.0;0.0;0.0;0.0;0.0;0.0;0.0;0.0;0.0;0.0;0.0;0.0;0.0;1;0.018532622681973643;0
177253;2022;2;1147.16;229.43;969.59;1684.48;0.0;0.0;0.0;0.0;0.0;0.0;0.0;0.0;0.0;330.0;0.0;1123.88;0.0;0.0;0.0;585.89;0.0;0.0;0.0;0.0;0.0;0.0;0.0;0.0;0.0;0.0;1;0.0537682780207312;0
602518;2022;2;1147.16;172.07;1723.78;1684.48;0.0;0.0;0.0;0.0;0.0;0.0;0.0;0.0;0.0;330.0;0.0;1123.88;0.0;0.0;0.0;0.0;0.0;0.0;0.0;0.0;0.0;0.0;0.0;0.0;0.0;0.0;1;0.06474946157211436;0
177253;2022;3;1147.16;229.43;969.59;0.0;0.0;0.0;0.0;0.0;0.0;0.0;0.0;0.0;0.0;270.0;0.0;1123.88;0.0;0.0;0.0;350.07;0.0;0.0;0.0;0.0;0.0;0.0;0.0;0.0;0.0;0.0;1;0.09428001190282403;0
602518;2022;3;1147.16;172.07;1723.78;0.0;0.0;0.0;344.15;0.0;0.0;0.0;0.0;0.0;0.0;270.0;172.07;1123.88;0.0;0.0;0.0;0.0;0.0;0.0;0.0;0.0;0.0;0.0;0.0;0.0;0.0;0.0;1;0.05414055644793869;0
177253;2022;4;1147.16;229.43;969.59;0.0;0.0;0.0;0.0;0.0;0.0;0.0;0.0;0.0;0.0;330.0;0.0;1123.88;0.0;0.0;0.0;350.07;0.0;0.0;0.0;0.0;0.0;0.0;0.0;0.0;0.0;0.0;1;0.09482224037122744;0
602518;2022;4;1147.16;172.07;1723.78;0.0;0.0;0.0;0.0;0.0;0.0;0.0;0.0;0.0;0.0;330.0;172.07;1123.88;0.0;0.0;0.0;0.0;0.0;0.0;0.0;0.0;0.0;0.0;0.0;0.0;0.0;0.0;1;0.09809957935396596;0
177253;2022;5;1205.63;241.13;1019.01;0.0;0.0;0.0;0.0;0.0;0.0;0.0;0.0;0.0;0.0;315.0;0.0;1181.16;0.0;0.0;0.0;367.91;0.0;0.0;0.0;0.0;0.0;0.0;0.0;0.0;0.0;0.0;1;0.0930525821238582;0
602518;2022;5;1205.63;180.84;1811.63;0.0;0.0;0.0;0.0;0.0;0.0;0.0;0.0;0.0;0.0;315.0;180.84;1181.16;0.0;0.0;0.0;0.0;0.0;0.0;0.0;0.0;0.0;0.0;0.0;0.0;0.0;0.0;1;0.09385003096552841;0
177253;2022;6;1205.63;241.13;1019.01;0.0;0.0;0.0;0.0;0.0;0.0;0.0;0.0;0.0;0.0;0.0;0.0;1181.16;0.0;0.0;0.0;367.91;0.0;0.0;0.0;0.0;0.0;0.0;0.0;0.0;0.0;1215.64;1;0.03251052978078456;0
602518;2022;6;1205.63;180.84;1811.63;0.0;0.0;0.0;0.0;0.0;0.0;0.0;0.0;0.0;0.0;315.0;180.84;1181.16;0.0;0.0;0.0;0.0;0.0;0.0;0.0;0.0;0.0;0.0;0.0;0.0;0.0;0.0;1;0.09385003096552841;0
177253;2022;7;1205.63;241.13;1019.01;0.0;0.0;0.0;0.0;0.0;0.0;0.0;0.0;0.0;0.0;330.0;0.0;1181.16;0.0;0.0;0.0;367.91;0.0;0.0;0.0;0.0;0.0;0.0;0.0;0.0;0.0;0.0;1;0.0916338673784754;0
602518;2022;7;1205.63;180.84;1811.63;0.0;0.0;0.0;0.0;0.0;0.0;0.0;0.0;0.0;0.0;330.0;180.84;1181.16;0.0;0.0;0.0;0.0;0.0;0.0;0.0;0.0;0.0;0.0;0.0;0.0;0.0;0.0;1;0.0927753050877202;0
177253;2022;8;1205.63;241.13;1019.01;0.0;0.0;0.0;0.0;0.0;0.0;0.0;0.0;0.0;0.0;315.0;0.0;1181.16;0.0;0.0;0.0;367.91;0.0;0.0;0.0;0.0;0.0;0.0;0.0;0.0;0.0;0.0;1;0.0930525821238582;0
602518;2022;8;1205.63;180.84;1811.63;0.0;0.0;0.0;0.0;0.0;0.0;0.0;0.0;0.0;0.0;0.0;180.84;1181.16;0.0;0.0;0.0;0.0;0.0;0.0;0.0;0.0;0.0;0.0;0.0;0.0;0.0;1520.03;1;0.01426736085901631;0
177253;2022;9;1205.63;241.13;1019.01;0.0;0.0;0.0;0.0;0.0;0.0;0.0;0.0;0.0;0.0;285.0;0.0;1181.16;0.0;0.0;0.0;367.91;0.0;0.0;0.0;0.0;0.0;0.0;0.0;0.0;0.0;0.0;1;0.09202925934973938;0
602518;2022;9;1205.63;180.84;1811.63;0.0;0.0;0.0;0.0;0.0;0.0;0.0;0.0;0.0;0.0;285.0;180.84;1181.16;0.0;0.0;0.0;0.0;0.0;0.0;0.0;0.0;0.0;0.0;0.0;0.0;0.0;0.0;1;0.09242785740212695;0
177253;2022;10;1205.63;241.13;1019.01;0.0;0.0;0.0;0.0;0.0;0.0;0.0;0.0;0.0;0.0;300.0;0.0;1181.16;0.0;0.0;0.0;367.91;0.0;0.0;0.0;0.0;0.0;0.0;0.0;0.0;0.0;0.0;1;0.09246287155898786;0
602518;2022;10;1205.63;180.84;1811.63;0.0;0.0;0.0;0.0;0.0;0.0;0.0;0.0;0.0;0.0;300.0;180.84;1181.16;0.0;0.0;0.0;0.0;0.0;0.0;0.0;0.0;0.0;0.0;0.0;0.0;0.0;0.0;1;0.09341663851573045;0
177253;2022;11;1205.63;241.13;1019.01;0.0;0.0;0.0;0.0;0.0;0.0;0.0;0.0;0.0;0.0;330.0;0.0;1181.16;0.0;0.0;0.0;367.91;0.0;0.0;0.0;0.0;0.0;0.0;0.0;0.0;0.0;0.0;1;0.0916338673784754;0
602518;2022;11;1205.63;180.84;1811.63;0.0;0.0;0.0;0.0;0.0;0.0;0.0;0.0;0.0;0.0;330.0;180.84;1181.16;0.0;0.0;0.0;0.0;0.0;0.0;0.0;0.0;0.0;0.0;0.0;0.0;0.0;0.0;1;0.0927753050877202;0
177253;2022;12;1205.63;241.13;1019.01;0.0;0.0;0.0;0.0;0.0;0.0;0.0;0.0;0.0;0.0;330.0;0.0;1181.16;0.0;0.0;0.0;367.91;0.0;0.0;0.0;0.0;0.0;0.0;0.0;0.0;0.0;0.0;1;0.0916338673784754;0
602518;2022;12;1205.63;180.84;1811.63;0.0;0.0;0.0;0.0;0.0;0.0;0.0;0.0;0.0;0.0;330.0;180.84;1181.16;0.0;0.0;0.0;0.0;0.0;0.0;0.0;0.0;0.0;0.0;0.0;0.0;0.0;0.0;1;0.0927753050877202;0
177253;2023;1;1205.63;241.13;0.0;0.0;0.0;0.0;0.0;0.0;0.0;0.0;0.0;0.0;0.0;255.0;0.0;1181.16;0.0;0.0;0.0;367.91;0.0;0.0;0.0;0.0;0.0;0.0;0.0;0.0;0.0;0.0;1;0.06671519374915019;0
602518;2023;1;1205.63;180.84;0.0;0.0;0.0;0.0;0.0;0.0;0.0;0.0;0.0;0.0;0.0;255.0;180.84;1181.16;0.0;0.0;0.0;0.0;0.0;0.0;0.0;0.0;0.0;0.0;0.0;0.0;0.0;0.0;1;0.05691367830678007;0
177253;2023;2;1205.63;241.13;0.0;0.0;1019.01;0.0;0.0;0.0;0.0;0.0;0.0;0.0;1019.01;345.0;0.0;1718.04;0.0;0.0;0.0;443.07;0.0;0.0;0.0;0.0;0.0;0.0;0.0;0.0;0.0;0.0;1;0.068679027842728;0
602518;2023;2;1205.63;180.84;0.0;0.0;1811.63;0.0;0.0;0.0;0.0;0.0;0.0;0.0;1811.63;345.0;180.84;1718.04;0.0;0.0;0.0;0.0;0.0;0.0;0.0;0.0;0.0;0.0;0.0;0.0;0.0;0.0;1;0.03755001866494928;0
177253;2023;3;1205.63;241.13;0.0;0.0;1019.01;0.0;0.0;0.0;0.0;0.0;0.0;0.0;0.0;270.0;0.0;1718.04;0.0;0.0;0.0;443.07;0.0;0.0;0.0;0.0;0.0;0.0;0.0;0.0;0.0;0.0;1;0.06759885086864292;0
602518;2023;3;1205.63;180.84;0.0;0.0;1811.63;0.0;0.0;0.0;0.0;0.0;0.0;0.0;0.0;270.0;180.84;1718.04;0.0;0.0;0.0;0.0;0.0;0.0;0.0;0.0;0.0;0.0;0.0;0.0;0.0;0.0;1;0.05824065259318645;0
177253;2023;4;1205.63;241.13;0.0;0.0;1019.01;0.0;0.0;0.0;0.0;0.0;0.0;0.0;0.0;330.0;0.0;1718.04;0.0;0.0;0.0;443.07;0.0;0.0;0.0;0.0;0.0;0.0;0.0;0.0;0.0;0.0;1;0.07313113403471011;0
602518;2023;4;1205.63;180.84;0.0;0.0;1811.63;0.0;0.0;0.0;0.0;0.0;0.0;0.0;0.0;330.0;180.84;1718.04;0.0;0.0;0.0;0.0;0.0;0.0;0.0;0.0;0.0;0.0;0.0;0.0;0.0;0.0;1;0.06037979720221581;0
177253;2023;5;1205.63;241.13;0.0;0.0;1019.01;0.0;0.0;0.0;0.0;0.0;0.0;0.0;0.0;315.0;0.0;1718.04;0.0;0.0;0.0;443.07;0.0;0.0;0.0;0.0;0.0;0.0;0.0;0.0;0.0;0.0;1;0.0725533632216071;0
602518;2023;5;1205.63;180.84;0.0;0.0;1811.63;0.0;0.0;0.0;0.0;0.0;0.0;0.0;0.0;315.0;180.84;1718.04;0.0;0.0;0.0;0.0;0.0;0.0;0.0;0.0;0.0;0.0;0.0;0.0;0.0;0.0;1;0.06238089153259996;0
177253;2023;6;1241.8;248.36;1049.58;0.0;0.0;0.0;0.0;0.0;0.0;0.0;0.0;0.0;0.0;0.0;0.0;1769.58;0.0;0.0;0.0;456.36;0.0;0.0;0.0;0.0;0.0;0.0;0.0;0.0;0.0;1436.44;1;0.025107392471339918;0
602518;2023;6;1241.8;186.27;1865.98;0.0;0.0;0.0;0.0;0.0;0.0;0.0;0.0;0.0;0.0;333.27;186.27;1769.58;0.0;0.0;0.0;0.0;0.0;0.0;0.0;0.0;0.0;0.0;0.0;0.0;0.0;0.0;1;0.08143437250471142;0
177253;2023;7;1241.8;248.36;1049.58;0.0;0.0;0.0;0.0;0.0;0.0;0.0;0.0;0.0;0.0;349.14;0.0;1769.58;0.0;0.0;0.0;456.36;0.0;0.0;0.0;0.0;0.0;0.0;0.0;0.0;0.0;0.0;1;0.09586585814059917;0
602518;2023;7;1241.8;186.27;1865.98;0.0;0.0;0.0;0.0;0.0;0.0;0.0;0.0;0.0;0.0;349.14;186.27;1769.58;0.0;0.0;0.0;0.0;0.0;0.0;0.0;0.0;0.0;0.0;0.0;0.0;0.0;0.0;1;0.07990398978473706;0
177253;2023;8;1275.56;255.11;1078.11;0.0;0.0;0.0;0.0;0.0;0.0;0.0;0.0;0.0;0.0;317.4;0.0;1817.69;0.0;0.0;0.0;468.77;0.0;0.0;0.0;0.0;0.0;0.0;0.0;0.0;0.0;0.0;1;0.09074614926230473;0
602518;2023;8;1275.56;191.33;1916.7;0.0;0.0;0.0;0.0;0.0;0.0;0.0;0.0;0.0;0.0;0.0;191.33;1817.69;0.0;0.0;0.0;0.0;0.0;0.0;0.0;0.0;0.0;0.0;0.0;0.0;0.0;1797.54;-1;-0.010045919407748738;1
177253;2023;9;1275.56;255.11;1078.11;0.0;0.0;0.0;0.0;0.0;0.0;0.0;0.0;0.0;0.0;333.27;0.0;1817.69;0.0;0.0;0.0;468.77;0.0;0.0;0.0;0.0;0.0;0.0;0.0;0.0;0.0;0.0;1;0.08996681747739377;0
602518;2023;9;1275.56;191.33;1916.7;0.0;0.0;0.0;0.0;0.0;0.0;0.0;0.0;0.0;0.0;333.27;191.33;1817.69;0.0;0.0;0.0;0.0;0.0;0.0;0.0;0.0;0.0;0.0;0.0;0.0;0.0;0.0;1;0.07975069196989948;0
177253;2023;10;1275.56;255.11;1078.11;0.0;0.0;0.0;0.0;0.0;0.0;0.0;0.0;0.0;0.0;317.4;0.0;1817.69;0.0;0.0;0.0;468.77;0.0;0.0;0.0;0.0;0.0;0.0;0.0;0.0;0.0;0.0;1;0.09074614926230473;0
602518;2023;10;1275.56;191.33;1916.7;0.0;0.0;0.0;0.0;0.0;0.0;0.0;0.0;0.0;0.0;317.4;191.33;1817.69;0.0;0.0;0.0;0.0;0.0;0.0;0.0;0.0;0.0;0.0;0.0;0.0;0.0;0.0;1;0.07908558368346696;0
177253;2023;11;1275.56;255.11;1078.11;0.0;0.0;0.0;0.0;0.0;0.0;0.0;0.0;0.0;0.0;317.4;0.0;1817.69;0.0;0.0;0.0;532.97;0.0;0.0;0.0;0.0;0.0;458.59;152.85;0.0;0.0;0.0;1;0.04718022724023352;0
602518;2023;11;1275.56;191.33;1916.7;0.0;0.0;0.0;0.0;0.0;0.0;0.0;0.0;0.0;0.0;317.4;191.33;1817.69;0.0;0.0;0.0;0.0;0.0;0.0;0.0;0.0;0.0;476.74;271.75;0.0;0.0;0.0;1;0.011918789693544762;0
177253;2023;12;1275.56;255.11;1078.11;0.0;0.0;0.0;0.0;0.0;0.0;0.0;0.0;0.0;0.0;349.14;0.0;1817.69;0.0;0.0;0.0;468.77;0.0;0.0;0.0;0.0;0.0;0.0;0.0;0.0;0.0;0.0;1;0.08780562422945304;0
602518;2023;12;1275.56;191.33;1916.7;0.0;0.0;0.0;0.0;0.0;0.0;0.0;0.0;0.0;0.0;349.14;191.33;1817.69;0.0;0.0;0.0;0.0;0.0;0.0;0.0;0.0;0.0;0.0;0.0;0.0;0.0;0.0;1;0.07796807566666963;0
177253;2024;1;1275.56;255.11;1078.11;0.0;0.0;0.0;0.0;0.0;0.0;0.0;0.0;0.0;0.0;285.66;0.0;1817.69;0.0;0.0;0.0;468.77;0.0;0.0;0.0;0.0;0.0;0.0;0.0;0.0;0.0;0.0;1;0.08990487257699875;0
602518;2024;1;1275.56;191.33;1916.7;0.0;0.0;0.0;0.0;0.0;0.0;0.0;0.0;0.0;0.0;285.66;191.33;1817.69;0.0;0.0;0.0;0.0;0.0;0.0;0.0;0.0;0.0;0.0;0.0;0.0;0.0;0.0;1;0.08448975012212012;0
177253;2024;2;1275.56;255.11;1078.11;0.0;0.0;0.0;0.0;0.0;0.0;0.0;0.0;0.0;0.0;269.79;0.0;1817.69;0.0;0.0;0.0;468.77;0.0;0.0;0.0;0.0;0.0;0.0;0.0;0.0;0.0;0.0;1;0.0908909100678727;0
602518;2024;2;1275.56;191.33;1916.7;0.0;0.0;0.0;0.0;0.0;0.0;0.0;0.0;0.0;0.0;269.79;191.33;1817.69;0.0;0.0;0.0;0.0;0.0;0.0;0.0;0.0;0.0;0.0;0.0;0.0;0.0;0.0;1;0.08779472449724385;0
177253;2024;3;1275.56;255.11;1078.11;0.0;0.0;0.0;0.0;0.0;0.0;0.0;0.0;0.0;0.0;349.14;0.0;1817.69;0.0;0.0;0.0;468.77;0.0;0.0;0.0;0.0;0.0;0.0;0.0;0.0;0.0;0.0;1;0.08440474655695701;0
602518;2024;3;1275.56;191.33;1916.7;0.0;0.0;0.0;0.0;0.0;0.0;0.0;0.0;0.0;0.0;349.14;191.33;1817.69;0.0;0.0;0.0;0.0;0.0;0.0;0.0;0.0;0.0;0.0;0.0;0.0;0.0;0.0;1;0.07672749088605668;0
177253;2024;4;1275.56;255.11;1078.11;0.0;0.0;0.0;0.0;0.0;0.0;0.0;0.0;0.0;0.0;333.27;0.0;1817.69;0.0;0.0;0.0;468.77;0.0;0.0;0.0;0.0;0.0;0.0;0.0;0.0;0.0;0.0;1;0.08643808780009987;0
602518;2024;4;1275.56;191.33;1916.7;0.0;0.0;0.0;0.0;0.0;0.0;0.0;0.0;0.0;0.0;333.27;191.33;1817.69;0.0;0.0;0.0;0.0;0.0;0.0;0.0;0.0;0.0;0.0;0.0;0.0;0.0;0.0;1;0.07951678683690849;0
177253;2024;5;1275.56;255.11;1078.11;0.0;0.0;0.0;0.0;0.0;0.0;0.0;0.0;0.0;0.0;317.4;0.0;1817.69;0.0;0.0;0.0;468.77;0.0;0.0;0.0;0.0;0.0;0.0;0.0;0.0;0.0;0.0;1;0.08764502575477151;0
602518;2024;5;1275.56;191.33;1916.7;0.0;0.0;0.0;0.0;0.0;0.0;0.0;0.0;0.0;0.0;317.4;191.33;1817.69;0.0;0.0;0.0;0.0;0.0;0.0;0.0;0.0;0.0;0.0;0.0;0.0;0.0;0.0;1;0.08147763142053799;0
177253;2024;6;1275.56;255.11;1078.11;0.0;0.0;0.0;0.0;0.0;0.0;0.0;0.0;0.0;0.0;365.01;0.0;1817.69;0.0;0.0;0.0;468.77;0.0;0.0;0.0;0.0;0.0;0.0;0.0;0.0;0.0;0.0;1;0.08191998255870792;0
602518;2024;6;1275.56;191.33;1916.7;0.0;0.0;821.54;0.0;0.0;0.0;0.0;0.0;0.0;1013.23;0.0;191.33;1817.69;0.0;0.0;0.0;486.63;0.0;0.0;0.0;0.0;0.0;0.0;0.0;0.0;0.0;0.0;1;0.05212915058426737;0
177253;2024;7;1347.25;269.45;1138.7;0.0;0.0;0.0;0.0;0.0;0.0;0.0;0.0;0.0;0.0;333.27;0.0;1919.84;0.0;0.0;0.0;495.12;0.0;0.0;0.0;0.0;0.0;0.0;0.0;0.0;0.0;0.0;1;0.08977765471923804;0
602518;2024;7;1347.25;202.09;2024.42;0.0;0.0;867.71;0.0;0.0;0.0;0.0;0.0;0.0;0.0;0.0;202.09;1919.84;0.0;0.0;0.0;513.98;746.17;0.0;0.0;0.0;0.0;0.0;0.0;0.0;0.0;0.0;1;0.04698549361456483;0
177253;2024;8;1347.25;269.45;1138.7;0.0;0.0;0.0;0.0;0.0;0.0;0.0;0.0;0.0;0.0;333.27;0.0;1919.84;0.0;0.0;0.0;495.12;0.0;0.0;0.0;0.0;0.0;0.0;0.0;0.0;0.0;0.0;1;0.08977765471923804;0
602518;2024;8;1347.25;202.09;2024.42;0.0;0.0;0.0;0.0;0.0;0.0;0.0;0.0;0.0;0.0;0.0;202.09;1919.84;0.0;0.0;0.0;513.98;0.0;0.0;0.0;0.0;0.0;0.0;0.0;0.0;0.0;1898.56;1;0.040209885047749416;0
177253;2024;9;1347.25;269.45;1138.7;0.0;0.0;0.0;0.0;0.0;0.0;0.0;0.0;0.0;0.0;0.0;0.0;1919.84;0.0;0.0;0.0;495.12;0.0;0.0;0.0;0.0;0.0;0.0;0.0;0.0;0.0;1558.41;1;0.04657516516672655;0
602518;2024;9;1347.25;202.09;2024.42;0.0;0.0;0.0;0.0;0.0;0.0;0.0;0.0;0.0;0.0;0.0;202.09;1919.84;0.0;0.0;0.0;513.98;0.0;0.0;0.0;0.0;0.0;0.0;0.0;0.0;0.0;0.0;1;0.07953565463012696;0
