isn_vinculo,cod_cargo,num_ano,num_mes,8,15,16,21,24,30,51,54,62,79,160,161,168,185,248,252,297,312,324,329,669,1232,1233,1352,1353,1367,1368,1369,1404,1454
177253,D085B,2007,8,0.10820166029288317,0.10818487081428968,0.0,0.0,0.0,0.0,0.0,0.0,0.0,0.0,0.38471416735708375,0.0,0.0,0.0,0.0,0.0,0.0,0.0,0.09999999999999964,0.0,0.0,0.0,0.0,0.0,0.0,0.0,0.0,0.0,0.0,0.0
177253,D085B,2007,3,0.1,0.1,0.0,0.0,0.0,0.0,0.0,0.0,0.0,0.0,0.32449047224523614,0.0,0.0,0.0,0.0,0.0,0.0,0.0,0.0,0.0,0.0,0.0,0.0,0.0,0.0,0.0,0.0,0.0,0.0,0.0
177253,D085B,2007,10,0.10820166029288317,0.10818487081428968,0.0,0.0,0.0,0.0,0.0,0.0,0.0,0.0,0.38471416735708375,0.0,0.0,0.0,0.0,0.0,0.0,0.0,0.0,0.0,0.0,0.0,0.0,0.0,0.0,0.0,0.0,0.0,0.0,0.0
177253,D085B,2007,5,0.1,0.1,0.0,0.0,0.0,0.0,0.0,0.0,0.0,0.0,0.32449047224523614,0.0,0.0,0.0,0.0,0.0,0.0,0.0,0.0,0.0,0.0,0.0,0.0,0.0,0.0,0.0,0.0,0.0,0.0,0.0
177253,D085B,2007,12,0.10820166029288317,0.10818487081428968,0.0,0.0,0.0,0.0,0.0,0.0,0.0,0.0,0.38471416735708375,0.0,0.0,0.0,0.0,0.0,0.0,0.0,0.0,0.0,0.0,0.0,0.0,0.0,0.0,0.0,0.0,0.0,0.0,0.0
177253,D085B,2007,7,0.10820166029288317,0.10818487081428968,0.0,0.0,0.0,0.0,0.0,0.0,0.0,0.0,0.38471416735708375,0.0,0.0,0.0,0.0,0.0,0.0,0.0,0.0,0.0,0.0,0.0,0.0,0.0,0.0,0.0,0.0,0.0,0.0,0.0
177253,D085B,2007,6,0.1,0.1,0.0,0.0,0.0,0.0,0.0,0.0,0.0,0.0,0.32449047224523614,0.0,0.0,0.0,0.0,0.0,0.0,0.0,0.0,0.0,0.0,0.0,0.0,0.0,0.0,0.0,0.0,0.0,0.0,0.0
177253,D085B,2007,9,0.10820166029288317,0.10818487081428968,0.0,0.0,0.0,0.0,0.0,0.0,0.0,0.0,0.38471416735708375,0.0,0.0,0.0,0.0,0.0,0.0,0.0,0.0,0.0,0.0,0.0,0.0,0.0,0.0,0.0,0.0,0.0,0.0,0.0
177253,D085B,2008,9,0.12286726984423096,0.12287566458352767,0.0,0.0,0.0,0.0,0.0,0.1,0.0,0.0,0.46556752278376146,0.0,0.0,0.0,0.0,0.0,0.0,0.0,0.0,0.0,0.0,0.0,0.0,0.0,0.0,0.0,0.0,0.0,0.0,0.0
177253,D085B,2008,6,0.10820166029288317,0.10818487081428968,0.0,0.0,0.0,0.0,0.0,0.0,0.0,0.0,0.38471416735708375,0.0,0.0,0.0,0.0,0.0,0.0,0.0,0.0,0.0,0.0,0.0,0.0,0.0,0.0,0.0,0.0,0.0,0.0,0.0
177253,D085B,2008,3,0.10820166029288317,0.10818487081428968,0.0,0.0,0.0,0.0,0.0,0.0,0.0,0.0,0.38471416735708375,0.0,0.0,0.0,0.0,0.0,0.0,0.0,0.0,0.0,0.0,0.0,0.0,0.0,0.0,0.0,0.0,0.0,0.0,0.0
177253,D085B,2008,2,0.10820166029288317,0.10818487081428968,0.0,0.0,0.0,0.0,0.0,0.0,0.0,0.0,0.38471416735708375,0.0,0.0,0.0,0.0,0.0,0.0,0.0,0.0,0.0,0.0,0.0,0.0,0.0,0.0,0.0,0.0,0.0,0.0,0.0
177253,D085B,2008,12,0.12286726984423096,0.12287566458352767,0.0,0.0,0.0,0.0,0.0,0.0,0.0,0.0,0.46556752278376146,0.0,0.0,0.0,0.0,0.0,0.0,0.0,0.0,0.0,0.0,0.0,0.0,0.0,0.0,0.0,0.0,0.0,0.0,0.0
177253,D085B,2008,5,0.10820166029288317,0.10818487081428968,0.0,0.0,0.0,0.0,0.0,0.0,0.0,0.0,0.38471416735708375,0.0,0.0,0.0,0.0,0.0,0.0,0.0,0.0,0.0,0.0,0.0,0.0,0.0,0.0,0.0,0.0,0.0,0.0,0.0
177253,D085B,2008,8,0.12286726984423096,0.12287566458352767,0.0,0.0,0.0,0.0,0.0,0.0,0.0,0.0,0.46556752278376146,0.0,0.0,0.0,0.0,0.0,0.0,0.0,0.3467741935483861,0.0,0.0,0.0,0.0,0.0,0.0,0.0,0.0,0.0,0.0,0.0
177253,D085B,2008,4,0.10820166029288317,0.10818487081428968,0.0,0.0,0.0,0.0,0.0,0.0,0.0,0.0,0.38471416735708375,0.0,0.0,0.0,0.0,0.0,0.0,0.0,0.0,0.0,0.0,0.0,0.0,0.0,0.0,0.0,0.0,0.0,0.0,0.0
177253,D085B,2008,7,0.12286726984423096,0.12287566458352767,0.0,0.0,0.0,0.0,0.0,0.0,0.0,0.0,0.46556752278376146,0.0,0.0,0.0,0.0,0.0,0.0,0.0,0.0,0.0,0.0,0.0,0.0,0.0,0.0,0.0,0.0,0.0,0.0,0.0
177253,D085B,2009,9,0.13809532692845816,0.13811211640705157,0.0,0.0,0.0,0.0,0.0,0.0,0.0,0.0,0.4102651201325601,0.0,0.0,0.0,0.0,0.0,0.10000000000000003,0.0,0.0,0.0,0.0,0.0,0.0,0.0,0.0,0.0,0.0,0.0,0.0,0.0
177253,D085B,2009,6,0.12286726984423096,0.12287566458352767,0.0,0.0,0.0,0.0,0.0,0.1,0.0,0.0,0.46556752278376146,0.0,0.0,0.0,0.0,0.0,0.0,0.0,0.0,0.0,0.0,0.0,0.0,0.0,0.0,0.0,0.0,0.0,0.0,0.0
177253,D085B,2009,3,0.12286726984423096,0.12287566458352767,0.0,0.0,0.0,0.0,0.0,0.0,0.0,0.0,0.46556752278376146,0.0,0.0,0.0,0.0,0.0,0.0,0.0,0.0,0.0,0.0,0.0,0.0,0.0,0.0,0.0,0.0,0.0,0.0,0.0
177253,D085B,2009,2,0.12286726984423096,0.12287566458352767,0.0,0.0,0.0,0.0,0.0,0.0,0.0,0.0,0.46556752278376146,0.0,0.0,0.0,0.0,0.0,0.0,0.0,0.0,0.0,0.0,0.0,0.0,0.0,0.0,0.0,0.0,0.0,0.0,0.0
177253,D085B,2009,12,0.13809532692845816,0.13811211640705157,0.0,0.0,0.0,0.0,0.0,0.0,0.0,0.0,0.4102651201325601,0.0,0.0,0.0,0.0,0.0,0.10000000000000003,0.0,0.0,0.0,0.0,0.0,0.0,0.0,0.0,0.0,0.0,0.0,0.0,0.0
177253,D085B,2009,5,0.12286726984423096,0.12287566458352767,0.0,0.0,0.0,0.0,0.0,0.0,0.0,0.0,0.46556752278376146,0.0,0.0,0.0,0.0,0.0,0.0,0.0,0.0,0.0,0.0,0.0,0.0,0.0,0.0,0.0,0.0,0.0,0.0,0.0
177253,D085B,2009,8,0.13809532692845816,0.13811211640705157,0.0,0.0,0.0,0.0,0.0,0.0,0.0,0.0,0.4102651201325601,0.1,0.0,0.0,0.0,0.0,0.10000000000000003,0.0,0.5899193548387087,0.0,0.0,0.0,0.0,0.0,0.0,0.0,0.0,0.0,0.0,0.0
177253,D085B,2009,4,0.12286726984423096,0.12287566458352767,0.0,0.0,0.0,0.0,0.0,0.0,0.0,0.0,0.46556752278376146,0.0,0.0,0.0,0.0,0.0,0.0,0.0,0.0,0.0,0.0,0.0,0.0,0.0,0.0,0.0,0.0,0.0,0.0,0.0
177253,D085B,2009,7,0.13809532692845816,0.13811211640705157,0.0,0.0,0.0,0.0,0.0,0.0,0.0,0.09999999999999964,0.4102651201325601,0.0,0.0,0.0,0.0,0.0,0.0,0.0,0.0,0.0,0.0,0.0,0.0,0.0,0.0,0.0,0.0,0.0,0.0,0.0
177253,D085B,2010,9,0.15111556757765138,0.15112396231694802,0.0,0.0,0.0,0.0,0.0,0.0,0.0,0.0,0.4313670256835129,0.0,0.0,0.0,0.0,0.0,0.10000000000000003,0.0,0.0,0.0,0.0,0.0,0.0,0.0,0.0,0.0,0.0,0.0,0.0,0.0
177253,D085B,2010,6,0.13809532692845816,0.13811211640705157,0.0,0.0,0.0,0.0,0.0,0.0,0.0,0.0,0.4102651201325601,0.0,0.0,0.0,0.0,0.0,0.10000000000000003,0.0,0.0,0.0,0.0,0.0,0.0,0.0,0.0,0.0,0.0,0.0,0.0,0.0
177253,D085B,2010,3,0.13809532692845816,0.13811211640705157,0.0,0.0,0.0,0.0,0.0,0.0,0.0,0.0,0.4102651201325601,0.0,0.0,0.0,0.0,0.0,0.10000000000000003,0.0,0.0,0.0,0.0,0.0,0.0,0.0,0.0,0.0,0.0,0.0,0.0,0.0
177253,D085B,2010,2,0.13809532692845816,0.13811211640705157,0.0,0.0,0.0,0.0,0.0,0.0,0.0,0.0,0.4102651201325601,0.0,0.0,0.0,0.0,0.0,0.10000000000000003,0.0,0.0,0.0,0.0,0.0,0.0,0.0,0.0,0.0,0.0,0.0,0.0,0.0
177253,D085B,2010,12,0.15111556757765138,0.15112396231694802,0.0,0.0,0.0,0.0,0.0,0.0,0.0,0.0,0.4313670256835129,0.0,0.0,0.0,0.0,0.0,0.10000000000000003,0.0,0.0,0.0,0.0,0.0,0.0,0.0,0.0,0.0,0.0,0.0,0.0,0.0
177253,D085B,2010,5,0.13809532692845816,0.13811211640705157,0.0,0.0,0.0,0.0,0.0,0.0,0.0,0.0,0.4102651201325601,0.0,0.0,0.0,0.0,0.0,0.10000000000000003,0.0,0.0,0.0,0.0,0.0,0.0,0.0,0.0,0.0,0.0,0.0,0.0,0.0
177253,D085B,2010,8,0.15111556757765138,0.15112396231694802,0.0,0.0,0.0,0.0,0.0,0.0,0.0,0.0,0.4313670256835129,0.0,0.0,0.0,0.0,0.0,0.10000000000000003,0.0,0.0,0.0,0.0,0.0,0.0,0.0,0.0,0.0,0.0,0.0,0.0,0.0
177253,D085B,2010,4,0.13809532692845816,0.13811211640705157,0.0,0.0,0.0,0.0,0.0,0.0,0.0,0.0,0.4102651201325601,0.0,0.0,0.0,0.0,0.0,0.10000000000000003,0.0,0.0,0.0,0.0,0.0,0.0,0.0,0.0,0.0,0.0,0.0,0.0,0.0
177253,D085B,2010,7,0.15111556757765138,0.15112396231694802,0.0,0.0,0.0,0.0,0.0,0.0,0.0,0.0,0.4313670256835129,0.0,0.0,0.0,0.0,0.0,0.10000000000000003,0.0,0.0,0.0,0.0,0.0,0.0,0.0,0.0,0.0,0.0,0.0,0.0,0.0
177253,D085B,2011,9,0.16521872959611977,0.16522712433541648,0.0,0.0,0.0,0.0,0.0,0.0,0.0,0.0,0.5127423363711683,0.0,0.0,0.0,0.0,0.0,0.0,0.0,0.0,0.0,0.0,0.0,0.0,0.0,0.0,0.0,0.0,0.0,0.0,0.0
177253,D085B,2011,6,0.16521872959611977,0.16522712433541648,0.0,0.0,0.0,0.0,0.0,0.0,0.0,0.0,0.5127423363711683,0.0,0.0,0.0,0.0,0.0,0.0,0.0,0.0,0.0,0.0,0.0,0.0,0.0,0.0,0.0,0.0,0.0,0.0,0.0
177253,D085B,2011,3,0.16521872959611977,0.16522712433541648,0.0,0.0,0.0,0.0,0.0,0.0,0.0,0.0,0.5127423363711683,0.0,0.0,0.0,0.0,0.0,0.0,0.0,0.0,0.0,0.0,0.0,0.0,0.0,0.0,0.0,0.0,0.0,0.0,0.0
177253,D085B,2011,2,0.16521872959611977,0.16522712433541648,0.0,0.0,0.0,0.0,0.0,0.0,0.0,0.0,0.5127423363711683,0.0,0.0,0.0,0.0,0.0,0.0,0.0,0.0,0.0,0.0,0.0,0.0,0.0,0.0,0.0,0.0,0.0,0.0,0.0
177253,D085B,2011,12,0.16521872959611977,0.16522712433541648,0.0,0.0,0.0,0.0,0.0,0.0,0.0,0.0,0.5127423363711683,0.0,0.0,0.0,0.0,0.0,0.0,0.0,0.0,0.0,0.0,0.0,0.0,0.0,0.0,0.0,0.0,0.0,0.0,0.0
177253,D085B,2011,5,0.16521872959611977,0.16522712433541648,0.0,0.0,0.0,0.0,0.0,0.0,0.0,0.0,0.5127423363711683,0.0,0.0,0.0,0.0,0.0,0.0,0.0,0.0,0.0,0.0,0.0,0.0,0.0,0.0,0.0,0.0,0.0,0.0,0.0
177253,D085B,2011,8,0.16521872959611977,0.16522712433541648,0.0,0.0,0.0,0.0,0.0,0.0,0.0,0.0,0.5127423363711683,0.0,0.0,0.0,0.0,0.0,0.0,0.0,0.9274193548387082,0.0,0.0,0.0,0.0,0.0,0.0,0.0,0.0,0.0,0.0,0.0
177253,D085B,2011,4,0.16521872959611977,0.16522712433541648,0.0,0.0,0.0,0.0,0.0,0.0,0.0,0.0,0.5127423363711683,0.0,0.0,0.0,0.0,0.0,0.0,0.0,0.0,0.0,0.0,0.0,0.0,0.0,0.0,0.0,0.0,0.0,0.0,0.0
177253,D085B,2011,7,0.16521872959611977,0.16522712433541648,0.0,0.0,0.0,0.0,0.0,0.0,0.0,0.0,0.5127423363711683,0.0,0.0,0.0,0.0,0.0,0.0,0.0,0.0,0.0,0.0,0.0,0.0,0.0,0.0,0.0,0.0,0.0,0.0,0.0
177253,D085B,2012,9,0.31273108851786213,0.31272269377856543,0.0,0.0,0.0,0.0,0.0,0.0,0.0,0.0,0.1,0.0,0.0,0.3154720537134107,0.0,0.0,0.0,0.0,0.0,0.0,0.0,0.0,0.0,0.0,0.0,0.0,0.0,0.0,0.0,0.0
177253,D085B,2012,6,0.1859537356589871,0.1859621303982838,0.0,0.0,0.0,0.0,0.0,0.0,0.0,0.0,0.5504225352112677,0.0,0.0,0.0,0.0,0.0,0.0,0.0,0.0,0.0,0.0,0.0,0.0,0.0,0.0,0.0,0.0,0.0,0.0,0.0
177253,D085B,2012,3,0.1859537356589871,0.1859621303982838,0.0,0.0,0.0,0.0,0.0,0.0,0.0,0.0,0.5504225352112677,0.0,0.0,0.0,0.0,0.0,0.0,0.0,0.0,0.0,0.0,0.0,0.0,0.0,0.0,0.0,0.0,0.0,0.0,0.0
177253,D085B,2012,2,0.1859537356589871,0.1859621303982838,0.0,0.0,0.0,0.0,0.0,0.0,0.0,0.0,0.5504225352112677,0.0,0.0,0.0,0.0,0.0,0.0,0.0,0.0,0.0,0.0,0.0,0.0,0.0,0.0,0.0,0.0,0.0,0.0,0.0
177253,D085B,2012,12,0.31273108851786213,0.31272269377856543,0.0,0.0,0.0,0.0,0.0,0.0,0.0,0.0,0.1,0.0,0.0,0.3154720537134107,0.0,0.0,0.0,0.0,0.0,0.0,0.0,0.0,0.0,0.0,0.0,0.0,0.0,0.0,0.0,0.0
177253,D085B,2012,5,0.1859537356589871,0.1859621303982838,0.0,0.0,0.0,0.0,0.0,0.0,0.0,0.0,0.5504225352112677,0.0,0.0,0.0,0.0,0.0,0.0,0.0,0.0,0.0,0.0,0.0,0.0,0.0,0.0,0.0,0.0,0.0,0.0,0.0
177253,D085B,2012,8,0.31273108851786213,0.31272269377856543,0.0,0.1,0.0,0.0,0.1,0.0,0.0,0.0,0.1,0.0,0.0,0.15645208787325526,0.0,0.0,0.0,0.0,0.9999999999999991,0.0,0.0,0.0,0.0,0.0,0.0,0.0,0.0,0.0,0.0,0.0
177253,D085B,2012,4,0.1859537356589871,0.1859621303982838,0.0,0.0,0.0,0.0,0.0,0.0,0.0,0.0,0.5504225352112677,0.0,0.0,0.0,0.0,0.0,0.0,0.0,0.0,0.0,0.0,0.0,0.0,0.0,0.0,0.0,0.0,0.0,0.0,0.0
177253,D085B,2012,7,0.1859537356589871,0.1859621303982838,0.0,0.0,0.0,0.0,0.0,0.0,0.0,0.0,0.5504225352112677,0.0,0.0,0.0,0.0,0.0,0.0,0.0,0.0,0.0,0.0,0.0,0.0,0.0,0.0,0.0,0.0,0.0,0.0,0.0
177253,D085B,2013,9,0.33748717470385226,0.3374871747038523,0.0,0.0,0.0,0.0,0.0,0.0,0.0,0.0,0.10700911350455677,0.0,0.0,0.37961010660227335,0.0,0.0,0.0,0.0,0.0,0.0,0.0,0.0,0.0,0.0,0.0,0.0,0.0,0.0,0.0,0.0
177253,D085B,2013,6,0.33748717470385226,0.3374871747038523,0.0,0.0,0.0,0.0,0.0,0.0,0.0,0.0,0.10700911350455677,0.0,0.0,0.4355321279227281,0.0,0.0,0.0,0.0,0.0,0.0,0.0,0.0,0.0,0.0,0.0,0.0,0.0,0.0,0.0,0.0
177253,D085B,2013,3,0.33748717470385226,0.3374871747038523,0.0,0.0,0.0,0.0,0.0,0.0,0.0,0.0,0.10700911350455677,0.0,0.0,0.37961010660227335,0.0,0.0,0.0,0.0,0.0,0.0,0.0,0.0,0.0,0.0,0.0,0.0,0.0,0.0,0.0,0.0
177253,D085B,2013,2,0.33748717470385226,0.3374871747038523,0.0,0.0,0.0,0.0,0.0,0.0,0.0,0.0,0.10700911350455677,0.0,0.0,0.21184404264090928,0.0,0.0,0.0,0.0,0.0,0.0,0.0,0.0,0.0,0.0,0.0,0.0,0.0,0.0,0.0,0.0
177253,D085B,2013,12,0.33748717470385226,0.3374871747038523,0.0,0.0,0.0,0.0,0.0,0.0,0.0,0.0,0.10700911350455677,0.0,0.0,0.37961010660227335,0.0,0.0,0.0,0.0,0.0,0.0,0.0,0.0,0.0,0.0,0.0,0.0,0.0,0.0,0.0,0.0
177253,D085B,2013,5,0.33748717470385226,0.3374871747038523,0.0,0.0,0.0,0.0,0.0,0.0,0.0,0.0,0.10700911350455677,0.0,0.0,0.26776606396136404,0.0,0.0,0.0,0.0,0.0,0.0,0.0,0.0,0.0,0.0,0.0,0.0,0.0,0.0,0.0,0.0
177253,D085B,2013,8,0.33748717470385226,0.3374871747038523,0.0,0.0,0.0,0.0,0.0,0.0,0.0,0.0,0.10700911350455677,0.0,0.0,0.3236880852818188,0.0,0.0,0.0,0.0,0.3522177419354833,0.0,0.0,0.0,0.0,0.0,0.0,0.0,0.0,0.0,0.0,0.0
177253,D085B,2013,4,0.33748717470385226,0.3374871747038523,0.0,0.0,0.0,0.0,0.0,0.0,0.0,0.0,0.10700911350455677,0.0,0.0,0.3236880852818188,0.0,0.0,0.0,0.0,0.0,0.0,0.0,0.0,0.0,0.0,0.0,0.0,0.0,0.0,0.0,0.0
177253,D085B,2013,7,0.33748717470385226,0.3374871747038523,0.0,0.0,0.0,0.0,0.0,0.0,0.0,0.0,0.10700911350455677,0.0,0.0,0.3236880852818188,0.0,0.0,0.0,0.0,0.0,0.0,0.0,0.0,0.0,0.0,0.0,0.0,0.0,0.0,0.0,0.0
177253,D085B,2014,9,0.36419084040667854,0.36418244566738184,0.0,0.0,0.0,0.0,0.0,0.0,0.0,0.0,0.11456503728251866,0.0,0.0,0.449578891571942,0.0,0.0,0.0,0.0,0.0,0.0,0.0,0.0,0.0,0.0,0.0,0.0,0.0,0.0,0.0,0.0
177253,D085B,2014,6,0.36419084040667854,0.36418244566738184,0.0,0.0,0.0,0.0,0.0,0.0,0.0,0.0,0.11456503728251866,0.0,0.0,0.5086813122091997,0.0,0.0,0.0,0.1,0.0,0.0,0.0,0.0,0.0,0.0,0.0,0.0,0.0,0.0,0.0,0.0
177253,D085B,2014,3,0.36419084040667854,0.36418244566738184,0.0,0.0,0.0,0.0,0.0,0.0,0.0,0.0,0.11456503728251866,0.0,0.0,0.26776606396136404,0.0,0.0,0.0,0.0,0.0,0.0,0.0,0.0,0.0,0.0,0.0,0.0,0.0,0.0,0.0,0.0
177253,D085B,2014,2,0.36419084040667854,0.36418244566738184,0.0,0.0,0.0,0.0,0.0,0.0,0.0,0.0,0.11456503728251866,0.0,0.0,0.09999999999999998,0.0,0.0,0.0,0.0,0.0,0.0,0.0,0.0,0.0,0.0,0.0,0.0,0.0,0.0,0.0,0.0
602518,D085B,2014,12,0.36419084040667854,0.24040201473743122,0.9232403941977634,0.0,0.0,0.0,0.0,1.0,0.0,0.0,0.18786246893123446,0.0,0.0,0.0,0.0,0.0,0.0,0.0,0.0,0.0,0.0,0.0,0.0,0.0,0.0,0.0,0.0,0.0,0.0,0.0
177253,D085B,2014,5,0.36419084040667854,0.36418244566738184,0.0,0.0,0.0,0.0,0.0,0.0,0.0,0.0,0.11456503728251866,0.0,0.0,0.33137405029742617,0.0,0.0,0.0,0.0,0.0,0.0,0.0,0.0,0.0,0.0,0.0,0.0,0.0,0.0,0.0,0.0
177253,D085B,2014,8,0.36419084040667854,0.36418244566738184,0.0,0.0,0.0,0.0,0.0,0.0,0.0,0.0,0.11456503728251866,0.0,0.0,0.449578891571942,0.0,0.0,0.0,0.0,0.0,0.0,0.0,0.0,0.0,0.0,0.0,0.0,0.0,0.0,0.0,0.0
177253,D085B,2014,11,0.36419084040667854,0.36418244566738184,0.0,0.0,0.0,0.0,0.0,0.0,0.0,0.0,0.11456503728251866,0.0,0.0,0.449578891571942,0.0,0.0,0.0,0.0,0.0,0.0,0.0,0.0,0.0,0.0,0.0,0.0,0.0,0.0,0.0,0.0
177253,D085B,2014,4,0.36419084040667854,0.36418244566738184,0.0,0.0,0.0,0.0,0.0,0.0,0.0,0.0,0.11456503728251866,0.0,0.0,0.3236880852818188,0.0,0.0,0.0,0.0,0.0,0.0,0.0,0.0,0.0,0.0,0.0,0.0,0.0,0.0,0.0,0.0
177253,D085B,2014,7,0.36419084040667854,0.36418244566738184,0.0,0.0,0.0,0.0,0.0,0.0,0.0,0.0,0.11456503728251866,0.0,0.0,0.33137405029742617,0.0,0.0,0.0,0.0,0.0,0.0,0.0,0.0,0.0,0.0,0.0,0.0,0.0,0.0,0.0,0.0
177253,D085B,2015,10,0.3961328234306502,0.39612442869135345,0.0,0.0,0.0,0.0,0.0,0.0,0.0,0.0,0.12358740679370342,0.0,0.0,0.40770363390070086,0.0,0.0,0.0,0.0,0.0,0.0,0.0,0.0,0.0,0.0,0.0,0.0,0.0,0.0,0.0,0.0
602518,D085B,2015,2,0.3961328234306502,0.26436899542953085,1.0,0.0,0.0,0.0,0.0,0.0,0.0,0.0,0.2016072908036454,0.0,0.0,0.40770363390070086,0.0,0.0,0.0,0.0,0.0,0.0,0.0,0.0,0.0,0.0,0.0,0.0,0.0,0.0,0.0,0.0
177253,D085B,2015,2,0.3961328234306502,0.39612442869135345,0.0,0.0,0.0,0.0,0.0,0.0,0.0,0.0,0.12358740679370342,0.0,0.0,0.40770363390070086,0.0,0.0,0.0,0.0,0.0,0.0,0.0,0.0,0.0,0.0,0.0,0.0,0.0,0.0,0.0,0.0
602518,D085B,2015,10,0.3961328234306502,0.26436899542953085,0.6199610231425092,0.0,0.0,0.0,0.0,0.0,0.0,0.0,0.2016072908036454,0.0,0.0,0.40770363390070086,0.0,0.0,0.0,0.0,0.0,0.0,0.0,0.0,0.0,0.0,0.0,0.0,0.0,0.0,0.0,0.0
177253,D085B,2015,6,0.3961328234306502,0.39612442869135345,0.0,0.0,0.0,0.0,0.0,0.0,0.0,0.0,0.12358740679370342,0.0,0.0,0.5964603333529653,0.0,0.0,0.0,0.0,0.0,0.0,0.0,0.0,0.0,0.0,0.0,0.0,0.0,0.0,0.0,0.0
177253,D085B,2015,3,0.3961328234306502,0.39612442869135345,0.0,0.0,0.0,0.0,0.0,0.17140532252147164,0.0,0.0,0.12358740679370342,0.0,0.0,0.0,0.0,0.0,0.0,0.0,0.0,0.0,0.0,0.0,0.0,0.0,0.0,0.0,0.0,0.0,0.0,0.0
602518,D085B,2015,1,0.3961328234306502,0.26436899542953085,1.0,0.0,0.0,0.0,0.0,0.0,0.0,0.0,0.2016072908036454,0.0,0.0,0.21894693444843616,0.0,0.0,0.0,0.0,0.0,0.0,0.0,0.09999999999999432,0.0,0.0,0.0,0.0,0.0,0.0,0.0,0.0
602518,D085B,2015,4,0.3961328234306502,0.26436899542953085,0.2821406267301517,0.0,0.0,0.0,0.0,0.0,0.0,0.0,0.2016072908036454,0.0,0.0,0.40770363390070086,0.0,0.0,0.0,0.0,0.0,0.0,0.0,0.0,0.0,0.0,0.0,0.0,0.0,0.0,0.0,0.0
177253,D085B,2015,4,0.3961328234306502,0.39612442869135345,0.0,0.0,0.0,0.0,0.0,0.17140532252147164,0.0,0.0,0.12358740679370342,0.0,0.0,0.0,0.0,0.0,0.0,0.0,0.0,0.0,0.0,0.0,0.0,0.0,0.0,0.0,0.0,0.0,0.0,0.0
177253,D085B,2015,5,0.3961328234306502,0.39612442869135345,0.0,0.0,0.0,0.0,0.0,0.0,0.0,0.0,0.12358740679370342,0.0,0.0,0.47062253371812257,0.0,0.0,0.0,0.0,0.0,0.0,0.0,0.0,0.0,0.0,0.0,0.0,0.0,0.0,0.0,0.0
602518,D085B,2015,11,0.3961328234306502,0.26436899542953085,0.6199610231425092,0.0,0.0,0.0,0.0,0.0,0.0,0.0,0.2016072908036454,0.0,0.0,0.5335414335355438,0.0,0.0,0.0,0.0,0.0,0.0,0.0,0.0,0.0,0.0,0.0,0.0,0.0,0.0,0.0,0.0
602518,D085B,2015,6,0.3961328234306502,0.26436899542953085,0.6199610231425092,0.0,0.0,0.0,0.0,0.0,0.0,0.0,0.2016072908036454,0.0,0.0,0.5964603333529653,0.0,0.0,0.0,0.0,0.0,0.0,0.0,0.0,0.0,0.0,0.0,0.0,0.0,0.0,0.0,0.0
602518,D085B,2015,9,0.3961328234306502,0.26436899542953085,0.6199610231425092,0.0,0.0,0.0,0.0,0.0,0.0,0.0,0.2016072908036454,0.0,0.0,0.40770363390070086,0.0,0.0,0.0,0.0,0.0,0.0,0.0,0.0,0.0,0.0,0.0,0.0,0.0,0.0,0.0,0.0
602518,D085B,2015,12,0.3961328234306502,0.26436899542953085,0.6199610231425092,0.0,0.0,0.0,0.0,0.7992032209815341,0.0,0.0,0.2016072908036454,0.0,0.0,0.0,0.0,0.0,0.0,0.0,0.0,0.0,0.0,0.0,0.0,0.0,0.0,0.0,0.0,0.0,0.0,0.0
177253,D085B,2015,8,0.3961328234306502,0.39612442869135345,0.0,0.0,0.0,0.0,0.0,0.0,0.0,0.0,0.1235625517812759,0.0,0.0,0.47062253371812257,0.0,0.0,0.0,0.0,0.0,0.0,0.0,0.0,0.0,0.0,0.0,0.0,0.0,0.0,0.0,0.0
177253,D085B,2015,11,0.3961328234306502,0.39612442869135345,0.0,0.0,0.0,0.0,0.0,0.0,0.0,0.0,0.12358740679370342,0.0,0.0,0.5335414335355438,0.0,0.0,0.0,0.0,0.0,0.0,0.0,0.0,0.0,0.0,0.0,0.0,0.0,0.0,0.0,0.0
602518,D085B,2015,3,0.3961328234306502,0.26436899542953085,1.0,0.0,0.0,0.0,0.0,0.0,0.0,0.0,0.2016072908036454,0.0,0.0,0.40770363390070086,0.0,0.0,0.0,0.0,0.0,0.0,0.0,0.0,0.0,0.0,0.0,0.0,0.0,0.0,0.0,0.0
602518,D085B,2015,8,0.3961328234306502,0.26436899542953085,0.6199610231425092,0.0,0.0,0.0,0.0,0.0,0.0,0.0,0.2016072908036454,0.0,0.0,0.47062253371812257,0.0,0.0,0.0,0.0,0.0,0.0,0.0,0.0,0.0,0.0,0.0,0.0,0.0,0.0,0.0,0.0
177253,D085B,2015,7,0.3961328234306502,0.39612442869135345,0.0,0.0,0.0,0.0,0.0,0.0,0.0,0.0,0.1235625517812759,0.0,0.0,0.47062253371812257,0.0,0.0,0.0,0.0,0.0,0.0,0.0,0.0,0.0,0.0,0.0,0.0,0.0,0.0,0.0,0.0
177253,D085B,2016,10,0.3961328234306502,0.39612442869135345,0.0,0.0,0.0,0.0,0.0,0.0,0.0,0.0,0.33932891466445736,0.0,0.0,0.40770363390070086,0.0,0.0,0.0,0.0,0.0,0.0,0.0,0.0,0.0,0.0,0.0,0.0,0.0,0.0,0.0,0.0
602518,D085B,2016,2,0.3961328234306502,0.26436899542953085,0.6199610231425092,0.0,0.0,0.0,0.0,0.0,0.0,0.0,0.3668682684341342,0.0,0.0,0.5335414335355438,0.0,0.0,0.0,0.0,0.0,0.0,0.0,0.0,0.0,0.0,0.0,0.0,0.0,0.0,0.0,0.0
177253,D085B,2016,2,0.3961328234306502,0.39612442869135345,0.0,0.0,0.0,0.0,0.0,0.0,0.0,0.0,0.28884838442419225,0.0,0.0,0.5335414335355438,0.0,0.0,0.0,0.0,0.0,0.0,0.0,0.0,0.0,0.0,0.0,0.0,0.0,0.0,0.0,0.0
602518,D085B,2016,10,0.3961328234306502,0.26436899542953085,0.6199610231425092,0.0,0.0,0.0,0.0,0.0,0.0,0.0,0.4173487986743994,0.0,0.0,0.40770363390070086,0.0,0.0,0.0,0.0,0.0,0.0,0.0,0.0,0.0,0.0,0.0,0.0,0.0,0.0,0.0,0.0
177253,D085B,2016,6,0.3961328234306502,0.39612442869135345,0.0,0.0,0.0,0.0,0.0,0.0,0.0,0.0,0.33932891466445736,0.0,0.0,0.47062253371812257,0.0,0.0,0.0,0.0,0.0,0.0,0.0,0.0,0.0,0.0,0.0,0.0,0.0,0.0,0.0,0.0
177253,D085B,2016,3,0.3961328234306502,0.39612442869135345,0.0,0.0,0.0,0.0,0.0,0.19589851650470827,0.0,0.0,0.33932891466445736,0.7087967644084934,0.0,0.0,0.0,0.0,0.0,0.0,0.0,0.0,0.0,0.0,0.0,0.0,0.0,0.0,0.0,0.0,0.0,0.0
602518,D085B,2016,1,0.3961328234306502,0.26436899542953085,0.6199610231425092,0.0,0.0,0.0,0.0,0.0,0.0,0.0,0.3668682684341342,0.0,0.0,0.2818658342658579,0.0,0.0,0.0,0.0,0.0,0.0,0.0,0.0,0.0,0.0,0.0,0.0,0.0,0.0,0.0,0.0
602518,D085B,2016,4,0.3961328234306502,0.26436899542953085,0.6199610231425092,0.0,0.0,0.0,0.0,0.0,0.0,0.0,0.4173487986743994,0.0,0.0,0.47062253371812257,0.0,0.0,0.0,0.0,0.0,0.0,0.0,0.0,0.0,0.0,0.0,0.0,0.0,0.0,0.0,0.0
177253,D085B,2016,4,0.3961328234306502,0.39612442869135345,0.0,0.0,0.0,0.0,0.0,0.0,0.0,0.0,0.33932891466445736,0.0,0.0,0.47062253371812257,0.0,0.0,0.0,0.0,0.0,0.0,0.0,0.0,0.0,0.0,0.0,0.0,0.0,0.0,0.0,0.0
177253,D085B,2016,5,0.3961328234306502,0.39612442869135345,0.0,0.0,0.0,0.0,0.0,0.0,0.0,0.0,0.33932891466445736,0.0,0.0,0.5335414335355438,0.0,0.0,0.0,0.0,0.0,0.0,0.0,0.0,0.0,0.0,0.0,0.0,0.0,0.0,0.0,0.0
602518,D085B,2016,11,0.3961328234306502,0.26436899542953085,0.6199610231425092,0.0,0.0,0.0,0.0,0.0,0.0,0.0,0.4173487986743994,0.0,0.0,0.5335414335355438,0.0,0.0,0.0,0.0,0.0,0.0,0.0,0.0,0.0,0.0,0.0,0.0,0.0,0.0,0.0,0.0
602518,D085B,2016,6,0.3961328234306502,0.26436899542953085,0.6199610231425092,0.0,0.0,0.0,0.0,0.0,0.0,0.0,0.4173487986743994,0.0,0.0,0.47062253371812257,0.0,0.0,0.0,0.0,0.0,0.0,0.0,0.0,0.0,0.0,0.0,0.0,0.0,0.0,0.0,0.0
602518,D085B,2016,9,0.3961328234306502,0.26436899542953085,0.6199610231425092,0.0,0.0,0.0,0.0,0.8236964149647705,0.0,0.0,0.4173487986743994,0.0,0.0,0.0,0.0,0.0,0.0,0.0,0.0,0.0,0.0,0.0,0.0,0.0,0.0,0.0,0.0,0.0,0.0,0.0
602518,D085B,2016,12,0.3961328234306502,0.26436899542953085,0.6199610231425092,0.0,0.0,0.0,0.0,0.0,0.0,0.0,0.4173487986743994,0.0,0.0,0.5335414335355438,0.0,0.0,0.0,0.0,0.0,0.0,0.0,0.0,0.0,0.0,0.0,0.0,0.0,0.0,0.0,0.0
177253,D085B,2016,8,0.3961328234306502,0.39612442869135345,0.0,0.0,0.0,0.0,0.0,0.0,0.0,0.0,0.33932891466445736,0.0,0.0,0.47062253371812257,0.0,0.0,0.0,0.0,0.0,0.0,0.0,0.0,0.0,0.0,0.0,0.0,0.0,0.0,0.0,0.0
177253,D085B,2016,11,0.3961328234306502,0.39612442869135345,0.0,0.0,0.0,0.0,0.0,0.0,0.0,0.0,0.33932891466445736,0.0,0.0,0.5335414335355438,0.0,0.0,0.0,0.0,0.0,0.0,0.0,0.0,0.0,0.0,0.0,0.0,0.0,0.0,0.0,0.0
602518,D085B,2016,3,0.3961328234306502,0.26436899542953085,0.6199610231425092,0.0,0.0,0.0,0.0,0.0,0.0,0.0,0.4173487986743994,0.7087967644084934,0.0,0.40770363390070086,0.0,0.0,0.0,0.0,0.0,0.0,0.0,0.0,0.0,0.0,0.0,0.0,0.0,0.0,0.0,0.0
602518,D085B,2016,8,0.3961328234306502,0.26436899542953085,0.6199610231425092,0.0,0.0,0.0,0.0,0.0,0.0,0.0,0.4173487986743994,0.0,0.0,0.47062253371812257,0.0,0.0,0.0,0.0,0.0,0.0,0.0,0.0,0.0,0.0,0.0,0.0,0.0,0.0,0.0,0.0
177253,D085B,2016,7,0.3961328234306502,0.39612442869135345,0.0,0.0,0.0,0.0,0.0,0.0,0.0,0.0,0.33932891466445736,0.0,0.0,0.5335414335355438,0.0,0.0,0.0,0.0,0.0,0.0,0.0,0.0,0.0,0.0,0.0,0.0,0.0,0.0,0.0,0.0
177253,D085B,2017,10,0.4066766159873147,0.40665982650872123,0.0,0.0,0.0,0.0,0.0,0.2738568055464098,0.0,0.0,0.44262634631317316,0.0,0.0,0.0,0.0,0.0,0.0,0.0,0.0,0.0,0.0,0.0,0.0,0.19720176730486005,0.1768423137876387,0.0,0.0,0.0,0.0,0.0
602518,D085B,2017,2,0.3961328234306502,0.26436899542953085,0.6199610231425092,0.0,0.0,0.0,0.0,0.0,0.0,0.0,0.5085418392709198,0.0,0.0,0.5335414335355438,0.0,0.0,0.0,0.0,0.0,0.0,0.0,0.0,0.0,0.0,0.0,0.0,0.0,0.0,0.0,0.0
177253,D085B,2017,2,0.3961328234306502,0.39612442869135345,0.0,0.0,0.0,0.0,0.0,0.0,0.0,0.0,0.43052195526097764,0.0,0.0,0.5335414335355438,0.0,0.0,0.0,0.0,0.0,0.0,0.0,0.0,0.0,0.0,0.10000000000000009,0.0,0.0,0.0,0.0,0.0
602518,D085B,2017,10,0.4066766159873147,0.27226005036843576,0.6376959362196879,0.0,0.0,0.0,0.0,0.0,0.0,0.0,0.5222120961060481,0.0,0.0,0.43314682843512575,0.0,0.0,0.0,0.0,0.0,0.0,0.0,0.0,0.0,0.10000000000000003,0.0,0.0,0.0,0.0,0.0,0.0
177253,D085B,2017,6,0.4066766159873147,0.40665982650872123,0.0,0.0,0.0,0.0,0.0,0.0,0.0,0.0,0.44262634631317316,0.0,0.0,0.4973378879792686,0.0,0.0,0.0,0.0,0.0,0.0,0.0,0.0,0.0,0.19720176730486005,0.1768423137876387,0.0,0.0,0.0,0.0,0.0
177253,D085B,2017,3,0.3961328234306502,0.39612442869135345,0.0,0.0,0.0,0.0,0.0,0.0,0.0,0.0,0.43052195526097764,0.0,0.0,0.2818658342658579,0.0,0.0,0.0,0.0,0.0,0.0,0.0,0.0,0.0,0.0,0.10000000000000009,0.0,0.0,0.0,0.0,0.0
602518,D085B,2017,1,0.3961328234306502,0.26436899542953085,0.6199610231425092,0.0,0.0,0.0,0.0,0.0,0.0,0.0,0.5085418392709198,0.0,0.0,0.2818658342658579,0.0,0.0,0.0,0.0,0.0,0.0,0.0,0.0,0.0,0.0,0.0,0.0,0.0,0.0,0.0,0.0
602518,D085B,2017,4,0.4066766159873147,0.27226005036843576,0.6376959362196879,0.0,0.0,0.0,0.0,0.0,0.0,0.0,0.5222120961060481,1.0,0.0,0.5615289475234114,0.0,0.0,0.0,0.0,0.0,0.0,0.0,0.0,0.10000000000000142,0.12650957290132547,0.0,0.1,0.09999999999999998,0.10000000000000142,0.0,0.0
177253,D085B,2017,4,0.4066766159873147,0.40665982650872123,0.0,0.0,0.0,0.0,0.0,0.0,0.0,0.0,0.44262634631317316,1.0,0.0,0.5615289475234114,0.0,0.0,0.0,0.0,0.0,0.0,0.0,0.0,0.10000000000000142,0.22326951399116346,0.1768423137876387,0.10253204126289467,0.0,1.0000000000000036,0.0,0.0
177253,D085B,2017,5,0.4066766159873147,0.40665982650872123,0.0,0.0,0.0,0.0,0.0,0.0,0.0,0.0,0.44262634631317316,0.0,0.0,0.4973378879792686,0.0,0.0,0.0,0.0,0.0,0.0,0.0,0.0,0.0,0.19720176730486005,0.1768423137876387,0.0,0.0,0.0,0.0,0.0
602518,D085B,2017,11,0.4066766159873147,0.27226005036843576,0.6376959362196879,0.0,0.0,0.0,0.0,0.0,0.0,0.0,0.5222120961060481,0.0,0.0,0.43314682843512575,0.0,0.0,0.0,0.0,0.0,0.0,0.0,0.0,0.0,0.10000000000000003,0.0,0.0,0.0,0.0,0.0,0.0
602518,D085B,2017,6,0.4066766159873147,0.27226005036843576,0.6376959362196879,0.0,0.0,0.0,0.0,0.0,0.0,0.0,0.5222120961060481,0.0,0.0,0.4973378879792686,0.0,0.0,0.0,0.0,0.0,0.0,0.0,0.0,0.0,0.10000000000000003,0.0,0.0,0.0,0.0,0.0,0.0
602518,D085B,2017,9,0.4066766159873147,0.27226005036843576,0.6376959362196879,0.0,0.0,0.0,0.0,0.0,0.0,0.0,0.5222120961060481,0.0,0.0,0.4973378879792686,0.0,0.0,0.0,0.0,0.0,0.0,0.0,0.0,0.0,0.10000000000000003,0.0,0.0,0.0,0.0,0.0,0.0
602518,D085B,2017,12,0.4066766159873147,0.27226005036843576,0.6376959362196879,0.0,0.0,0.0,0.0,0.0,0.0,0.0,0.5222120961060481,0.0,0.0,0.5615289475234114,0.0,0.0,0.0,0.0,0.0,0.0,0.0,0.0,0.0,0.10000000000000003,0.0,0.0,0.0,0.0,0.0,0.0
177253,D085B,2017,8,0.4066766159873147,0.40665982650872123,0.0,0.0,0.0,0.0,0.0,0.0,0.0,0.0,0.44262634631317316,0.0,0.0,0.43314682843512575,0.0,0.0,0.0,0.0,0.0,0.0,0.0,0.0,0.0,0.19720176730486005,0.1768423137876387,0.0,0.0,0.0,0.0,0.0
177253,D085B,2017,11,0.4066766159873147,0.40665982650872123,0.0,0.0,0.0,0.0,0.0,0.0,0.0,0.0,0.44262634631317316,0.0,0.0,0.0,0.0,0.0,0.0,0.0,0.0,0.0,0.0,0.0,0.0,0.19720176730486005,0.1768423137876387,0.0,0.0,0.0,0.0,0.0
602518,D085B,2017,3,0.3961328234306502,0.26436899542953085,0.6199610231425092,0.0,0.0,0.0,0.0,0.0,0.0,0.0,0.5085418392709198,0.0,0.0,0.2818658342658579,0.0,0.0,0.0,0.0,0.0,0.0,0.0,0.0,0.0,0.0,0.0,0.0,0.0,0.0,0.0,0.0
602518,D085B,2017,8,0.4066766159873147,0.27226005036843576,0.6376959362196879,0.0,0.0,0.0,0.0,0.8522365314243248,0.0,0.0,0.5222120961060481,0.0,0.0,0.0,0.0,0.0,0.0,0.0,0.0,0.0,0.0,0.0,0.0,0.10000000000000003,0.0,0.0,0.0,0.0,0.0,0.0
177253,D085B,2017,7,0.4066766159873147,0.40665982650872123,0.0,0.0,0.0,0.0,0.0,0.0,0.0,0.0,0.44262634631317316,0.0,0.0,0.5615289475234114,0.0,0.0,0.0,0.0,0.0,0.0,0.0,0.0,0.0,0.19720176730486005,0.1768423137876387,0.0,0.0,0.0,0.0,0.0
177253,D085B,2018,10,0.4228029101762895,0.422819699654883,0.0,0.0,0.0,0.0,0.0,0.28381325080195285,0.0,0.0,0.4566694283347142,0.0,0.0,0.0,0.0,0.0,0.0,0.0,0.0,0.10002101036511349,0.0,0.0,0.0,0.0,0.2943343898573696,0.0,0.0,0.0,0.0,0.0
602518,D085B,2018,2,0.4066766159873147,0.27226005036843576,0.6376959362196879,0.0,0.0,0.0,0.0,0.0,0.0,0.0,0.5222120961060481,0.0,0.0,0.43314682843512575,0.0,0.0,0.0,0.0,0.0,0.0,0.0,0.0,0.0,0.5228276877761414,0.0,0.0,0.0,0.0,0.0,0.0
177253,D085B,2018,2,0.4066766159873147,0.40665982650872123,0.0,0.0,0.0,0.0,0.0,0.0,0.0,0.0,0.44262634631317316,0.0,0.0,0.43314682843512575,0.0,0.0,0.0,0.0,0.0,0.0,0.0,0.0,0.0,0.7167893961708394,0.1768423137876387,0.0,0.0,0.0,0.0,0.0
602518,D085B,2018,10,0.4228029101762895,0.2843484749556945,0.6648304728158565,0.0,0.0,0.0,0.0,0.0,0.0,0.0,0.5386661143330571,0.0,0.0,0.7395252959538253,0.0,0.0,0.0,0.0,0.0,0.0,0.0,0.0,0.0,0.5480117820324005,0.0,0.0,0.0,0.0,0.0,0.0
177253,D085B,2018,6,0.4228029101762895,0.422819699654883,0.0,0.0,0.0,0.0,0.0,0.0,0.0,0.0,0.4566694283347142,0.0,0.0,0.898545261793981,0.0,0.0,0.0,0.0,0.0,0.0,0.0,0.0,0.0,0.7481590574374077,0.2943343898573696,0.0,0.0,0.0,0.0,0.0
177253,D085B,2018,3,0.4228029101762895,0.422819699654883,0.0,0.0,0.0,0.0,0.0,0.0,0.0,0.0,0.4566694283347142,0.0,0.0,0.8190352788739031,0.0,0.0,0.0,1.0,0.0,0.0,0.0,0.0,0.0,0.7481590574374077,0.2943343898573696,0.0,0.0,0.0,0.0,0.0
602518,D085B,2018,1,0.4066766159873147,0.27226005036843576,0.6376959362196879,0.0,0.0,0.0,0.0,0.0,0.0,0.0,0.5222120961060481,0.0,0.0,0.24057364980269746,0.0,0.0,0.0,0.0,0.0,0.0,0.0,0.0,0.0,0.5228276877761414,0.0,0.0,0.0,0.0,0.10000000000000142,0.0
602518,D085B,2018,4,0.4228029101762895,0.2843484749556945,0.6648304728158565,0.0,0.0,0.0,0.0,0.0,0.0,0.0,0.5386661143330571,0.0,0.0,0.8190352788739031,0.0,0.0,0.0,0.0,0.0,0.0,0.0,0.0,0.0,0.5480117820324005,0.0,0.0,0.0,0.0,0.0,0.0
177253,D085B,2018,4,0.4228029101762895,0.422819699654883,0.0,0.0,0.0,0.0,0.0,0.0,0.0,0.0,0.4566694283347142,0.0,0.0,0.8190352788739031,0.0,0.0,0.0,0.0,0.0,0.0,0.0,0.0,0.0,0.7481590574374077,0.2943343898573696,0.0,0.0,0.0,0.0,0.0
177253,D085B,2018,5,0.4228029101762895,0.422819699654883,0.0,0.0,0.0,0.0,0.0,0.0,0.0,0.0,0.4566694283347142,0.0,0.0,0.8190352788739031,0.0,0.0,0.0,0.0,0.0,0.0,0.0,0.0,0.0,0.7481590574374077,0.2943343898573696,0.0,0.0,0.0,0.0,0.0
602518,D085B,2018,11,0.4228029101762895,0.2843484749556945,0.6648304728158565,0.0,0.0,0.0,0.0,0.0,0.0,0.0,0.5386661143330571,0.0,0.0,0.7395252959538253,0.0,0.0,0.0,0.0,0.0,0.0,0.0,0.0,0.0,0.5480117820324005,0.0,0.0,0.0,0.0,0.0,0.0
602518,D085B,2018,6,0.4228029101762895,0.2843484749556945,0.6648304728158565,0.0,0.0,0.0,0.0,0.0,0.0,0.0,0.5386661143330571,0.0,0.0,0.898545261793981,0.0,0.0,0.0,0.0,0.0,0.0,0.0,0.0,0.0,0.5480117820324005,0.0,0.0,0.0,0.0,0.0,0.0
602518,D085B,2018,9,0.4228029101762895,0.2843484749556945,0.6648304728158565,0.0,0.0,0.0,0.0,0.0,0.0,0.0,0.5386661143330571,0.0,0.0,0.898545261793981,0.0,0.0,0.0,0.0,0.0,0.0,0.0,0.0,0.0,0.5480117820324005,0.0,0.0,0.0,0.0,0.0,0.0
602518,D085B,2018,12,0.4228029101762895,0.2843484749556945,0.6648304728158565,0.0,0.0,0.0,0.0,0.8795490249569626,0.0,0.0,0.5386661143330571,0.0,0.0,0.0,0.0,0.0,0.0,0.0,0.0,0.0,0.0,0.0,0.0,0.5480117820324005,0.0,0.0,0.0,0.0,0.0,0.0
177253,D085B,2018,8,0.4228029101762895,0.422819699654883,0.0,0.0,0.0,0.0,0.0,0.0,0.0,0.0,0.4566694283347142,0.0,0.0,0.6600153130337477,0.0,0.0,0.0,0.0,0.0,0.10002101036511349,0.0,0.0,0.0,0.0,0.2943343898573696,0.0,0.0,0.0,0.0,0.0
177253,D085B,2018,11,0.4228029101762895,0.422819699654883,0.0,0.0,0.0,0.0,0.0,0.0,0.0,0.0,0.4566694283347142,0.0,0.0,0.7395252959538253,0.0,0.0,0.0,0.0,0.0,0.10002101036511349,0.0,0.0,0.0,0.0,0.2943343898573696,0.0,0.0,0.0,0.0,0.0
602518,D085B,2018,3,0.4228029101762895,0.2843484749556945,0.6648304728158565,0.0,0.0,0.0,0.0,0.0,0.0,0.0,0.5386661143330571,0.0,0.0,0.8190352788739031,0.0,0.0,0.0,0.0,0.0,0.0,0.0,0.0,0.0,0.5480117820324005,0.0,0.0,0.0,0.0,0.0,0.0
602518,D085B,2018,8,0.4228029101762895,0.2843484749556945,0.6648304728158565,0.0,0.0,0.0,0.0,0.0,0.0,0.0,0.5386661143330571,0.0,0.0,0.6600153130337477,0.0,0.0,0.0,0.0,0.0,0.0,0.0,0.0,0.0,0.5480117820324005,0.0,0.0,0.0,0.0,0.0,0.0
177253,D085B,2018,7,0.4228029101762895,0.422819699654883,0.0,0.0,0.0,0.0,0.0,0.0,0.0,0.0,0.4566694283347142,0.0,0.0,0.898545261793981,0.0,0.0,0.0,0.0,0.0,0.10002101036511349,1.0,0.0,0.0,0.0,0.2943343898573696,0.0,0.0,0.0,0.0,0.0
177253,D085B,2019,10,0.4228029101762895,0.422819699654883,0.10000000000000003,0.0,0.0,0.0,0.0,0.0,0.0,0.0,0.4873653686826844,0.0,0.0,0.7395252959538253,0.0,0.0,0.0,0.0,0.0,0.12912036604725,0.0,0.0,0.0,0.0,0.2943343898573696,0.0,0.0,0.0,0.0,0.0
602518,D085B,2019,2,0.4228029101762895,0.2843484749556945,0.0,0.0,0.0,0.0,0.0,0.0,0.0,0.0,0.5693620546810274,0.0,0.0,0.42148536427351446,0.0,0.0,0.0,0.0,0.0,0.0,0.0,0.0,0.0,1.0,0.0,0.0,0.0,0.0,1.0000000000000036,0.0
177253,D085B,2019,2,0.4228029101762895,0.422819699654883,0.0,0.0,0.0,0.0,0.0,0.0,0.09999999999999432,0.0,0.14304888152444076,0.0,0.0,0.42148536427351446,0.0,0.0,0.0,0.0,0.0,0.1,0.0,0.0,0.0,0.0,1.0,0.0,0.0,0.0,0.0,0.0
602518,D085B,2019,10,0.4228029101762895,0.2843484749556945,0.3853172406156573,0.0,0.0,0.0,0.0,0.0,0.0,0.0,0.5693620546810274,0.0,0.0,0.7395252959538253,0.0,0.0,0.0,0.0,0.0,0.0,0.0,0.0,0.0,1.0,0.0,0.0,0.0,0.0,0.0,0.0
177253,D085B,2019,6,0.4228029101762895,0.422819699654883,0.10000000000000003,0.0,0.0,0.0,0.0,0.0,0.0,0.0,0.4873653686826844,0.0,0.0,0.9780552447140586,0.0,0.0,0.0,0.0,0.0,0.12912036604725,0.0,0.0,0.0,0.0,0.2943343898573696,0.0,0.0,0.0,0.0,0.0
177253,D085B,2019,3,0.4228029101762895,0.422819699654883,0.0,0.0,0.0,0.0,0.0,0.0,0.0,0.0,0.4873653686826844,0.0,0.0,0.8190352788739031,0.0,0.0,0.0,0.0,0.0,0.12912036604725,0.0,0.0,0.0,0.0,0.2943343898573696,0.0,0.0,0.0,0.0,0.0
602518,D085B,2019,1,0.4228029101762895,0.2843484749556945,0.0,0.0,0.0,0.0,0.0,0.0,0.0,0.0,0.5693620546810274,0.0,0.0,0.7395252959538253,0.0,0.0,0.0,0.0,0.0,0.0,0.0,0.0,0.0,0.5590574374079529,0.0,0.0,0.0,0.0,0.0,0.0
602518,D085B,2019,4,0.4228029101762895,0.2843484749556945,0.3853172406156573,0.0,0.0,0.0,0.0,0.0,0.0,0.0,0.5693620546810274,0.0,0.0,0.898545261793981,0.0,0.0,0.0,0.0,0.0,0.0,0.0,0.0,0.0,1.0,0.0,0.0,0.0,0.0,0.0,0.0
177253,D085B,2019,4,0.4228029101762895,0.422819699654883,0.10000000000000003,0.0,0.0,0.0,0.0,0.0,0.0,0.0,0.4873653686826844,0.0,0.0,0.898545261793981,0.0,0.0,0.0,0.0,0.0,0.12912036604725,0.0,0.0,0.0,0.0,0.2943343898573696,0.0,0.0,0.0,0.0,0.0
177253,D085B,2019,5,0.4228029101762895,0.422819699654883,0.10000000000000003,0.0,0.0,0.0,0.0,0.0,0.0,0.0,0.4873653686826844,0.0,0.0,0.6600153130337477,0.0,0.0,0.0,0.0,0.0,0.12912036604725,0.0,0.0,0.0,0.0,0.2943343898573696,0.0,0.0,0.0,0.0,0.0
602518,D085B,2019,11,0.4228029101762895,0.2843484749556945,0.3853172406156573,0.0,0.0,0.0,0.0,0.0,0.0,0.0,0.5693620546810274,0.0,0.0,0.8190352788739031,0.0,0.0,0.0,0.0,0.0,0.0,0.0,0.0,0.0,1.0,0.0,0.0,0.0,0.0,0.0,0.0
602518,D085B,2019,6,0.4228029101762895,0.2843484749556945,0.3853172406156573,0.0,0.0,0.0,0.0,0.0,0.0,0.0,0.5693620546810274,0.0,0.0,0.9780552447140586,0.0,0.0,0.0,0.0,0.0,0.0,0.0,0.0,0.0,1.0,0.0,0.0,0.0,0.0,0.0,0.0
602518,D085B,2019,9,0.4228029101762895,0.2843484749556945,0.3853172406156573,0.0,0.0,0.0,0.0,0.0,0.0,0.0,0.5693620546810274,0.0,0.0,0.898545261793981,0.0,0.0,0.0,0.0,0.0,0.0,0.0,0.0,0.0,1.0,0.0,0.0,0.0,0.0,0.0,0.0
602518,D085B,2019,12,0.4228029101762895,0.2843484749556945,0.3853172406156573,0.0,0.0,0.0,0.0,0.6851528178884886,0.0,0.0,0.5693620546810274,0.0,0.0,0.0,0.0,0.0,0.0,0.0,0.0,0.0,0.0,0.0,0.0,1.0,0.0,0.0,0.0,0.0,0.0,0.0
177253,D085B,2019,8,0.4228029101762895,0.422819699654883,0.10000000000000003,0.0,0.0,0.0,0.0,0.0,0.0,0.0,0.4873653686826844,0.0,0.0,0.8190352788739031,0.0,0.0,0.0,0.0,0.0,0.12912036604725,0.0,0.0,0.0,0.0,0.2943343898573696,0.0,0.0,0.0,0.0,0.0
177253,D085B,2019,11,0.4228029101762895,0.422819699654883,0.10000000000000003,0.0,0.0,0.0,0.0,0.0,0.0,0.0,0.4873653686826844,0.0,0.0,0.8190352788739031,0.0,0.0,0.0,0.0,0.0,0.12912036604725,0.0,0.0,0.0,0.0,0.2943343898573696,0.0,0.0,0.0,0.0,0.0
602518,D085B,2019,3,0.4228029101762895,0.2843484749556945,0.3853172406156573,0.0,0.0,0.0,0.0,0.0,0.0,0.0,0.5693620546810274,0.0,0.10000000000000003,0.8190352788739031,0.0,0.0,0.0,0.0,0.0,0.0,0.0,0.0,0.0,1.0,0.0,0.0,0.0,0.0,0.0,0.0
602518,D085B,2019,8,0.4228029101762895,0.2843484749556945,0.3853172406156573,0.0,0.0,0.0,0.0,0.0,0.0,0.0,0.5693620546810274,0.0,0.0,0.8190352788739031,0.0,0.0,0.0,0.0,0.0,0.0,0.0,0.0,0.0,1.0,0.0,0.0,0.0,0.0,0.0,0.0
177253,D085B,2019,7,0.4228029101762895,0.422819699654883,0.10000000000000003,0.0,0.0,0.0,0.0,0.0,0.0,0.0,0.4873653686826844,0.0,0.0,0.8190352788739031,0.0,0.0,0.0,0.0,0.0,0.12912036604725,0.0,0.0,0.0,0.0,0.2943343898573696,0.0,0.0,0.0,0.0,0.0
177253,D085B,2020,10,0.4228029101762895,0.422819699654883,0.10000000000000003,0.0,0.0,0.0,0.0,0.0,0.0,0.0,0.6041839270919636,0.0,0.0,0.7395252959538253,0.0,0.0,0.0,0.0,0.0,0.14294518629190403,0.0,0.0,0.0,0.0,0.2943343898573696,0.0,0.0,0.0,0.0,0.0
602518,D085B,2020,2,0.4228029101762895,0.2843484749556945,0.3853172406156573,0.0,0.0,0.0,0.0,0.0,0.0,0.0,0.6861806130903065,0.0,0.0,0.7395252959538253,0.0,0.0,0.0,0.0,0.0,0.0,0.0,0.0,0.0,0.0,0.0,0.0,0.0,0.0,0.0,0.0
177253,D085B,2020,2,0.4228029101762895,0.422819699654883,0.10000000000000003,0.0,0.0,0.0,0.0,0.0,0.0,0.0,0.6041839270919636,0.0,0.0,0.7395252959538253,0.0,0.0,0.0,0.0,0.0,0.14294518629190403,0.0,0.0,0.0,0.0,0.2943343898573696,0.0,0.0,0.0,0.0,0.0
602518,D085B,2020,10,0.4228029101762895,0.2843484749556945,0.3853172406156573,0.0,0.0,0.0,0.0,0.0,0.0,0.0,0.6861806130903065,0.0,0.0,0.7395252959538253,0.0,0.0,0.0,0.0,0.0,0.0,0.0,0.0,0.0,0.0,0.0,0.0,0.0,0.0,0.0,0.0
177253,D085B,2020,6,0.4228029101762895,0.422819699654883,0.10000000000000003,0.0,0.0,0.0,0.0,0.0,0.0,0.0,0.6041839270919636,0.0,0.0,0.9780552447140586,0.0,0.0,0.0,0.0,0.0,0.14294518629190403,0.0,0.0,0.0,0.0,0.2943343898573696,0.0,0.0,0.0,0.0,0.0
177253,D085B,2020,3,0.4228029101762895,0.422819699654883,0.10000000000000003,0.0,0.0,0.0,0.0,0.0,0.0,0.0,0.6041839270919636,0.0,0.0,0.7395252959538253,0.0,0.0,0.0,0.0,0.0,0.14294518629190403,0.0,0.0,0.0,0.0,0.2943343898573696,0.0,0.0,0.0,0.0,0.0
602518,D085B,2020,1,0.4228029101762895,0.2843484749556945,0.3853172406156573,0.0,0.0,0.0,0.0,0.0,0.0,0.0,0.6712676056338029,0.0,0.0,0.5009953471935921,0.0,0.0,0.0,0.0,0.0,0.0,0.0,0.0,0.0,0.0,0.0,0.0,0.0,0.0,0.0,0.0
602518,D085B,2020,4,0.4228029101762895,0.2843484749556945,0.3853172406156573,0.0,0.0,0.0,0.0,0.0,0.0,0.0,0.6861806130903065,0.0,0.0,0.7395252959538253,0.0,0.0,0.0,0.0,0.0,0.0,0.0,0.0,0.0,0.0,0.0,0.0,0.0,0.0,0.0,0.0
177253,D085B,2020,4,0.4228029101762895,0.422819699654883,0.10000000000000003,0.0,0.0,0.0,0.0,0.0,0.0,0.0,0.6041839270919636,0.0,0.0,0.7395252959538253,0.0,0.0,0.0,0.0,0.0,0.14294518629190403,0.0,0.0,0.0,0.0,0.2943343898573696,0.0,0.0,0.0,0.0,0.0
177253,D085B,2020,5,0.4228029101762895,0.422819699654883,0.10000000000000003,0.0,0.0,0.0,0.0,0.0,0.0,0.0,0.6041839270919636,0.0,0.0,0.8190352788739031,0.0,0.0,0.0,0.0,0.0,0.14294518629190403,0.0,0.0,0.0,0.0,0.2943343898573696,0.0,0.0,0.0,0.0,0.0
602518,D085B,2020,11,0.4228029101762895,0.2843484749556945,0.3853172406156573,0.0,0.0,0.0,0.0,0.0,0.0,0.0,0.6861806130903065,0.0,0.0,0.898545261793981,0.0,0.0,0.0,0.0,0.0,0.0,0.0,0.0,0.0,0.0,0.0,0.0,0.0,0.0,0.0,0.0
602518,D085B,2020,6,0.4228029101762895,0.2843484749556945,0.3853172406156573,0.0,0.0,0.0,0.0,0.0,0.0,0.0,0.6861806130903065,0.0,0.0,0.9780552447140586,0.0,0.0,0.0,0.0,0.0,0.0,0.0,0.0,0.0,0.0,0.0,0.0,0.0,0.0,0.0,0.0
602518,D085B,2020,9,0.4228029101762895,0.2843484749556945,0.3853172406156573,0.0,0.0,0.0,0.0,0.0,0.0,0.0,0.6861806130903065,0.0,0.0,0.7395252959538253,0.0,0.0,0.0,0.0,0.0,0.0,0.0,0.0,0.0,0.0,0.0,0.0,0.0,0.0,0.0,0.0
602518,D085B,2020,12,0.4228029101762895,0.2843484749556945,0.3853172406156573,0.0,0.0,0.0,0.0,0.0,0.0,0.0,0.6861806130903065,0.0,0.0,0.7395252959538253,0.0,0.0,0.0,0.0,0.0,0.0,0.0,0.0,0.0,0.0,0.0,0.0,0.0,0.0,0.0,0.0
177253,D085B,2020,8,0.4228029101762895,0.422819699654883,0.10000000000000003,0.0,0.0,0.0,0.0,0.0,0.0,0.0,0.6041839270919636,0.0,0.0,0.8190352788739031,0.0,0.0,0.0,0.0,0.0,0.14294518629190403,0.0,0.0,0.0,0.0,0.2943343898573696,0.0,0.0,0.0,0.0,0.0
177253,D085B,2020,11,0.4228029101762895,0.422819699654883,0.10000000000000003,0.0,0.0,0.0,0.0,0.0,0.0,0.0,0.6041839270919636,0.0,0.0,0.898545261793981,0.0,0.0,0.0,0.0,0.0,0.14294518629190403,0.0,0.0,0.0,0.0,0.2943343898573696,0.0,0.0,0.0,0.0,0.0
602518,D085B,2020,3,0.4228029101762895,0.2843484749556945,0.3853172406156573,0.0,0.0,0.0,0.0,0.0,0.0,0.0,0.6861806130903065,0.0,0.0,0.7395252959538253,0.0,0.0,0.0,0.0,0.0,0.0,0.0,0.0,0.0,0.0,0.0,0.0,0.0,0.0,0.0,0.0
602518,D085B,2020,8,0.4228029101762895,0.2843484749556945,0.3853172406156573,0.0,0.0,0.0,0.0,0.0,0.0,0.0,0.6861806130903065,0.0,0.0,0.0,0.0,0.0,0.0,0.0,0.0,0.0,0.0,0.0,0.0,0.0,0.0,0.0,0.0,0.0,0.0,0.2133835462744723
177253,D085B,2020,7,0.4228029101762895,0.422819699654883,0.10000000000000003,0.0,0.0,0.0,0.0,0.0,0.0,0.0,0.6041839270919636,0.0,0.0,0.8190352788739031,0.0,0.0,0.0,0.0,0.0,0.14294518629190403,0.0,0.0,0.0,0.0,0.2943343898573696,0.0,0.0,0.0,0.0,0.0
177253,D085B,2021,10,0.4228029101762895,0.422819699654883,0.10000000000000003,0.0,0.0,0.0,0.0,0.0,0.0,0.0,0.7408864954432477,0.0,0.0,0.7395252959538253,0.0,0.0,0.0,0.0,0.0,0.1591231674292651,0.0,0.0,0.0,0.0,0.2943343898573696,0.0,0.0,0.0,0.0,0.0
602518,D085B,2021,2,0.4228029101762895,0.2843484749556945,0.3853172406156573,0.0,0.0,0.0,0.0,0.0,0.0,0.0,0.8228831814415907,0.0,0.0,0.8190352788739031,0.0,0.0,0.0,0.0,0.0,0.0,0.0,0.0,0.0,0.0,0.0,0.0,0.0,0.0,0.0,0.0
177253,D085B,2021,2,0.4228029101762895,0.422819699654883,0.10000000000000003,0.0,0.0,0.0,0.0,0.0,0.0,0.0,0.7408864954432477,0.0,0.0,0.8190352788739031,0.0,0.0,0.0,0.0,0.0,0.1591231674292651,0.0,0.0,0.0,0.0,0.2943343898573696,0.0,0.0,0.0,0.0,0.0
602518,D085B,2021,10,0.4228029101762895,0.2843484749556945,0.3853172406156573,0.0,0.0,0.0,0.0,0.0,0.0,0.0,0.8228831814415907,0.0,0.0,0.7395252959538253,0.0,0.0,0.0,0.0,0.0,0.0,0.0,0.0,0.0,0.0,0.0,0.0,0.0,0.0,0.0,0.0
177253,D085B,2021,6,0.4228029101762895,0.422819699654883,0.10000000000000003,0.0,0.0,0.0,0.0,0.0,0.0,0.0,0.7408864954432477,0.0,0.0,0.898545261793981,0.0,0.0,0.0,0.0,0.0,0.1591231674292651,0.0,0.0,0.0,0.0,0.2943343898573696,0.0,0.0,0.0,0.0,0.0
177253,D085B,2021,3,0.4228029101762895,0.422819699654883,0.10000000000000003,0.0,0.0,0.0,0.0,0.0,0.0,0.0,0.7408864954432477,0.0,0.0,0.7395252959538253,0.0,0.0,0.0,0.0,0.0,0.1591231674292651,0.0,0.0,0.0,0.0,0.2943343898573696,0.0,0.0,0.0,0.0,0.0
602518,D085B,2021,1,0.4228029101762895,0.2843484749556945,0.3853172406156573,0.0,0.0,0.0,0.0,0.0,0.0,0.0,0.8228831814415907,0.0,0.0,0.7395252959538253,0.0,0.0,0.0,0.0,0.0,0.0,0.0,0.0,0.0,0.0,0.0,0.0,0.0,0.0,0.0,0.0
602518,D085B,2021,4,0.4228029101762895,0.2843484749556945,0.3853172406156573,0.0,0.0,0.0,0.0,0.0,0.0,0.0,0.8228831814415907,0.0,0.0,0.8190352788739031,0.0,0.0,0.0,0.0,0.0,0.0,0.0,0.0,0.0,0.0,0.0,0.0,0.0,0.0,0.0,0.0
177253,D085B,2021,4,0.4228029101762895,0.422819699654883,0.10000000000000003,0.0,0.0,0.0,0.0,0.0,0.0,0.0,0.7408864954432477,0.0,0.0,0.8190352788739031,0.0,0.0,0.0,0.0,0.0,0.1591231674292651,0.0,0.0,0.0,0.0,0.2943343898573696,0.0,0.0,0.0,0.0,0.0
177253,D085B,2021,5,0.4228029101762895,0.422819699654883,0.10000000000000003,0.0,0.0,0.0,0.0,0.0,0.0,0.0,0.7408864954432477,0.0,0.0,0.8190352788739031,0.0,0.0,0.0,0.0,0.0,0.1591231674292651,0.0,0.0,0.0,0.0,0.2943343898573696,0.0,0.0,0.0,0.0,0.0
602518,D085B,2021,11,0.4228029101762895,0.2843484749556945,0.3853172406156573,0.0,0.0,0.0,0.0,0.0,0.0,0.0,0.8228831814415907,0.0,0.0,0.8190352788739031,0.0,0.0,0.0,0.0,0.0,0.0,0.0,0.0,0.0,0.0,0.0,0.0,0.0,0.0,0.0,0.0
602518,D085B,2021,6,0.4228029101762895,0.2843484749556945,0.3853172406156573,0.0,0.0,0.0,0.0,0.0,0.0,0.0,0.8228831814415907,0.0,0.0,0.898545261793981,0.0,0.0,0.0,0.0,0.0,0.0,0.0,0.0,0.0,0.0,0.0,0.0,0.0,0.0,0.0,0.0
602518,D085B,2021,9,0.4228029101762895,0.2843484749556945,0.3853172406156573,0.0,0.0,0.0,0.0,0.0,0.0,0.0,0.8228831814415907,0.0,0.0,0.6600153130337477,0.0,0.0,0.0,0.0,0.0,0.0,0.0,0.0,0.0,0.0,0.0,0.0,0.0,0.0,0.0,0.0
602518,D085B,2021,12,0.4228029101762895,0.2843484749556945,0.3853172406156573,0.0,0.0,0.0,0.0,0.0,0.0,0.0,0.8228831814415907,0.0,0.0,0.8190352788739031,0.0,0.0,0.0,0.0,0.0,0.0,0.0,0.0,0.0,0.0,0.0,0.0,0.0,0.0,0.0,0.0
177253,D085B,2021,8,0.4228029101762895,0.422819699654883,0.10000000000000003,0.0,0.0,0.0,0.0,0.0,0.0,0.0,0.7408864954432477,0.0,0.0,0.8190352788739031,0.0,0.0,0.0,0.0,0.0,0.1591231674292651,0.0,0.0,0.0,0.0,0.2943343898573696,0.0,0.0,0.0,0.0,0.0
177253,D085B,2021,11,0.4228029101762895,0.422819699654883,0.10000000000000003,0.0,0.0,0.0,0.0,0.0,0.0,0.0,0.7408864954432477,0.0,0.0,0.0,0.0,0.0,0.0,0.0,0.0,0.1591231674292651,0.0,0.0,0.0,0.0,0.2943343898573696,0.0,0.0,0.0,0.0,0.09999999999999998
602518,D085B,2021,3,0.4228029101762895,0.2843484749556945,0.3853172406156573,0.0,0.0,0.0,0.0,0.0,0.0,0.0,0.8228831814415907,0.0,0.0,0.7395252959538253,0.0,0.0,0.0,0.0,0.0,0.0,0.0,0.0,0.0,0.0,0.0,0.0,0.0,0.0,0.0,0.0
602518,D085B,2021,8,0.4228029101762895,0.2843484749556945,0.3853172406156573,0.0,0.0,0.0,0.0,0.0,0.0,0.0,0.8228831814415907,0.0,0.0,0.0,0.0,0.0,0.0,0.0,0.0,0.0,0.0,0.0,0.0,0.0,0.0,0.0,0.0,0.0,0.0,0.22773946093566544
177253,D085B,2021,7,0.4228029101762895,0.422819699654883,0.10000000000000003,0.0,0.0,0.0,0.0,0.0,0.0,0.0,0.7408864954432477,0.0,0.0,0.898545261793981,0.0,0.0,0.0,0.0,0.0,0.1591231674292651,0.0,0.0,0.0,0.0,0.2943343898573696,0.0,0.0,0.0,0.0,0.0
177253,D085B,2022,10,0.8811137020800301,0.8811304915586234,0.13939630162772676,0.0,0.0,0.0,0.0,0.0,0.0,0.0,0.0,0.0,0.0,0.7395252959538253,0.0,0.1647670737222977,0.0,0.0,0.0,0.5420160612568867,0.0,0.0,0.0,0.0,0.0,0.0,0.0,0.0,0.0,0.0
602518,D085B,2022,2,0.8320296614121818,0.5912601436433169,0.42033661831469393,1.0,0.0,0.0,0.0,0.0,0.0,0.0,0.0,0.0,0.0,0.898545261793981,0.0,0.10000000000000009,0.0,0.0,0.0,0.0,0.0,0.0,0.0,0.0,0.0,0.0,0.0,0.0,0.0,0.0
177253,D085B,2022,2,0.8320296614121818,0.8320212666728851,0.11969615767910535,1.0,0.0,0.0,0.0,0.0,0.0,0.0,0.0,0.0,0.0,0.898545261793981,0.0,0.10000000000000009,0.0,0.0,0.0,0.9999999999999999,0.0,0.0,0.0,0.0,0.0,0.0,0.0,0.0,0.0,0.0
602518,D085B,2022,10,0.8811137020800301,0.6280710754593789,0.45535599601373056,0.0,0.0,0.0,0.0,0.0,0.0,0.0,0.0,0.0,0.0,0.7395252959538253,0.3629247168554297,0.1647670737222977,0.0,0.0,0.0,0.0,0.0,0.0,0.0,0.0,0.0,0.0,0.0,0.0,0.0,0.0
177253,D085B,2022,6,0.8811137020800301,0.8811304915586234,0.13939630162772676,0.0,0.0,0.0,0.0,0.0,0.0,0.0,0.0,0.0,0.0,0.0,0.0,0.1647670737222977,0.0,0.0,0.0,0.5420160612568867,0.0,0.0,0.0,0.0,0.0,0.0,0.0,0.0,0.0,0.46543395635648876
177253,D085B,2022,3,0.8320296614121818,0.8320212666728851,0.11969615767910535,0.0,0.0,0.0,0.0,0.0,0.0,0.0,0.0,0.0,0.0,0.5805053301136699,0.0,0.10000000000000009,0.0,0.0,0.0,0.5045335698944813,0.0,0.0,0.0,0.0,0.0,0.0,0.0,0.0,0.0,0.0
602518,D085B,2022,1,0.4525370767652272,0.3066784814849361,0.42033661831469393,0.0,0.0,0.0,0.0,0.0,0.0,0.0,1.0,0.0,0.0,0.7395252959538253,0.0,0.0,0.0,0.0,0.0,0.0,0.0,0.0,0.0,0.0,0.0,0.0,0.0,0.0,0.0,0.0
602518,D085B,2022,4,0.8320296614121818,0.5912601436433169,0.42033661831469393,0.0,0.0,0.0,0.0,0.0,0.0,0.0,0.0,0.0,0.0,0.898545261793981,0.09999999999999964,0.10000000000000009,0.0,0.0,0.0,0.0,0.0,0.0,0.0,0.0,0.0,0.0,0.0,0.0,0.0,0.0
177253,D085B,2022,4,0.8320296614121818,0.8320212666728851,0.11969615767910535,0.0,0.0,0.0,0.0,0.0,0.0,0.0,0.0,0.0,0.0,0.898545261793981,0.0,0.10000000000000009,0.0,0.0,0.0,0.5045335698944813,0.0,0.0,0.0,0.0,0.0,0.0,0.0,0.0,0.0,0.0
177253,D085B,2022,5,0.8811137020800301,0.8811304915586234,0.13939630162772676,0.0,0.0,0.0,0.0,0.0,0.0,0.0,0.0,0.0,0.0,0.8190352788739031,0.0,0.1647670737222977,0.0,0.0,0.0,0.5420160612568867,0.0,0.0,0.0,0.0,0.0,0.0,0.0,0.0,0.0,0.0
602518,D085B,2022,11,0.8811137020800301,0.6280710754593789,0.45535599601373056,0.0,0.0,0.0,0.0,0.0,0.0,0.0,0.0,0.0,0.0,0.898545261793981,0.3629247168554297,0.1647670737222977,0.0,0.0,0.0,0.0,0.0,0.0,0.0,0.0,0.0,0.0,0.0,0.0,0.0,0.0
602518,D085B,2022,6,0.8811137020800301,0.6280710754593789,0.45535599601373056,0.0,0.0,0.0,0.0,0.0,0.0,0.0,0.0,0.0,0.0,0.8190352788739031,0.3629247168554297,0.1647670737222977,0.0,0.0,0.0,0.0,0.0,0.0,0.0,0.0,0.0,0.0,0.0,0.0,0.0,0.0
602518,D085B,2022,9,0.8811137020800301,0.6280710754593789,0.45535599601373056,0.0,0.0,0.0,0.0,0.0,0.0,0.0,0.0,0.0,0.0,0.6600153130337477,0.3629247168554297,0.1647670737222977,0.0,0.0,0.0,0.0,0.0,0.0,0.0,0.0,0.0,0.0,0.0,0.0,0.0,0.0
602518,D085B,2022,12,0.8811137020800301,0.6280710754593789,0.45535599601373056,0.0,0.0,0.0,0.0,0.0,0.0,0.0,0.0,0.0,0.0,0.898545261793981,0.3629247168554297,0.1647670737222977,0.0,0.0,0.0,0.0,0.0,0.0,0.0,0.0,0.0,0.0,0.0,0.0,0.0,0.0
177253,D085B,2022,8,0.8811137020800301,0.8811304915586234,0.13939630162772676,0.0,0.0,0.0,0.0,0.0,0.0,0.0,0.0,0.0,0.0,0.8190352788739031,0.0,0.1647670737222977,0.0,0.0,0.0,0.5420160612568867,0.0,0.0,0.0,0.0,0.0,0.0,0.0,0.0,0.0,0.0
177253,D085B,2022,11,0.8811137020800301,0.8811304915586234,0.13939630162772676,0.0,0.0,0.0,0.0,0.0,0.0,0.0,0.0,0.0,0.0,0.898545261793981,0.0,0.1647670737222977,0.0,0.0,0.0,0.5420160612568867,0.0,0.0,0.0,0.0,0.0,0.0,0.0,0.0,0.0,0.0
602518,D085B,2022,3,0.8320296614121818,0.5912601436433169,0.42033661831469393,0.0,0.0,0.0,1.0,0.0,0.0,0.0,0.0,0.0,0.0,0.5805053301136699,0.09999999999999964,0.10000000000000009,0.0,0.0,0.0,0.0,0.0,0.0,0.0,0.0,0.0,0.0,0.0,0.0,0.0,0.0
602518,D085B,2022,8,0.8811137020800301,0.6280710754593789,0.45535599601373056,0.0,0.0,0.0,0.0,0.0,0.0,0.0,0.0,0.0,0.0,0.0,0.3629247168554297,0.1647670737222977,0.0,0.0,0.0,0.0,0.0,0.0,0.0,0.0,0.0,0.0,0.0,0.0,0.0,0.7036998704088644
177253,D085B,2022,7,0.8811137020800301,0.8811304915586234,0.13939630162772676,0.0,0.0,0.0,0.0,0.0,0.0,0.0,0.0,0.0,0.0,0.898545261793981,0.0,0.1647670737222977,0.0,0.0,0.0,0.5420160612568867,0.0,0.0,0.0,0.0,0.0,0.0,0.0,0.0,0.0,0.0
177253,D085B,2023,10,0.9398181139819048,0.9398097192426081,0.16295515446794379,0.0,0.0,0.0,0.0,0.0,0.0,0.0,0.0,0.0,0.0,0.8317568761411155,0.0,0.8844979647218456,0.0,0.0,0.0,0.7539266037912036,0.0,0.0,0.0,0.0,0.0,0.0,0.0,0.0,0.0,0.0
602518,D085B,2023,2,0.8811137020800301,0.6280710754593789,0.0,0.0,1.0000000000000004,0.0,0.0,0.0,0.0,0.0,0.0,0.0,1.0,0.9780552447140586,0.3629247168554297,0.7718227046585255,0.0,0.0,0.0,0.0,0.0,0.0,0.0,0.0,0.0,0.0,0.0,0.0,0.0,0.0
177253,D085B,2023,2,0.8811137020800301,0.8811304915586234,0.0,0.0,0.10000000000000009,0.0,0.0,0.0,0.0,0.0,0.0,0.0,0.38973942204048106,0.9780552447140586,0.0,0.7718227046585255,0.0,0.0,0.0,0.6999299654496218,0.0,0.0,0.0,0.0,0.0,0.0,0.0,0.0,0.0,0.0
602518,D085B,2023,10,0.9398181139819048,0.6721014830706092,0.4972397298195107,0.0,0.0,0.0,0.0,0.0,0.0,0.0,0.0,0.0,0.0,0.8317568761411155,0.6774150566289139,0.8844979647218456,0.0,0.0,0.0,0.0,0.0,0.0,0.0,0.0,0.0,0.0,0.0,0.0,0.0,0.0
177253,D085B,2023,6,0.9114774741162206,0.9114774741162207,0.1515823275384786,0.0,0.0,0.0,0.0,0.0,0.0,0.0,0.0,0.0,0.0,0.0,0.0,0.8300995024875624,0.0,0.0,0.0,0.7278527406854048,0.0,0.0,0.0,0.0,0.0,0.0,0.0,0.0,0.0,0.6382685232698715
177253,D085B,2023,3,0.8811137020800301,0.8811304915586234,0.0,0.0,0.10000000000000009,0.0,0.0,0.0,0.0,0.0,0.0,0.0,0.0,0.5805053301136699,0.0,0.7718227046585255,0.0,0.0,0.0,0.6999299654496218,0.0,0.0,0.0,0.0,0.0,0.0,0.0,0.0,0.0,0.0
602518,D085B,2023,1,0.8811137020800301,0.6280710754593789,0.0,0.0,0.0,0.0,0.0,0.0,0.0,0.0,0.0,0.0,0.0,0.5009953471935921,0.3629247168554297,0.1647670737222977,0.0,0.0,0.0,0.0,0.0,0.0,0.0,0.0,0.0,0.0,0.0,0.0,0.0,0.0
602518,D085B,2023,4,0.8811137020800301,0.6280710754593789,0.0,0.0,1.0000000000000004,0.0,0.0,0.0,0.0,0.0,0.0,0.0,0.0,0.898545261793981,0.3629247168554297,0.7718227046585255,0.0,0.0,0.0,0.0,0.0,0.0,0.0,0.0,0.0,0.0,0.0,0.0,0.0,0.0
177253,D085B,2023,4,0.8811137020800301,0.8811304915586234,0.0,0.0,0.10000000000000009,0.0,0.0,0.0,0.0,0.0,0.0,0.0,0.0,0.898545261793981,0.0,0.7718227046585255,0.0,0.0,0.0,0.6999299654496218,0.0,0.0,0.0,0.0,0.0,0.0,0.0,0.0,0.0,0.0
177253,D085B,2023,5,0.8811137020800301,0.8811304915586234,0.0,0.0,0.10000000000000009,0.0,0.0,0.0,0.0,0.0,0.0,0.0,0.0,0.8190352788739031,0.0,0.7718227046585255,0.0,0.0,0.0,0.6999299654496218,0.0,0.0,0.0,0.0,0.0,0.0,0.0,0.0,0.0,0.0
602518,D085B,2023,11,0.9398181139819048,0.6721014830706092,0.4972397298195107,0.0,0.0,0.0,0.0,0.0,0.0,0.0,0.0,0.0,0.0,0.8317568761411155,0.6774150566289139,0.8844979647218456,0.0,0.0,0.0,0.0,0.0,0.0,0.0,0.0,0.0,1.0,0.9999999999999999,0.0,0.0,0.0
602518,D085B,2023,6,0.9114774741162206,0.6508627926499395,0.4770213708337948,0.0,0.0,0.0,0.0,0.0,0.0,0.0,0.0,0.0,0.0,0.9158784380705577,0.5257161892071949,0.8300995024875624,0.0,0.0,0.0,0.0,0.0,0.0,0.0,0.0,0.0,0.0,0.0,0.0,0.0,0.0
602518,D085B,2023,9,0.9398181139819048,0.6721014830706092,0.4972397298195107,0.0,0.0,0.0,0.0,0.0,0.0,0.0,0.0,0.0,0.0,0.9158784380705577,0.6774150566289139,0.8844979647218456,0.0,0.0,0.0,0.0,0.0,0.0,0.0,0.0,0.0,0.0,0.0,0.0,0.0,0.0
602518,D085B,2023,12,0.9398181139819048,0.6721014830706092,0.4972397298195107,0.0,0.0,0.0,0.0,0.0,0.0,0.0,0.0,0.0,0.0,1.0,0.6774150566289139,0.8844979647218456,0.0,0.0,0.0,0.0,0.0,0.0,0.0,0.0,0.0,0.0,0.0,0.0,0.0,0.0
177253,D085B,2023,8,0.9398181139819048,0.9398097192426081,0.16295515446794379,0.0,0.0,0.0,0.0,0.0,0.0,0.0,0.0,0.0,0.0,0.8317568761411155,0.0,0.8844979647218456,0.0,0.0,0.0,0.7539266037912036,0.0,0.0,0.0,0.0,0.0,0.0,0.0,0.0,0.0,0.0
177253,D085B,2023,11,0.9398181139819048,0.9398097192426081,0.16295515446794379,0.0,0.0,0.0,0.0,0.0,0.0,0.0,0.0,0.0,0.0,0.8317568761411155,0.0,0.8844979647218456,0.0,0.0,0.0,0.888813147819591,0.0,0.0,0.0,0.0,0.0,0.9635265484749698,0.22613537749493773,0.0,0.0,0.0
602518,D085B,2023,3,0.8811137020800301,0.6280710754593789,0.0,0.0,1.0000000000000004,0.0,0.0,0.0,0.0,0.0,0.0,0.0,0.0,0.5805053301136699,0.3629247168554297,0.7718227046585255,0.0,0.0,0.0,0.0,0.0,0.0,0.0,0.0,0.0,0.0,0.0,0.0,0.0,0.0
602518,D085B,2023,8,0.9398181139819048,0.6721014830706092,0.4972397298195107,0.0,0.0,0.0,0.0,0.0,0.0,0.0,0.0,0.0,0.0,0.0,0.6774150566289139,0.8844979647218456,0.0,0.0,0.0,0.0,0.0,0.0,0.0,0.0,0.0,0.0,0.0,0.0,0.0,0.9209250545761327
177253,D085B,2023,7,0.9114774741162206,0.9114774741162207,0.1515823275384786,0.0,0.0,0.0,0.0,0.0,0.0,0.0,0.0,0.0,0.0,1.0,0.0,0.8300995024875624,0.0,0.0,0.0,0.7278527406854048,0.0,0.0,0.0,0.0,0.0,0.0,0.0,0.0,0.0,0.0
177253,D085B,2024,4,0.9398181139819048,0.9398097192426081,0.16295515446794379,0.0,0.0,0.0,0.0,0.0,0.0,0.0,0.0,0.0,0.0,0.9158784380705577,0.0,0.8844979647218456,0.0,0.0,0.0,0.7539266037912036,0.0,0.0,0.0,0.0,0.0,0.0,0.0,0.0,0.0,0.0
602518,D085B,2024,5,0.9398181139819048,0.6721014830706092,0.4972397298195107,0.0,0.0,0.0,0.0,0.0,0.0,0.0,0.0,0.0,0.0,0.8317568761411155,0.6774150566289139,0.8844979647218456,0.0,0.0,0.0,0.0,0.0,0.0,0.0,0.0,0.0,0.0,0.0,0.0,0.0,0.0
602518,D085B,2024,8,1.0000000000000002,0.717265180486895,0.5401798250470602,0.0,0.0,0.0,0.0,0.0,0.0,0.0,0.0,0.0,0.0,0.0,0.9999999999999991,1.0,0.0,0.0,0.0,0.8489144644691381,0.0,0.0,0.0,0.0,0.0,0.0,0.0,0.0,0.0,1.0
602518,D085B,2024,7,1.0000000000000002,0.717265180486895,0.5401798250470602,0.0,0.0,1.0000000000000018,0.0,0.0,0.0,0.0,0.0,0.0,0.0,0.0,0.9999999999999991,1.0,0.0,0.0,0.0,0.8489144644691381,0.09999999999999998,0.0,0.0,0.0,0.0,0.0,0.0,0.0,0.0,0.0
602518,D085B,2024,3,0.9398181139819048,0.6721014830706092,0.4972397298195107,0.0,0.0,0.0,0.0,0.0,0.0,0.0,0.0,0.0,0.0,1.0,0.6774150566289139,0.8844979647218456,0.0,0.0,0.0,0.0,0.0,0.0,0.0,0.0,0.0,0.0,0.0,0.0,0.0,0.0
177253,D085B,2024,3,0.9398181139819048,0.9398097192426081,0.16295515446794379,0.0,0.0,0.0,0.0,0.0,0.0,0.0,0.0,0.0,0.0,1.0,0.0,0.8844979647218456,0.0,0.0,0.0,0.7539266037912036,0.0,0.0,0.0,0.0,0.0,0.0,0.0,0.0,0.0,0.0
602518,D085B,2024,1,0.9398181139819048,0.6721014830706092,0.4972397298195107,0.0,0.0,0.0,0.0,0.0,0.0,0.0,0.0,0.0,0.0,0.6635137522822311,0.6774150566289139,0.8844979647218456,0.0,0.0,0.0,0.0,0.0,0.0,0.0,0.0,0.0,0.0,0.0,0.0,0.0,0.0
602518,D085B,2024,9,1.0000000000000002,0.717265180486895,0.5401798250470602,0.0,0.0,0.0,0.0,0.0,0.0,0.0,0.0,0.0,0.0,0.0,0.9999999999999991,1.0,0.0,0.0,0.0,0.8489144644691381,0.0,0.0,0.0,0.0,0.0,0.0,0.0,0.0,0.0,0.0
177253,D085B,2024,5,0.9398181139819048,0.9398097192426081,0.16295515446794379,0.0,0.0,0.0,0.0,0.0,0.0,0.0,0.0,0.0,0.0,0.8317568761411155,0.0,0.8844979647218456,0.0,0.0,0.0,0.7539266037912036,0.0,0.0,0.0,0.0,0.0,0.0,0.0,0.0,0.0,0.0
602518,D085B,2024,4,0.9398181139819048,0.6721014830706092,0.4972397298195107,0.0,0.0,0.0,0.0,0.0,0.0,0.0,0.0,0.0,0.0,0.9158784380705577,0.6774150566289139,0.8844979647218456,0.0,0.0,0.0,0.0,0.0,0.0,0.0,0.0,0.0,0.0,0.0,0.0,0.0,0.0
177253,D085B,2024,8,1.0000000000000002,1.0,0.1871079614660614,0.0,0.0,0.0,0.0,0.0,0.0,0.0,0.0,0.0,0.0,0.9158784380705577,0.0,1.0,0.0,0.0,0.0,0.80928891586516,0.0,0.0,0.0,0.0,0.0,0.0,0.0,0.0,0.0,0.0
602518,D085B,2024,2,0.9398181139819048,0.6721014830706092,0.4972397298195107,0.0,0.0,0.0,0.0,0.0,0.0,0.0,0.0,0.0,0.0,0.5793921903527889,0.6774150566289139,0.8844979647218456,0.0,0.0,0.0,0.0,0.0,0.0,0.0,0.0,0.0,0.0,0.0,0.0,0.0,0.0
602518,D085B,2024,6,0.9398181139819048,0.6721014830706092,0.4972397298195107,0.0,0.0,0.09999999999999964,0.0,0.0,0.0,0.0,0.0,0.0,0.3852892364022106,0.0,0.6774150566289139,0.8844979647218456,0.0,0.0,0.0,0.7914511158838361,0.0,0.0,0.0,0.0,0.0,0.0,0.0,0.0,0.0,0.0
177253,D085B,2024,7,1.0000000000000002,1.0,0.1871079614660614,0.0,0.0,0.0,0.0,0.0,0.0,0.0,0.0,0.0,0.0,0.9158784380705577,0.0,1.0,0.0,0.0,0.0,0.80928891586516,0.0,0.0,0.0,0.0,0.0,0.0,0.0,0.0,0.0,0.0
