isn_vinculo;num_ano;num_mes;8;15;16;21;24;30;51;54;62;79;160;161;168;185;248;252;297;312;324;329;669;1232;1233;1352;1353;1367;1368;1369;1404;1454;8_yoy;15_yoy;16_yoy;21_yoy;24_yoy;30_yoy;51_yoy;54_yoy;62_yoy;79_yoy;160_yoy;161_yoy;168_yoy;185_yoy;248_yoy;252_yoy;297_yoy;312_yoy;324_yoy;329_yoy;669_yoy;1232_yoy;1233_yoy;1352_yoy;1353_yoy;1367_yoy;1368_yoy;1369_yoy;1404_yoy;1454_yoy;IF_label;IF_score;anomalo
177253;2007;3;275.15;55.03;0.0;0.0;0.0;0.0;0.0;0.0;0.0;0.0;140.85;0.0;0.0;0.0;0.0;0.0;0.0;0.0;0.0;0.0;0.0;0.0;0.0;0.0;0.0;0.0;0.0;0.0;0.0;0.0;1.0;1.0;1.0;1.0;1.0;1.0;1.0;1.0;1.0;1.0;1.0;1.0;1.0;1.0;1.0;1.0;1.0;1.0;1.0;1.0;1.0;1.0;1.0;1.0;1.0;1.0;1.0;1.0;1.0;1.0;1;0.28601877032847567;0
177253;2007;4;275.15;55.03;0.0;0.0;0.0;0.0;0.0;0.0;0.0;0.0;140.85;0.0;0.0;0.0;0.0;0.0;0.0;0.0;0.0;0.0;0.0;0.0;0.0;0.0;0.0;0.0;0.0;0.0;0.0;0.0;1.0;1.0;1.0;1.0;1.0;1.0;1.0;1.0;1.0;1.0;1.0;1.0;1.0;1.0;1.0;1.0;1.0;1.0;1.0;1.0;1.0;1.0;1.0;1.0;1.0;1.0;1.0;1.0;1.0;1.0;1;0.28601877032847567;0
177253;2007;5;275.15;55.03;0.0;0.0;0.0;0.0;0.0;0.0;0.0;0.0;140.85;0.0;0.0;0.0;0.0;0.0;0.0;0.0;0.0;0.0;0.0;0.0;0.0;0.0;0.0;0.0;0.0;0.0;0.0;0.0;1.0;1.0;1.0;1.0;1.0;1.0;1.0;1.0;1.0;1.0;1.0;1.0;1.0;1.0;1.0;1.0;1.0;1.0;1.0;1.0;1.0;1.0;1.0;1.0;1.0;1.0;1.0;1.0;1.0;1.0;1;0.28601877032847567;0
177253;2007;6;275.15;55.03;0.0;0.0;0.0;0.0;0.0;0.0;0.0;0.0;140.85;0.0;0.0;0.0;0.0;0.0;0.0;0.0;0.0;0.0;0.0;0.0;0.0;0.0;0.0;0.0;0.0;0.0;0.0;0.0;1.0;1.0;1.0;1.0;1.0;1.0;1.0;1.0;1.0;1.0;1.0;1.0;1.0;1.0;1.0;1.0;1.0;1.0;1.0;1.0;1.0;1.0;1.0;1.0;1.0;1.0;1.0;1.0;1.0;1.0;1;0.28601877032847567;0
177253;2007;7;284.92;56.98;0.0;0.0;0.0;0.0;0.0;0.0;0.0;0.0;165.08;0.0;0.0;0.0;0.0;0.0;0.0;0.0;0.0;0.0;0.0;0.0;0.0;0.0;0.0;0.0;0.0;0.0;0.0;0.0;1.0;1.0;1.0;1.0;1.0;1.0;1.0;1.0;1.0;1.0;1.0;1.0;1.0;1.0;1.0;1.0;1.0;1.0;1.0;1.0;1.0;1.0;1.0;1.0;1.0;1.0;1.0;1.0;1.0;1.0;1;0.28601877032847567;0
177253;2007;8;284.92;56.98;0.0;0.0;0.0;0.0;0.0;0.0;0.0;0.0;165.08;0.0;0.0;0.0;0.0;0.0;0.0;0.0;28.88;0.0;0.0;0.0;0.0;0.0;0.0;0.0;0.0;0.0;0.0;0.0;1.0;1.0;1.0;1.0;1.0;1.0;1.0;1.0;1.0;1.0;1.0;1.0;1.0;1.0;1.0;1.0;1.0;1.0;1.0;1.0;1.0;1.0;1.0;1.0;1.0;1.0;1.0;1.0;1.0;1.0;1;0.28601877032847567;0
177253;2007;9;284.92;56.98;0.0;0.0;0.0;0.0;0.0;0.0;0.0;0.0;165.08;0.0;0.0;0.0;0.0;0.0;0.0;0.0;0.0;0.0;0.0;0.0;0.0;0.0;0.0;0.0;0.0;0.0;0.0;0.0;1.0;1.0;1.0;1.0;1.0;1.0;1.0;1.0;1.0;1.0;1.0;1.0;1.0;1.0;1.0;1.0;1.0;1.0;1.0;1.0;1.0;1.0;1.0;1.0;1.0;1.0;1.0;1.0;1.0;1.0;1;0.28601877032847567;0
177253;2007;10;284.92;56.98;0.0;0.0;0.0;0.0;0.0;0.0;0.0;0.0;165.08;0.0;0.0;0.0;0.0;0.0;0.0;0.0;0.0;0.0;0.0;0.0;0.0;0.0;0.0;0.0;0.0;0.0;0.0;0.0;1.0;1.0;1.0;1.0;1.0;1.0;1.0;1.0;1.0;1.0;1.0;1.0;1.0;1.0;1.0;1.0;1.0;1.0;1.0;1.0;1.0;1.0;1.0;1.0;1.0;1.0;1.0;1.0;1.0;1.0;1;0.28601877032847567;0
177253;2007;11;284.92;56.98;0.0;0.0;0.0;0.0;0.0;0.0;0.0;0.0;165.08;0.0;0.0;0.0;0.0;0.0;0.0;0.0;0.0;0.0;0.0;0.0;0.0;0.0;0.0;0.0;0.0;0.0;0.0;0.0;1.0;1.0;1.0;1.0;1.0;1.0;1.0;1.0;1.0;1.0;1.0;1.0;1.0;1.0;1.0;1.0;1.0;1.0;1.0;1.0;1.0;1.0;1.0;1.0;1.0;1.0;1.0;1.0;1.0;1.0;1;0.28601877032847567;0
177253;2007;12;284.92;56.98;0.0;0.0;0.0;0.0;0.0;0.0;0.0;0.0;165.08;0.0;0.0;0.0;0.0;0.0;0.0;0.0;0.0;0.0;0.0;0.0;0.0;0.0;0.0;0.0;0.0;0.0;0.0;0.0;1.0;1.0;1.0;1.0;1.0;1.0;1.0;1.0;1.0;1.0;1.0;1.0;1.0;1.0;1.0;1.0;1.0;1.0;1.0;1.0;1.0;1.0;1.0;1.0;1.0;1.0;1.0;1.0;1.0;1.0;1;0.28601877032847567;0
177253;2008;1;284.92;56.98;0.0;0.0;0.0;0.0;0.0;0.0;0.0;0.0;165.08;0.0;0.0;0.0;0.0;0.0;0.0;0.0;0.0;0.0;0.0;0.0;0.0;0.0;0.0;0.0;0.0;0.0;0.0;0.0;1.0;1.0;1.0;1.0;1.0;1.0;1.0;1.0;1.0;1.0;1.0;1.0;1.0;1.0;1.0;1.0;1.0;1.0;1.0;1.0;1.0;1.0;1.0;1.0;1.0;1.0;1.0;1.0;1.0;1.0;1;0.28601877032847567;0
177253;2008;2;284.92;56.98;0.0;0.0;0.0;0.0;0.0;0.0;0.0;0.0;165.08;0.0;0.0;0.0;0.0;0.0;0.0;0.0;0.0;0.0;0.0;0.0;0.0;0.0;0.0;0.0;0.0;0.0;0.0;0.0;1.0;1.0;1.0;1.0;1.0;1.0;1.0;1.0;1.0;1.0;1.0;1.0;1.0;1.0;1.0;1.0;1.0;1.0;1.0;1.0;1.0;1.0;1.0;1.0;1.0;1.0;1.0;1.0;1.0;1.0;1;0.28601877032847567;0
177253;2008;3;284.92;56.98;0.0;0.0;0.0;0.0;0.0;0.0;0.0;0.0;165.08;0.0;0.0;0.0;0.0;0.0;0.0;0.0;0.0;0.0;0.0;0.0;0.0;0.0;0.0;0.0;0.0;0.0;0.0;0.0;1.0;1.0;1.0;1.0;1.0;1.0;1.0;1.0;1.0;1.0;1.0;1.0;1.0;1.0;1.0;1.0;1.0;1.0;1.0;1.0;1.0;1.0;1.0;1.0;1.0;1.0;1.0;1.0;1.0;1.0;1;0.28601877032847567;0
177253;2008;4;284.92;56.98;0.0;0.0;0.0;0.0;0.0;0.0;0.0;0.0;165.08;0.0;0.0;0.0;0.0;0.0;0.0;0.0;0.0;0.0;0.0;0.0;0.0;0.0;0.0;0.0;0.0;0.0;0.0;0.0;0.942226925493568;0.9421296296296297;1.0;1.0;1.0;1.0;1.0;1.0;1.0;1.0;0.8353828247558323;1.0;1.0;1.0;1.0;1.0;1.0;1.0;1.0;1.0;1.0;1.0;1.0;1.0;1.0;1.0;1.0;1.0;1.0;1.0;1;0.21523116269356457;0
177253;2008;5;284.92;56.98;0.0;0.0;0.0;0.0;0.0;0.0;0.0;0.0;165.08;0.0;0.0;0.0;0.0;0.0;0.0;0.0;0.0;0.0;0.0;0.0;0.0;0.0;0.0;0.0;0.0;0.0;0.0;0.0;0.8889027548123422;0.8887849009514895;1.0;1.0;1.0;1.0;1.0;1.0;1.0;1.0;0.9413777372262774;1.0;1.0;1.0;1.0;1.0;0.0;1.0;1.0;1.0;1.0;1.0;1.0;1.0;1.0;1.0;1.0;1.0;1.0;1.0;1;0.038878723629251155;0
177253;2008;6;284.92;56.98;0.0;0.0;0.0;0.0;0.0;0.0;0.0;0.0;165.08;0.0;0.0;0.0;0.0;0.0;0.0;0.0;0.0;0.0;0.0;0.0;0.0;0.0;0.0;0.0;0.0;0.0;0.0;0.0;0.8075048180478405;0.8074252515233102;1.0;1.0;1.0;1.0;1.0;0.0;1.0;1.0;0.7621773858442219;1.0;1.0;1.0;1.0;1.0;1.0;1.0;1.0;1.0;1.0;1.0;1.0;1.0;1.0;1.0;1.0;1.0;1.0;1.0;-1;-0.053147835510628516;1
177253;2008;7;302.39;60.48;0.0;0.0;0.0;0.0;0.0;0.0;0.0;0.0;197.61;0.0;0.0;0.0;0.0;0.0;0.0;0.0;0.0;0.0;0.0;0.0;0.0;0.0;0.0;0.0;0.0;0.0;0.0;0.0;0.8009482438946866;0.800953516090584;1.0;1.0;1.0;1.0;1.0;1.0;1.0;1.0;0.8526860841423949;1.0;1.0;1.0;1.0;1.0;1.0;1.0;1.0;1.0;1.0;1.0;1.0;1.0;1.0;1.0;1.0;1.0;1.0;1.0;1;0.15239909253069955;0
177253;2008;8;302.39;60.48;0.0;0.0;0.0;0.0;0.0;0.0;0.0;0.0;197.61;0.0;0.0;0.0;0.0;0.0;0.0;0.0;30.24;0.0;0.0;0.0;0.0;0.0;0.0;0.0;0.0;0.0;0.0;0.0;1.0;1.0;1.0;1.0;1.0;1.0;1.0;1.0;1.0;1.0;1.0;1.0;1.0;1.0;1.0;1.0;1.0;1.0;1.0;1.0;1.0;1.0;1.0;1.0;1.0;1.0;1.0;1.0;1.0;1.0;1;0.28601877032847567;0
177253;2008;9;302.39;60.48;0.0;0.0;0.0;0.0;0.0;186.83;0.0;0.0;197.61;0.0;0.0;0.0;0.0;0.0;0.0;0.0;0.0;0.0;0.0;0.0;0.0;0.0;0.0;0.0;0.0;0.0;0.0;0.0;1.0;1.0;1.0;1.0;1.0;1.0;1.0;1.0;1.0;1.0;1.0;1.0;1.0;1.0;1.0;1.0;1.0;1.0;1.0;1.0;1.0;1.0;1.0;1.0;1.0;1.0;1.0;1.0;1.0;1.0;1;0.28601877032847567;0
177253;2008;10;302.39;60.48;0.0;0.0;0.0;0.0;0.0;0.0;0.0;0.0;197.61;0.0;0.0;0.0;0.0;0.0;0.0;0.0;0.0;0.0;0.0;0.0;0.0;0.0;0.0;0.0;0.0;0.0;0.0;0.0;1.0;1.0;1.0;1.0;1.0;1.0;1.0;1.0;1.0;1.0;1.0;1.0;1.0;1.0;1.0;1.0;1.0;1.0;1.0;1.0;1.0;1.0;1.0;1.0;1.0;1.0;1.0;1.0;1.0;1.0;1;0.28601877032847567;0
177253;2008;11;302.39;60.48;0.0;0.0;0.0;0.0;0.0;0.0;0.0;0.0;197.61;0.0;0.0;0.0;0.0;0.0;0.0;0.0;0.0;0.0;0.0;0.0;0.0;0.0;0.0;0.0;0.0;0.0;0.0;0.0;1.0;1.0;1.0;1.0;1.0;1.0;1.0;1.0;1.0;1.0;1.0;1.0;1.0;1.0;1.0;1.0;1.0;1.0;1.0;1.0;1.0;1.0;1.0;1.0;1.0;1.0;1.0;1.0;1.0;1.0;1;0.28601877032847567;0
177253;2008;12;302.39;60.48;0.0;0.0;0.0;0.0;0.0;0.0;0.0;0.0;197.61;0.0;0.0;0.0;0.0;0.0;0.0;0.0;0.0;0.0;0.0;0.0;0.0;0.0;0.0;0.0;0.0;0.0;0.0;0.0;1.0;1.0;1.0;1.0;1.0;1.0;1.0;1.0;1.0;1.0;1.0;1.0;1.0;1.0;1.0;1.0;1.0;1.0;1.0;1.0;1.0;1.0;1.0;1.0;1.0;1.0;1.0;1.0;1.0;1.0;1;0.28601877032847567;0
177253;2009;1;302.39;60.48;0.0;0.0;0.0;0.0;0.0;0.0;0.0;0.0;197.61;0.0;0.0;0.0;0.0;0.0;0.0;0.0;0.0;0.0;0.0;0.0;0.0;0.0;0.0;0.0;0.0;0.0;0.0;0.0;1.0;1.0;1.0;1.0;1.0;1.0;1.0;1.0;1.0;1.0;1.0;1.0;1.0;1.0;1.0;1.0;1.0;1.0;1.0;1.0;1.0;1.0;1.0;1.0;1.0;1.0;1.0;1.0;1.0;1.0;1;0.28601877032847567;0
177253;2009;2;302.39;60.48;0.0;0.0;0.0;0.0;0.0;0.0;0.0;0.0;197.61;0.0;0.0;0.0;0.0;0.0;0.0;0.0;0.0;0.0;0.0;0.0;0.0;0.0;0.0;0.0;0.0;0.0;0.0;0.0;1.0;1.0;1.0;1.0;1.0;1.0;1.0;1.0;1.0;1.0;1.0;1.0;1.0;1.0;1.0;1.0;1.0;1.0;1.0;1.0;1.0;1.0;1.0;1.0;1.0;1.0;1.0;1.0;1.0;1.0;1;0.28601877032847567;0
177253;2009;3;302.39;60.48;0.0;0.0;0.0;0.0;0.0;0.0;0.0;0.0;197.61;0.0;0.0;0.0;0.0;0.0;0.0;0.0;0.0;0.0;0.0;0.0;0.0;0.0;0.0;0.0;0.0;0.0;0.0;0.0;1.0;1.0;1.0;1.0;1.0;1.0;1.0;1.0;1.0;1.0;1.0;1.0;1.0;1.0;1.0;1.0;1.0;1.0;1.0;1.0;1.0;1.0;1.0;1.0;1.0;1.0;1.0;1.0;1.0;1.0;1;0.28601877032847567;0
177253;2009;4;302.39;60.48;0.0;0.0;0.0;0.0;0.0;0.0;0.0;0.0;197.61;0.0;0.0;0.0;0.0;0.0;0.0;0.0;0.0;0.0;0.0;0.0;0.0;0.0;0.0;0.0;0.0;0.0;0.0;0.0;1.0;1.0;1.0;1.0;1.0;1.0;1.0;1.0;1.0;1.0;1.0;1.0;1.0;1.0;1.0;1.0;1.0;1.0;1.0;1.0;1.0;1.0;1.0;1.0;1.0;1.0;1.0;1.0;1.0;1.0;1;0.28601877032847567;0
177253;2009;5;302.39;60.48;0.0;0.0;0.0;0.0;0.0;0.0;0.0;0.0;197.61;0.0;0.0;0.0;0.0;0.0;0.0;0.0;0.0;0.0;0.0;0.0;0.0;0.0;0.0;0.0;0.0;0.0;0.0;0.0;1.0;1.0;1.0;1.0;1.0;1.0;1.0;1.0;1.0;1.0;1.0;1.0;1.0;1.0;1.0;1.0;1.0;1.0;1.0;1.0;1.0;1.0;1.0;1.0;1.0;1.0;1.0;1.0;1.0;1.0;1;0.28601877032847567;0
177253;2009;6;302.39;60.48;0.0;0.0;0.0;0.0;0.0;186.83;0.0;0.0;197.61;0.0;0.0;0.0;0.0;0.0;0.0;0.0;0.0;0.0;0.0;0.0;0.0;0.0;0.0;0.0;0.0;0.0;0.0;0.0;1.0;1.0;1.0;1.0;1.0;1.0;1.0;1.0;1.0;1.0;1.0;1.0;1.0;1.0;1.0;1.0;1.0;1.0;1.0;1.0;1.0;1.0;1.0;1.0;1.0;1.0;1.0;1.0;1.0;1.0;1;0.28601877032847567;0
177253;2009;7;320.53;64.11;0.0;0.0;0.0;0.0;0.0;0.0;0.0;11.2;175.36;0.0;0.0;0.0;0.0;0.0;0.0;0.0;0.0;0.0;0.0;0.0;0.0;0.0;0.0;0.0;0.0;0.0;0.0;0.0;1.0;1.0;1.0;1.0;1.0;1.0;1.0;1.0;1.0;1.0;1.0;1.0;1.0;1.0;1.0;1.0;1.0;1.0;1.0;1.0;1.0;1.0;1.0;1.0;1.0;1.0;1.0;1.0;1.0;1.0;1;0.28601877032847567;0
177253;2009;8;320.53;64.11;0.0;0.0;0.0;0.0;0.0;0.0;0.0;0.0;175.36;0.48;0.0;0.0;0.0;0.0;0.48;0.0;31.58;0.0;0.0;0.0;0.0;0.0;0.0;0.0;0.0;0.0;0.0;0.0;1.1249824512143758;1.1251316251316252;1.0;1.0;1.0;1.0;1.0;1.0;1.0;1.0;1.0622728374121637;1.0;1.0;1.0;1.0;1.0;1.0;1.0;1.0;1.0;1.0;1.0;1.0;1.0;1.0;1.0;1.0;1.0;1.0;1.0;1;0.2230179678450973;0
177253;2009;9;320.53;64.11;0.0;0.0;0.0;0.0;0.0;0.0;0.0;0.0;175.36;0.0;0.0;0.0;0.0;0.0;0.48;0.0;0.0;0.0;0.0;0.0;0.0;0.0;0.0;0.0;0.0;0.0;0.0;0.0;1.0599887562419392;1.0600198412698414;1.0;1.0;1.0;1.0;1.0;1.0;1.0;1.0;0.8874044835787662;1.0;1.0;1.0;1.0;1.0;1.0;1.0;1.0;1.0;1.0;1.0;1.0;1.0;1.0;1.0;1.0;1.0;1.0;1.0;1;0.227541969511882;0
177253;2009;10;320.53;64.11;0.0;0.0;0.0;0.0;0.0;186.83;0.0;0.0;175.36;0.0;0.0;0.0;0.0;0.0;0.48;0.0;0.0;0.0;0.0;0.0;0.0;0.0;0.0;0.0;0.0;0.0;0.0;0.0;1.0;1.0;1.0;1.0;1.0;1.0;1.0;1.0;1.0;1.0;1.0;1.0;1.0;1.0;1.0;1.0;1.0;1.0;1.0;1.0;1.0;1.0;1.0;1.0;1.0;1.0;1.0;1.0;1.0;1.0;1;0.28601877032847567;0
177253;2009;11;320.53;64.11;0.0;0.0;0.0;0.0;0.0;0.0;0.0;0.0;175.36;0.0;0.0;0.0;0.0;0.0;0.48;0.0;0.0;0.0;0.0;0.0;0.0;0.0;0.0;0.0;0.0;0.0;0.0;0.0;0.9084287495748781;0.9084596854187332;1.0;1.0;1.0;1.0;1.0;1.0;1.0;1.0;0.8096403342721271;1.0;1.0;1.0;1.0;1.0;1.0;1.0;1.0;1.0;1.0;1.0;1.0;1.0;1.0;1.0;1.0;1.0;1.0;1.0;1;0.19689521679640976;0
177253;2009;12;320.53;64.11;0.0;0.0;0.0;0.0;0.0;0.0;0.0;0.0;175.36;0.0;0.0;0.0;0.0;0.0;0.48;0.0;0.0;0.0;0.0;0.0;0.0;0.0;0.0;0.0;0.0;0.0;0.0;0.0;0.8489961328600941;0.8490266189908621;1.0;1.0;1.0;1.0;1.0;1.0;1.0;1.0;0.7566774541531823;1.0;1.0;1.0;1.0;1.0;1.0;1.0;1.0;1.0;1.0;1.0;1.0;1.0;1.0;1.0;1.0;1.0;1.0;1.0;1;0.1574362632405754;0
177253;2010;1;320.53;64.11;0.0;0.0;0.0;0.0;0.0;0.0;0.0;0.0;175.36;0.0;0.0;0.0;0.0;0.0;0.48;0.0;0.0;0.0;0.0;0.0;0.0;0.0;0.0;0.0;0.0;0.0;0.0;0.0;1.0;1.0;1.0;1.0;1.0;1.0;1.0;1.0;1.0;1.0;1.0;1.0;1.0;1.0;1.0;1.0;1.0;1.0;1.0;1.0;1.0;1.0;1.0;1.0;1.0;1.0;1.0;1.0;1.0;1.0;1;0.28601877032847567;0
177253;2010;2;320.53;64.11;0.0;0.0;0.0;0.0;0.0;0.0;0.0;0.0;175.36;0.0;0.0;0.0;0.0;0.0;0.48;0.0;0.0;0.0;0.0;0.0;0.0;0.0;0.0;0.0;0.0;0.0;0.0;0.0;1.0;1.0;1.0;1.0;1.0;1.0;1.0;1.0;1.0;1.0;1.0;1.0;1.0;1.0;1.0;1.0;1.0;1.0;1.0;1.0;1.0;1.0;1.0;1.0;1.0;1.0;1.0;1.0;1.0;1.0;1;0.28601877032847567;0
177253;2010;3;320.53;64.11;0.0;0.0;0.0;0.0;0.0;0.0;0.0;0.0;175.36;0.0;0.0;0.0;0.0;0.0;0.48;0.0;0.0;0.0;0.0;0.0;0.0;0.0;0.0;0.0;0.0;0.0;0.0;0.0;1.0;1.0;1.0;1.0;1.0;1.0;1.0;1.0;1.0;1.0;1.0;1.0;1.0;1.0;1.0;1.0;1.0;1.0;1.0;1.0;1.0;1.0;1.0;1.0;1.0;1.0;1.0;1.0;1.0;1.0;1;0.28601877032847567;0
177253;2010;4;320.53;64.11;0.0;0.0;0.0;0.0;0.0;0.0;0.0;0.0;175.36;0.0;0.0;0.0;0.0;0.0;0.48;0.0;0.0;0.0;0.0;0.0;0.0;0.0;0.0;0.0;0.0;0.0;0.0;0.0;1.0;1.0;1.0;1.0;1.0;1.0;1.0;1.0;1.0;1.0;1.0;1.0;1.0;1.0;1.0;1.0;1.0;1.0;1.0;1.0;1.0;1.0;1.0;1.0;1.0;1.0;1.0;1.0;1.0;1.0;1;0.28601877032847567;0
177253;2010;5;320.53;64.11;0.0;0.0;0.0;0.0;0.0;0.0;0.0;0.0;175.36;0.0;0.0;0.0;0.0;0.0;0.48;0.0;0.0;0.0;0.0;0.0;0.0;0.0;0.0;0.0;0.0;0.0;0.0;0.0;1.0;1.0;1.0;1.0;1.0;1.0;1.0;1.0;1.0;1.0;1.0;1.0;1.0;1.0;1.0;1.0;1.0;1.0;1.0;1.0;1.0;1.0;1.0;1.0;1.0;1.0;1.0;1.0;1.0;1.0;1;0.28601877032847567;0
177253;2010;6;320.53;64.11;0.0;0.0;0.0;0.0;0.0;0.0;0.0;0.0;175.36;0.0;0.0;0.0;0.0;0.0;0.48;0.0;0.0;0.0;0.0;0.0;0.0;0.0;0.0;0.0;0.0;0.0;0.0;0.0;1.0;1.0;1.0;1.0;1.0;1.0;1.0;1.0;1.0;1.0;1.0;1.0;1.0;1.0;1.0;1.0;1.0;1.0;1.0;1.0;1.0;1.0;1.0;1.0;1.0;1.0;1.0;1.0;1.0;1.0;1;0.28601877032847567;0
177253;2010;7;336.04;67.21;0.0;0.0;0.0;0.0;0.0;0.0;0.0;0.0;183.85;0.0;0.0;0.0;0.0;0.0;0.48;0.0;0.0;0.0;0.0;0.0;0.0;0.0;0.0;0.0;0.0;0.0;0.0;0.0;1.0;1.0;1.0;1.0;1.0;1.0;1.0;1.0;1.0;1.0;1.0;1.0;1.0;1.0;1.0;1.0;1.0;1.0;1.0;1.0;1.0;1.0;1.0;1.0;1.0;1.0;1.0;1.0;1.0;1.0;1;0.28601877032847567;0
177253;2010;8;336.04;67.21;0.0;0.0;0.0;0.0;0.0;0.0;0.0;0.0;183.85;0.0;0.0;0.0;0.0;0.0;0.48;0.0;0.0;0.0;0.0;0.0;0.0;0.0;0.0;0.0;0.0;0.0;0.0;0.0;1.0;1.0;1.0;1.0;1.0;1.0;1.0;1.0;1.0;1.0;1.0;1.0;1.0;1.0;1.0;1.0;1.0;1.0;1.0;1.0;1.0;1.0;1.0;1.0;1.0;1.0;1.0;1.0;1.0;1.0;1;0.28601877032847567;0
177253;2010;9;336.04;67.21;0.0;0.0;0.0;0.0;0.0;0.0;0.0;0.0;183.85;0.0;0.0;0.0;0.0;0.0;0.48;0.0;0.0;0.0;0.0;0.0;0.0;0.0;0.0;0.0;0.0;0.0;0.0;0.0;1.0;1.0;1.0;1.0;1.0;1.0;1.0;1.0;1.0;1.0;1.0;1.0;1.0;1.0;1.0;1.0;1.0;1.0;1.0;1.0;1.0;1.0;1.0;1.0;1.0;1.0;1.0;1.0;1.0;1.0;1;0.28601877032847567;0
177253;2010;10;336.04;67.21;0.0;0.0;0.0;0.0;0.0;0.0;0.0;0.0;183.85;0.0;0.0;0.0;0.0;0.0;0.48;0.0;0.0;0.0;0.0;0.0;0.0;0.0;0.0;0.0;0.0;0.0;0.0;0.0;1.0;1.0;1.0;1.0;1.0;1.0;1.0;1.0;1.0;1.0;1.0;1.0;1.0;1.0;1.0;1.0;1.0;1.0;1.0;1.0;1.0;1.0;1.0;1.0;1.0;1.0;1.0;1.0;1.0;1.0;1;0.28601877032847567;0
177253;2010;11;336.04;67.21;0.0;0.0;0.0;0.0;0.0;0.0;0.0;0.0;183.85;0.0;0.0;0.0;0.0;0.0;0.48;0.0;0.0;0.0;0.0;0.0;0.0;0.0;0.0;0.0;0.0;0.0;0.0;0.0;1.0;1.0;1.0;1.0;1.0;1.0;1.0;1.0;1.0;1.0;1.0;1.0;1.0;1.0;1.0;1.0;1.0;1.0;1.0;1.0;1.0;1.0;1.0;1.0;1.0;1.0;1.0;1.0;1.0;1.0;1;0.28601877032847567;0
177253;2010;12;336.04;67.21;0.0;0.0;0.0;0.0;0.0;0.0;0.0;0.0;183.85;0.0;0.0;0.0;0.0;0.0;0.48;0.0;0.0;0.0;0.0;0.0;0.0;0.0;0.0;0.0;0.0;0.0;0.0;0.0;1.0;1.0;1.0;1.0;1.0;1.0;1.0;1.0;1.0;1.0;1.0;1.0;1.0;1.0;1.0;1.0;1.0;1.0;1.0;1.0;1.0;1.0;1.0;1.0;1.0;1.0;1.0;1.0;1.0;1.0;1;0.28601877032847567;0
177253;2011;1;352.84;70.57;0.0;0.0;0.0;0.0;0.0;213.33;0.0;0.0;216.59;0.0;0.0;0.0;0.0;0.0;0.0;0.0;0.0;0.0;0.0;0.0;0.0;0.0;0.0;0.0;0.0;0.0;0.0;0.0;1.2823550790477922;1.282391422860258;1.0;1.0;1.0;1.0;1.0;1.0;1.0;1.0;1.5377351792687257;1.0;1.0;1.0;1.0;1.0;1.0;1.0;1.0;1.0;1.0;1.0;1.0;1.0;1.0;1.0;1.0;1.0;1.0;1.0;1;0.1463456694135422;0
177253;2011;2;352.84;70.57;0.0;0.0;0.0;0.0;0.0;0.0;0.0;0.0;216.59;0.0;0.0;0.0;0.0;0.0;0.0;0.0;0.0;0.0;0.0;0.0;0.0;0.0;0.0;0.0;0.0;0.0;0.0;0.0;1.2383827039168889;1.2385047385047385;1.0;1.0;1.0;1.0;1.0;1.0;1.0;1.0;1.3120305306518052;1.0;1.0;1.0;1.0;1.0;1.0;1.0;1.0;1.0;1.0;1.0;1.0;1.0;1.0;1.0;1.0;1.0;1.0;1.0;1;0.17488466589142138;0
177253;2011;3;352.84;70.57;0.0;0.0;0.0;0.0;0.0;0.0;0.0;0.0;216.59;0.0;0.0;0.0;0.0;0.0;0.0;0.0;0.0;0.0;0.0;0.0;0.0;0.0;0.0;0.0;0.0;0.0;0.0;0.0;1.1668375276960217;1.1668320105820105;1.0;1.0;1.0;1.0;1.0;1.0;1.0;1.0;1.0960477708617984;1.0;1.0;1.0;1.0;1.0;1.0;1.0;1.0;1.0;1.0;1.0;1.0;1.0;1.0;1.0;1.0;1.0;1.0;1.0;1;0.2127829364553494;0
177253;2011;4;352.84;70.57;0.0;0.0;0.0;0.0;0.0;0.0;0.0;0.0;216.59;0.0;0.0;0.0;0.0;0.0;0.0;0.0;0.0;0.0;0.0;0.0;0.0;0.0;0.0;0.0;0.0;0.0;0.0;0.0;1.1008017970236796;1.1007643113398844;1.0;1.0;1.0;1.0;1.0;1.0;1.0;1.0;1.2351163321167882;1.0;1.0;1.0;1.0;1.0;0.0;1.0;1.0;1.0;1.0;1.0;1.0;1.0;1.0;1.0;1.0;1.0;1.0;1.0;1;0.036317790967837715;0
177253;2011;5;352.84;70.57;0.0;0.0;0.0;0.0;0.0;0.0;0.0;0.0;216.59;0.0;0.0;0.0;0.0;0.0;0.0;0.0;0.0;0.0;0.0;0.0;0.0;0.0;0.0;0.0;0.0;0.0;0.0;0.0;1.0;1.0;1.0;1.0;1.0;1.0;1.0;1.0;1.0;1.0;1.0;1.0;1.0;1.0;1.0;1.0;1.0;1.0;1.0;1.0;1.0;1.0;1.0;1.0;1.0;1.0;1.0;1.0;1.0;1.0;1;0.28601877032847567;0
177253;2011;6;352.84;70.57;0.0;0.0;0.0;0.0;0.0;0.0;0.0;0.0;216.59;0.0;0.0;0.0;0.0;0.0;0.0;0.0;0.0;0.0;0.0;0.0;0.0;0.0;0.0;0.0;0.0;0.0;0.0;0.0;0.9345764687185463;0.9345782015627068;1.0;1.0;1.0;1.0;1.0;1.0;1.0;1.0;0.9345846817691478;1.0;1.0;1.0;1.0;1.0;1.0;1.0;1.0;1.0;1.0;1.0;1.0;1.0;1.0;1.0;1.0;1.0;1.0;1.0;1;0.23213933990111613;0
177253;2011;7;352.84;70.57;0.0;0.0;0.0;0.0;0.0;0.0;0.0;0.0;216.59;0.0;0.0;0.0;0.0;0.0;0.0;0.0;0.0;0.0;0.0;0.0;0.0;0.0;0.0;0.0;0.0;0.0;0.0;0.0;1.0;1.0;1.0;1.0;1.0;1.0;1.0;1.0;1.0;1.0;1.0;1.0;1.0;1.0;1.0;1.0;1.0;1.0;1.0;1.0;1.0;1.0;1.0;1.0;1.0;1.0;1.0;1.0;1.0;1.0;1;0.28601877032847567;0
177253;2011;8;352.84;70.57;0.0;0.0;0.0;0.0;0.0;0.0;0.0;0.0;216.59;0.0;0.0;0.0;0.0;0.0;0.0;0.0;33.44;0.0;0.0;0.0;0.0;0.0;0.0;0.0;0.0;0.0;0.0;0.0;1.0;1.0;1.0;1.0;1.0;1.0;1.0;1.0;1.0;1.0;1.0;1.0;1.0;1.0;1.0;1.0;1.0;1.0;1.0;1.0;1.0;1.0;1.0;1.0;1.0;1.0;1.0;1.0;1.0;1.0;1;0.28601877032847567;0
177253;2011;9;352.84;70.57;0.0;0.0;0.0;0.0;0.0;0.0;0.0;0.0;216.59;0.0;0.0;0.0;0.0;0.0;0.0;0.0;0.0;0.0;0.0;0.0;0.0;0.0;0.0;0.0;0.0;0.0;0.0;0.0;1.0;1.0;1.0;1.0;1.0;1.0;1.0;1.0;1.0;1.0;1.0;1.0;1.0;1.0;1.0;1.0;1.0;1.0;1.0;1.0;1.0;1.0;1.0;1.0;1.0;1.0;1.0;1.0;1.0;1.0;1;0.28601877032847567;0
177253;2011;10;352.84;70.57;0.0;0.0;0.0;0.0;0.0;213.33;0.0;0.0;216.59;0.0;0.0;0.0;0.0;0.0;0.0;0.0;0.0;0.0;0.0;0.0;0.0;0.0;0.0;0.0;0.0;0.0;0.0;0.0;1.0;1.0;1.0;1.0;1.0;1.0;1.0;1.0;1.0;1.0;1.0;1.0;1.0;1.0;1.0;1.0;1.0;1.0;1.0;1.0;1.0;1.0;1.0;1.0;1.0;1.0;1.0;1.0;1.0;1.0;1;0.28601877032847567;0
177253;2011;11;352.84;70.57;0.0;0.0;0.0;0.0;0.0;0.0;0.0;0.0;216.59;0.0;0.0;0.0;0.0;0.0;0.0;0.0;0.0;0.0;0.0;0.0;0.0;0.0;0.0;0.0;0.0;0.0;0.0;0.0;1.0;1.0;1.0;1.0;1.0;1.0;1.0;1.0;1.0;1.0;1.0;1.0;1.0;1.0;1.0;1.0;1.0;1.0;1.0;1.0;1.0;1.0;1.0;1.0;1.0;1.0;1.0;1.0;1.0;1.0;1;0.28601877032847567;0
177253;2011;12;352.84;70.57;0.0;0.0;0.0;0.0;0.0;0.0;0.0;0.0;216.59;0.0;0.0;0.0;0.0;0.0;0.0;0.0;0.0;0.0;0.0;0.0;0.0;0.0;0.0;0.0;0.0;0.0;0.0;0.0;1.0;1.0;1.0;1.0;1.0;1.0;1.0;1.0;1.0;1.0;1.0;1.0;1.0;1.0;1.0;1.0;1.0;1.0;1.0;1.0;1.0;1.0;1.0;1.0;1.0;1.0;1.0;1.0;1.0;1.0;1;0.28601877032847567;0
177253;2012;1;377.54;75.51;0.0;0.0;0.0;0.0;0.0;0.0;0.0;0.0;231.75;0.0;0.0;0.0;0.0;0.0;0.0;0.0;0.0;0.0;0.0;0.0;0.0;0.0;0.0;0.0;0.0;0.0;0.0;0.0;1.0;1.0;1.0;1.0;1.0;1.0;1.0;1.0;1.0;1.0;1.0;1.0;1.0;1.0;1.0;1.0;1.0;1.0;1.0;1.0;1.0;1.0;1.0;1.0;1.0;1.0;1.0;1.0;1.0;1.0;1;0.28601877032847567;0
177253;2012;2;377.54;75.51;0.0;0.0;0.0;0.0;0.0;0.0;0.0;0.0;231.75;0.0;0.0;0.0;0.0;0.0;0.0;0.0;0.0;0.0;0.0;0.0;0.0;0.0;0.0;0.0;0.0;0.0;0.0;0.0;1.0;1.0;1.0;1.0;1.0;1.0;1.0;1.0;1.0;1.0;1.0;1.0;1.0;1.0;1.0;1.0;1.0;1.0;1.0;1.0;1.0;1.0;1.0;1.0;1.0;1.0;1.0;1.0;1.0;1.0;1;0.28601877032847567;0
177253;2012;3;377.54;75.51;0.0;0.0;0.0;0.0;0.0;0.0;0.0;0.0;231.75;0.0;0.0;0.0;0.0;0.0;0.0;0.0;0.0;0.0;0.0;0.0;0.0;0.0;0.0;0.0;0.0;0.0;0.0;0.0;1.0;1.0;1.0;1.0;1.0;1.0;1.0;1.0;1.0;1.0;1.0;1.0;1.0;1.0;1.0;1.0;1.0;1.0;1.0;1.0;1.0;1.0;1.0;1.0;1.0;1.0;1.0;1.0;1.0;1.0;1;0.28601877032847567;0
177253;2012;4;377.54;75.51;0.0;0.0;0.0;0.0;0.0;0.0;0.0;0.0;231.75;0.0;0.0;0.0;0.0;0.0;0.0;0.0;0.0;0.0;0.0;0.0;0.0;0.0;0.0;0.0;0.0;0.0;0.0;0.0;1.0;1.0;1.0;1.0;1.0;1.0;1.0;1.0;1.0;1.0;1.0;1.0;1.0;1.0;1.0;1.0;1.0;1.0;1.0;1.0;1.0;1.0;1.0;1.0;1.0;1.0;1.0;1.0;1.0;1.0;1;0.28601877032847567;0
177253;2012;5;377.54;75.51;0.0;0.0;0.0;0.0;0.0;0.0;0.0;0.0;231.75;0.0;0.0;0.0;0.0;0.0;0.0;0.0;0.0;0.0;0.0;0.0;0.0;0.0;0.0;0.0;0.0;0.0;0.0;0.0;1.0;1.0;1.0;1.0;1.0;1.0;1.0;1.0;1.0;1.0;1.0;1.0;1.0;1.0;1.0;1.0;1.0;1.0;1.0;1.0;1.0;1.0;1.0;1.0;1.0;1.0;1.0;1.0;1.0;1.0;1;0.28601877032847567;0
177253;2012;6;377.54;75.51;0.0;0.0;0.0;0.0;0.0;0.0;0.0;0.0;231.75;0.0;0.0;0.0;0.0;0.0;0.0;0.0;0.0;0.0;0.0;0.0;0.0;0.0;0.0;0.0;0.0;0.0;0.0;0.0;1.0;1.0;1.0;1.0;1.0;1.0;1.0;1.0;1.0;1.0;1.0;1.0;1.0;1.0;1.0;1.0;1.0;1.0;1.0;1.0;1.0;1.0;1.0;1.0;1.0;1.0;1.0;1.0;1.0;1.0;1;0.28601877032847567;0
177253;2012;7;377.54;75.51;0.0;0.0;0.0;0.0;0.0;0.0;0.0;0.0;231.75;0.0;0.0;0.0;0.0;0.0;0.0;0.0;0.0;0.0;0.0;0.0;0.0;0.0;0.0;0.0;0.0;0.0;0.0;0.0;1.3721242958386337;1.3721606396510995;1.0;1.0;1.0;1.0;1.0;1.0;1.0;1.0;1.6453674121405752;1.0;1.0;1.0;1.0;1.0;1.0;1.0;1.0;1.0;1.0;1.0;1.0;1.0;1.0;1.0;1.0;1.0;1.0;1.0;1;0.13014470321838334;0
177253;2012;8;528.56;105.71;0.0;151.04;0.0;0.0;30.21;0.0;0.0;0.0;50.53;0.0;0.0;190.0;0.0;0.0;0.0;0.0;33.84;0.0;0.0;0.0;0.0;0.0;0.0;0.0;0.0;0.0;0.0;0.0;1.8551172258879682;1.8552123552123552;1.0;1.0;1.0;1.0;1.0;1.0;1.0;1.0;0.30609401502301914;1.0;1.0;1.0;1.0;1.0;1.0;1.0;1.0;1.0;1.0;1.0;1.0;1.0;1.0;1.0;1.0;1.0;1.0;1.0;1;0.17280107897811825;0
177253;2012;9;528.56;105.71;0.0;0.0;0.0;0.0;0.0;0.0;0.0;0.0;50.53;0.0;0.0;220.0;0.0;0.0;0.0;0.0;0.0;0.0;0.0;0.0;0.0;0.0;0.0;0.0;0.0;0.0;0.0;0.0;1.7479414001785771;1.747850529100529;1.0;1.0;1.0;1.0;1.0;1.0;1.0;1.0;0.2557056829107839;1.0;1.0;1.0;1.0;1.0;1.0;1.0;1.0;1.0;1.0;1.0;1.0;1.0;1.0;1.0;1.0;1.0;1.0;1.0;1;0.17572511461447882;0
177253;2012;10;528.56;105.71;0.0;0.0;0.0;0.0;0.0;0.0;0.0;0.0;50.53;0.0;0.0;200.0;0.0;0.0;0.0;0.0;0.0;0.0;0.0;0.0;0.0;0.0;0.0;0.0;0.0;0.0;0.0;0.0;1.649018812591645;1.6488847293713929;1.0;1.0;1.0;1.0;1.0;1.0;1.0;1.0;0.28815009124087587;1.0;1.0;1.0;1.0;1.0;0.0;1.0;1.0;1.0;1.0;1.0;1.0;1.0;1.0;1.0;1.0;1.0;1.0;1.0;1;0.052192184763235616;0
177253;2012;11;528.56;105.71;0.0;0.0;0.0;0.0;0.0;0.0;0.0;0.0;50.53;0.0;0.0;200.0;0.0;0.0;0.0;0.0;0.0;0.0;0.0;0.0;0.0;0.0;0.0;0.0;0.0;0.0;0.0;0.0;1.4980160979480783;1.4979453025364886;1.0;1.0;1.0;1.0;1.0;1.0;1.0;1.0;0.2332979361928067;1.0;1.0;1.0;1.0;1.0;1.0;1.0;1.0;1.0;1.0;1.0;1.0;1.0;1.0;1.0;1.0;1.0;1.0;1.0;1;0.16353467470885186;0
177253;2012;12;528.56;105.71;0.0;0.0;0.0;0.0;0.0;0.0;0.0;0.0;50.53;0.0;0.0;220.0;0.0;0.0;0.0;0.0;0.0;0.0;0.0;0.0;0.0;0.0;0.0;0.0;0.0;0.0;0.0;0.0;1.400010594903851;1.3999470268838563;1.0;1.0;1.0;1.0;1.0;1.0;1.0;1.0;0.2180366774541532;1.0;1.0;1.0;1.0;1.0;1.0;1.0;1.0;1.0;1.0;1.0;1.0;1.0;1.0;1.0;1.0;1.0;1.0;1.0;1;0.15269145593678207;0
177253;2013;1;558.05;111.61;0.0;0.0;0.0;0.0;0.0;0.0;0.0;0.0;53.35;0.0;0.0;179.35;0.0;0.0;0.0;12.28;0.0;0.0;0.0;0.0;0.0;0.0;0.0;0.0;0.0;0.0;0.0;0.0;1.0;1.0;1.0;1.0;1.0;1.0;1.0;1.0;1.0;1.0;1.0;1.0;1.0;1.0;1.0;1.0;1.0;1.0;1.0;1.0;1.0;1.0;1.0;1.0;1.0;1.0;1.0;1.0;1.0;1.0;1;0.28601877032847567;0
177253;2013;2;558.05;111.61;0.0;0.0;0.0;0.0;0.0;0.0;0.0;0.0;53.35;0.0;0.0;200.45;0.0;0.0;0.0;0.0;0.0;0.0;0.0;0.0;0.0;0.0;0.0;0.0;0.0;0.0;0.0;0.0;1.0;1.0;1.0;1.0;1.0;1.0;1.0;1.0;1.0;1.0;1.0;1.0;1.0;1.0;1.0;1.0;1.0;1.0;1.0;1.0;1.0;1.0;1.0;1.0;1.0;1.0;1.0;1.0;1.0;1.0;1;0.28601877032847567;0
177253;2013;3;558.05;111.61;0.0;0.0;0.0;0.0;0.0;0.0;0.0;0.0;53.35;0.0;0.0;232.1;0.0;0.0;0.0;0.0;0.0;0.0;0.0;0.0;0.0;0.0;0.0;0.0;0.0;0.0;0.0;0.0;1.0;1.0;1.0;1.0;1.0;1.0;1.0;1.0;1.0;1.0;1.0;1.0;1.0;1.0;1.0;1.0;1.0;1.0;1.0;1.0;1.0;1.0;1.0;1.0;1.0;1.0;1.0;1.0;1.0;1.0;1;0.28601877032847567;0
177253;2013;4;558.05;111.61;0.0;0.0;0.0;0.0;0.0;0.0;0.0;0.0;53.35;0.0;0.0;221.55;0.0;0.0;0.0;0.0;0.0;0.0;0.0;0.0;0.0;0.0;0.0;0.0;0.0;0.0;0.0;0.0;1.0;1.0;1.0;1.0;1.0;1.0;1.0;1.0;1.0;1.0;1.0;1.0;1.0;1.0;1.0;1.0;1.0;1.0;1.0;1.0;1.0;1.0;1.0;1.0;1.0;1.0;1.0;1.0;1.0;1.0;1;0.28601877032847567;0
177253;2013;5;558.05;111.61;0.0;0.0;0.0;0.0;0.0;0.0;0.0;0.0;53.35;0.0;0.0;211.0;0.0;0.0;0.0;0.0;0.0;0.0;0.0;0.0;0.0;0.0;0.0;0.0;0.0;0.0;0.0;0.0;1.0;1.0;1.0;1.0;1.0;1.0;1.0;1.0;1.0;1.0;1.0;1.0;1.0;1.0;1.0;1.0;1.0;1.0;1.0;1.0;1.0;1.0;1.0;1.0;1.0;1.0;1.0;1.0;1.0;1.0;1;0.28601877032847567;0
177253;2013;6;558.05;111.61;0.0;0.0;0.0;0.0;0.0;0.0;0.0;0.0;53.35;0.0;0.0;242.65;0.0;0.0;0.0;0.0;0.0;0.0;0.0;0.0;0.0;0.0;0.0;0.0;0.0;0.0;0.0;0.0;1.0;1.0;1.0;1.0;1.0;1.0;1.0;1.0;1.0;1.0;1.0;1.0;1.0;1.0;1.0;1.0;1.0;1.0;1.0;1.0;1.0;1.0;1.0;1.0;1.0;1.0;1.0;1.0;1.0;1.0;1;0.28601877032847567;0
177253;2013;7;558.05;111.61;0.0;0.0;0.0;0.0;0.0;0.0;0.0;0.0;53.35;0.0;0.0;221.55;0.0;0.0;0.0;0.0;0.0;0.0;0.0;0.0;0.0;0.0;0.0;0.0;0.0;0.0;0.0;0.0;1.0;1.0;1.0;1.0;1.0;1.0;1.0;1.0;1.0;1.0;1.0;1.0;1.0;1.0;1.0;1.0;1.0;1.0;1.0;1.0;1.0;1.0;1.0;1.0;1.0;1.0;1.0;1.0;1.0;1.0;1;0.28601877032847567;0
177253;2013;8;558.05;111.61;0.0;0.0;0.0;0.0;0.0;0.0;0.0;0.0;53.35;0.0;0.0;221.55;0.0;0.0;0.0;0.0;30.27;0.0;0.0;0.0;0.0;0.0;0.0;0.0;0.0;0.0;0.0;0.0;1.0;1.0;1.0;1.0;1.0;1.0;1.0;1.0;1.0;1.0;1.0;1.0;1.0;1.0;1.0;1.0;1.0;1.0;1.0;1.0;1.0;1.0;1.0;1.0;1.0;1.0;1.0;1.0;1.0;1.0;1;0.28601877032847567;0
177253;2013;9;558.05;111.61;0.0;0.0;0.0;0.0;0.0;0.0;0.0;0.0;53.35;0.0;0.0;232.1;0.0;0.0;0.0;0.0;0.0;0.0;0.0;0.0;0.0;0.0;0.0;0.0;0.0;0.0;0.0;0.0;1.0;1.0;1.0;1.0;1.0;1.0;1.0;1.0;1.0;1.0;1.0;1.0;1.0;1.0;1.0;1.0;1.0;1.0;1.0;1.0;1.0;1.0;1.0;1.0;1.0;1.0;1.0;1.0;1.0;1.0;1;0.28601877032847567;0
177253;2013;10;558.05;111.61;0.0;0.0;0.0;0.0;0.0;0.0;0.0;0.0;53.35;0.0;0.0;211.0;0.0;0.0;0.0;0.0;0.0;0.0;0.0;0.0;0.0;0.0;0.0;0.0;0.0;0.0;0.0;0.0;1.0;1.0;1.0;1.0;1.0;1.0;1.0;1.0;1.0;1.0;1.0;1.0;1.0;1.0;1.0;1.0;1.0;1.0;1.0;1.0;1.0;1.0;1.0;1.0;1.0;1.0;1.0;1.0;1.0;1.0;1;0.28601877032847567;0
177253;2013;11;558.05;111.61;0.0;0.0;0.0;0.0;0.0;0.0;0.0;0.0;53.35;0.0;0.0;221.55;0.0;0.0;0.0;0.0;0.0;0.0;0.0;0.0;0.0;0.0;0.0;0.0;0.0;0.0;0.0;0.0;1.0;1.0;1.0;1.0;1.0;1.0;1.0;1.0;1.0;1.0;1.0;1.0;1.0;1.0;1.0;1.0;1.0;1.0;1.0;1.0;1.0;1.0;1.0;1.0;1.0;1.0;1.0;1.0;1.0;1.0;1;0.28601877032847567;0
177253;2013;12;558.05;111.61;0.0;0.0;0.0;0.0;0.0;0.0;0.0;0.0;53.35;0.0;0.0;232.1;0.0;0.0;0.0;0.0;0.0;0.0;0.0;0.0;0.0;0.0;0.0;0.0;0.0;0.0;0.0;0.0;1.0;1.0;1.0;1.0;1.0;1.0;1.0;1.0;1.0;1.0;1.0;1.0;1.0;1.0;1.0;1.0;1.0;1.0;1.0;1.0;1.0;1.0;1.0;1.0;1.0;1.0;1.0;1.0;1.0;1.0;1;0.28601877032847567;0
177253;2014;1;589.86;117.97;0.0;0.0;0.0;0.0;0.0;0.0;0.0;0.0;56.39;0.0;0.0;211.0;0.0;0.0;0.0;0.0;0.0;0.0;0.0;0.0;0.0;0.0;0.0;0.0;0.0;0.0;0.0;0.0;2.1437761221152103;2.143739778302744;1.0;1.0;1.0;1.0;1.0;1.0;1.0;1.0;0.40035498757543486;1.0;1.0;1.0;1.0;1.0;1.0;1.0;1.0;1.0;1.0;1.0;1.0;1.0;1.0;1.0;1.0;1.0;1.0;1.0;1;0.1561918579557392;0
177253;2014;2;589.86;117.97;0.0;0.0;0.0;0.0;0.0;0.0;0.0;0.0;56.39;0.0;0.0;179.35;0.0;0.0;0.0;0.0;0.0;0.0;0.0;0.0;0.0;0.0;0.0;0.0;0.0;0.0;0.0;0.0;2.0702653376386353;2.0703755703755706;1.0;1.0;1.0;1.0;1.0;1.0;1.0;1.0;0.3415919554155561;1.0;1.0;1.0;1.0;1.0;1.0;1.0;1.0;1.0;1.0;1.0;1.0;1.0;1.0;1.0;1.0;1.0;1.0;1.0;1;0.16827447979776639;0
177253;2014;3;589.86;117.97;0.0;0.0;0.0;0.0;0.0;0.0;0.0;0.0;56.39;0.0;0.0;211.0;0.0;0.0;0.0;0.0;0.0;0.0;0.0;0.0;0.0;0.0;0.0;0.0;0.0;0.0;0.0;0.0;1.9506597440391549;1.9505621693121693;1.0;1.0;1.0;1.0;1.0;1.0;1.0;1.0;0.2853600526289155;1.0;1.0;1.0;1.0;1.0;1.0;1.0;1.0;1.0;1.0;1.0;1.0;1.0;1.0;1.0;1.0;1.0;1.0;1.0;1;0.1708310688509761;0
177253;2014;4;589.86;117.97;0.0;0.0;0.0;0.0;0.0;0.0;0.0;0.0;56.39;0.0;0.0;221.55;0.0;0.0;0.0;0.0;0.0;0.0;0.0;0.0;0.0;0.0;0.0;0.0;0.0;0.0;0.0;0.0;1.8402645618194866;1.8401185462486351;1.0;1.0;1.0;1.0;1.0;1.0;1.0;1.0;0.3215670620437956;1.0;1.0;1.0;1.0;1.0;0.0;1.0;1.0;1.0;1.0;1.0;1.0;1.0;1.0;1.0;1.0;1.0;1.0;1.0;1;0.07873313427601969;0
177253;2014;5;589.86;117.97;0.0;0.0;0.0;0.0;0.0;0.0;0.0;0.0;56.39;0.0;0.0;223.0;0.0;0.0;0.0;0.0;0.0;0.0;0.0;0.0;0.0;0.0;0.0;0.0;0.0;0.0;0.0;0.0;1.6717492347806373;1.6716735156582119;1.0;1.0;1.0;1.0;1.0;1.0;1.0;1.0;0.2603536636040445;1.0;1.0;1.0;1.0;1.0;1.0;1.0;1.0;1.0;1.0;1.0;1.0;1.0;1.0;1.0;1.0;1.0;1.0;1.0;1;0.1801630364316656;0
177253;2014;6;589.86;117.97;0.0;0.0;0.0;0.0;0.0;0.0;0.0;0.0;56.39;0.0;0.0;256.45;0.0;0.0;0.0;60.0;0.0;0.0;0.0;0.0;0.0;0.0;0.0;0.0;0.0;0.0;0.0;0.0;1.5623774964242199;1.562309627863859;1.0;1.0;1.0;1.0;1.0;1.0;1.0;1.0;0.2433225458468177;1.0;1.0;1.0;1.0;1.0;1.0;1.0;1.0;1.0;1.0;1.0;1.0;1.0;1.0;1.0;1.0;1.0;1.0;1.0;1;0.1703288343626898;0
177253;2014;7;589.86;117.97;0.0;0.0;0.0;0.0;0.0;0.0;0.0;0.0;56.39;0.0;0.0;223.0;0.0;0.0;0.0;0.0;0.0;0.0;0.0;0.0;0.0;0.0;0.0;0.0;0.0;0.0;0.0;0.0;1.0;1.0;1.0;1.0;1.0;1.0;1.0;1.0;1.0;1.0;1.0;1.0;1.0;1.0;1.0;1.0;1.0;1.0;1.0;1.0;1.0;1.0;1.0;1.0;1.0;1.0;1.0;1.0;1.0;1.0;1;0.28601877032847567;0
177253;2014;8;589.86;117.97;0.0;0.0;0.0;0.0;0.0;0.0;0.0;0.0;56.39;0.0;0.0;245.3;0.0;0.0;0.0;0.0;0.0;0.0;0.0;0.0;0.0;0.0;0.0;0.0;0.0;0.0;0.0;0.0;1.0;1.0;1.0;1.0;1.0;1.0;1.0;1.0;1.0;1.0;1.0;1.0;1.0;1.0;1.0;1.0;1.0;1.0;1.0;1.0;1.0;1.0;1.0;1.0;1.0;1.0;1.0;1.0;1.0;1.0;1;0.28601877032847567;0
177253;2014;9;589.86;117.97;0.0;0.0;0.0;0.0;0.0;0.0;0.0;0.0;56.39;0.0;0.0;245.3;0.0;0.0;0.0;0.0;0.0;0.0;0.0;0.0;0.0;0.0;0.0;0.0;0.0;0.0;0.0;0.0;1.0;1.0;1.0;1.0;1.0;1.0;1.0;1.0;1.0;1.0;1.0;1.0;1.0;1.0;1.0;1.0;1.0;1.0;1.0;1.0;1.0;1.0;1.0;1.0;1.0;1.0;1.0;1.0;1.0;1.0;1;0.28601877032847567;0
177253;2014;10;589.86;117.97;0.0;0.0;0.0;0.0;0.0;0.0;0.0;0.0;56.39;0.0;0.0;223.0;0.0;0.0;0.0;0.0;0.0;0.0;0.0;0.0;0.0;0.0;0.0;0.0;0.0;0.0;0.0;0.0;1.0;1.0;1.0;1.0;1.0;1.0;1.0;1.0;1.0;1.0;1.0;1.0;1.0;1.0;1.0;1.0;1.0;1.0;1.0;1.0;1.0;1.0;1.0;1.0;1.0;1.0;1.0;1.0;1.0;1.0;1;0.28601877032847567;0
177253;2014;11;589.86;117.97;0.0;0.0;0.0;0.0;0.0;0.0;0.0;0.0;56.39;0.0;0.0;245.3;0.0;0.0;0.0;0.0;0.0;0.0;0.0;0.0;0.0;0.0;0.0;0.0;0.0;0.0;0.0;0.0;1.0;1.0;1.0;1.0;1.0;1.0;1.0;1.0;1.0;1.0;1.0;1.0;1.0;1.0;1.0;1.0;1.0;1.0;1.0;1.0;1.0;1.0;1.0;1.0;1.0;1.0;1.0;1.0;1.0;1.0;1;0.28601877032847567;0
177253;2014;12;589.86;117.97;0.0;0.0;0.0;0.0;0.0;0.0;0.0;0.0;56.39;0.0;0.0;234.15;0.0;0.0;0.0;0.0;0.0;0.0;0.0;0.0;0.0;0.0;0.0;0.0;0.0;0.0;0.0;0.0;1.0;1.0;1.0;1.0;1.0;1.0;1.0;1.0;1.0;1.0;1.0;1.0;1.0;1.0;1.0;1.0;1.0;1.0;1.0;1.0;1.0;1.0;1.0;1.0;1.0;1.0;1.0;1.0;1.0;1.0;1;0.28601877032847567;0
177253;2015;1;627.91;125.58;0.0;0.0;0.0;0.0;0.0;0.0;0.0;0.0;60.02;0.0;0.0;201.79;0.0;0.0;0.0;0.0;0.0;0.0;0.0;0.0;17.85;0.0;0.0;0.0;0.0;0.0;0.0;0.0;1.0;1.0;1.0;1.0;1.0;1.0;1.0;1.0;1.0;1.0;1.0;1.0;1.0;1.0;1.0;1.0;1.0;1.0;1.0;1.0;1.0;1.0;1.0;1.0;1.0;1.0;1.0;1.0;1.0;1.0;1;0.28601877032847567;0
177253;2015;2;627.91;125.58;0.0;0.0;0.0;0.0;0.0;0.0;0.0;0.0;60.02;0.0;0.0;237.4;0.0;0.0;0.0;0.0;0.0;0.0;0.0;0.0;0.0;0.0;0.0;0.0;0.0;0.0;0.0;0.0;1.0;1.0;1.0;1.0;1.0;1.0;1.0;1.0;1.0;1.0;1.0;1.0;1.0;1.0;1.0;1.0;1.0;1.0;1.0;1.0;1.0;1.0;1.0;1.0;1.0;1.0;1.0;1.0;1.0;1.0;1;0.28601877032847567;0
177253;2015;3;627.91;125.58;0.0;0.0;0.0;0.0;0.0;271.17;0.0;0.0;60.02;0.0;0.0;0.0;0.0;0.0;0.0;0.0;0.0;0.0;0.0;0.0;0.0;0.0;0.0;0.0;0.0;0.0;0.0;0.0;1.0;1.0;1.0;1.0;1.0;1.0;1.0;1.0;1.0;1.0;1.0;1.0;1.0;1.0;1.0;1.0;1.0;1.0;1.0;1.0;1.0;1.0;1.0;1.0;1.0;1.0;1.0;1.0;1.0;1.0;1;0.28601877032847567;0
177253;2015;4;627.91;125.58;0.0;0.0;0.0;0.0;0.0;271.17;0.0;0.0;60.02;0.0;0.0;0.0;0.0;0.0;0.0;0.0;0.0;0.0;0.0;0.0;0.0;0.0;0.0;0.0;0.0;0.0;0.0;0.0;1.0;1.0;1.0;1.0;1.0;1.0;1.0;1.0;1.0;1.0;1.0;1.0;1.0;1.0;1.0;1.0;1.0;1.0;1.0;1.0;1.0;1.0;1.0;1.0;1.0;1.0;1.0;1.0;1.0;1.0;1;0.28601877032847567;0
177253;2015;5;627.91;125.58;0.0;0.0;0.0;0.0;0.0;0.0;0.0;0.0;60.02;0.0;0.0;249.27;0.0;0.0;0.0;0.0;0.0;0.0;0.0;0.0;0.0;0.0;0.0;0.0;0.0;0.0;0.0;0.0;1.0;1.0;1.0;1.0;1.0;1.0;1.0;1.0;1.0;1.0;1.0;1.0;1.0;1.0;1.0;1.0;1.0;1.0;1.0;1.0;1.0;1.0;1.0;1.0;1.0;1.0;1.0;1.0;1.0;1.0;1;0.28601877032847567;0
177253;2015;6;627.91;125.58;0.0;0.0;0.0;0.0;0.0;0.0;0.0;0.0;60.02;0.0;0.0;273.01;0.0;0.0;0.0;0.0;0.0;0.0;0.0;0.0;0.0;0.0;0.0;0.0;0.0;0.0;0.0;0.0;1.0;1.0;1.0;1.0;1.0;1.0;1.0;1.0;1.0;1.0;1.0;1.0;1.0;1.0;1.0;1.0;1.0;1.0;1.0;1.0;1.0;1.0;1.0;1.0;1.0;1.0;1.0;1.0;1.0;1.0;1;0.28601877032847567;0
177253;2015;7;627.91;125.58;0.0;0.0;0.0;0.0;0.0;0.0;0.0;0.0;60.01;0.0;0.0;249.27;0.0;0.0;0.0;0.0;0.0;0.0;0.0;0.0;0.0;0.0;0.0;0.0;0.0;0.0;0.0;0.0;2.282064328548065;2.2820279847355986;1.0;1.0;1.0;1.0;1.0;1.0;1.0;1.0;0.4260560880369187;1.0;1.0;1.0;1.0;1.0;1.0;1.0;1.0;1.0;1.0;1.0;1.0;1.0;1.0;1.0;1.0;1.0;1.0;1.0;1;0.14375803199004317;0
177253;2015;8;627.91;125.58;0.0;0.0;0.0;0.0;0.0;0.0;0.0;0.0;60.01;0.0;0.0;249.27;0.0;0.0;0.0;0.0;0.0;0.0;0.0;0.0;0.0;0.0;0.0;0.0;0.0;0.0;0.0;0.0;2.20381159623754;2.2039312039312042;1.0;1.0;1.0;1.0;1.0;1.0;1.0;1.0;0.3635207172280106;1.0;1.0;1.0;1.0;1.0;1.0;1.0;1.0;1.0;1.0;1.0;1.0;1.0;1.0;1.0;1.0;1.0;1.0;1.0;1;0.15436012139991578;0
177253;2015;9;627.91;125.58;0.0;0.0;0.0;0.0;0.0;0.0;0.0;0.0;60.01;0.0;0.0;237.4;0.0;0.0;0.0;0.0;0.0;0.0;0.0;0.0;0.0;0.0;0.0;0.0;0.0;0.0;0.0;0.0;2.0764906246899697;2.076388888888889;1.0;1.0;1.0;1.0;1.0;0.0;1.0;1.0;0.30367896361520164;1.0;1.0;1.0;1.0;1.0;1.0;1.0;1.0;1.0;1.0;1.0;1.0;1.0;1.0;1.0;1.0;1.0;1.0;1.0;1;0.0018271264089458894;0
177253;2015;10;627.91;125.58;0.0;0.0;0.0;0.0;0.0;0.0;0.0;0.0;60.02;0.0;0.0;237.4;0.0;0.0;0.0;0.0;0.0;0.0;0.0;0.0;0.0;0.0;0.0;0.0;0.0;0.0;0.0;0.0;1.9589741989829346;1.9588207767898924;1.0;1.0;1.0;1.0;1.0;1.0;1.0;1.0;0.3422673357664234;1.0;1.0;1.0;1.0;1.0;0.0;1.0;1.0;1.0;1.0;1.0;1.0;1.0;1.0;1.0;1.0;1.0;1.0;1.0;1;0.08453022423599921;0
177253;2015;11;627.91;125.58;0.0;0.0;0.0;0.0;0.0;0.0;0.0;0.0;60.02;0.0;0.0;261.14;0.0;0.0;0.0;0.0;0.0;0.0;0.0;0.0;0.0;0.0;0.0;0.0;0.0;0.0;0.0;0.0;1.7795884820315158;1.7795097066742243;1.0;1.0;1.0;1.0;1.0;1.0;1.0;1.0;0.2771134401403574;1.0;1.0;1.0;1.0;1.0;1.0;1.0;1.0;1.0;1.0;1.0;1.0;1.0;1.0;1.0;1.0;1.0;1.0;1.0;1;0.1752487358860591;0
177253;2015;12;627.91;125.58;0.0;0.0;0.0;0.0;0.0;0.0;0.0;0.0;60.02;0.0;0.0;237.4;0.0;0.0;0.0;0.0;0.0;0.0;0.0;0.0;0.0;0.0;0.0;0.0;0.0;0.0;0.0;0.0;1.6631615193092122;1.6630909813269765;1.0;1.0;1.0;1.0;1.0;1.0;1.0;1.0;0.25898597626752967;1.0;1.0;1.0;1.0;1.0;1.0;1.0;1.0;1.0;1.0;1.0;1.0;1.0;1.0;1.0;1.0;1.0;1.0;1.0;1;0.17986567826457628;0
177253;2016;1;627.91;125.58;0.0;0.0;0.0;0.0;0.0;0.0;0.0;0.0;126.51;0.0;0.0;213.66;0.0;0.0;0.0;0.0;0.0;0.0;0.0;0.0;0.0;0.0;0.0;0.0;0.0;0.0;0.0;0.0;1.0;1.0;1.0;1.0;1.0;1.0;1.0;1.0;1.0;1.0;1.0;1.0;1.0;1.0;1.0;1.0;1.0;1.0;1.0;1.0;1.0;1.0;1.0;1.0;1.0;1.0;1.0;1.0;1.0;1.0;1;0.28601877032847567;0
177253;2016;2;627.91;125.58;0.0;0.0;0.0;0.0;0.0;0.0;0.0;0.0;126.51;0.0;0.0;261.14;0.0;0.0;0.0;0.0;0.0;0.0;0.0;0.0;0.0;0.0;0.0;0.0;0.0;0.0;0.0;0.0;1.0;1.0;1.0;1.0;1.0;1.0;1.0;1.0;1.0;1.0;1.0;1.0;1.0;1.0;1.0;1.0;1.0;1.0;1.0;1.0;1.0;1.0;1.0;1.0;1.0;1.0;1.0;1.0;1.0;1.0;1;0.28601877032847567;0
177253;2016;3;627.91;125.58;0.0;0.0;0.0;0.0;0.0;300.1;0.0;0.0;146.82;40.62;0.0;0.0;0.0;0.0;0.0;0.0;0.0;0.0;0.0;0.0;0.0;0.0;0.0;0.0;0.0;0.0;0.0;0.0;1.0;1.0;1.0;1.0;1.0;1.0;1.0;1.0;1.0;1.0;1.0;1.0;1.0;1.0;1.0;1.0;1.0;1.0;1.0;1.0;1.0;1.0;1.0;1.0;1.0;1.0;1.0;1.0;1.0;1.0;1;0.28601877032847567;0
177253;2016;4;627.91;125.58;0.0;0.0;0.0;0.0;0.0;0.0;0.0;0.0;146.82;0.0;0.0;249.27;0.0;0.0;0.0;0.0;0.0;0.0;0.0;0.0;0.0;0.0;0.0;0.0;0.0;0.0;0.0;0.0;1.0;1.0;1.0;1.0;1.0;1.0;1.0;1.0;1.0;1.0;1.0;1.0;1.0;1.0;1.0;1.0;1.0;1.0;1.0;1.0;1.0;1.0;1.0;1.0;1.0;1.0;1.0;1.0;1.0;1.0;1;0.28601877032847567;0
177253;2016;5;627.91;125.58;0.0;0.0;0.0;0.0;0.0;0.0;0.0;0.0;146.82;0.0;0.0;261.14;0.0;0.0;0.0;0.0;0.0;0.0;0.0;0.0;0.0;0.0;0.0;0.0;0.0;0.0;0.0;0.0;1.0;1.0;1.0;1.0;1.0;1.0;1.0;1.0;1.0;1.0;1.0;1.0;1.0;1.0;1.0;1.0;1.0;1.0;1.0;1.0;1.0;1.0;1.0;1.0;1.0;1.0;1.0;1.0;1.0;1.0;1;0.28601877032847567;0
177253;2016;6;627.91;125.58;0.0;0.0;0.0;0.0;0.0;0.0;0.0;0.0;146.82;0.0;0.0;249.27;0.0;0.0;0.0;0.0;0.0;0.0;0.0;0.0;0.0;0.0;0.0;0.0;0.0;0.0;0.0;0.0;1.0;1.0;1.0;1.0;1.0;1.0;1.0;1.0;1.0;1.0;1.0;1.0;1.0;1.0;1.0;1.0;1.0;1.0;1.0;1.0;1.0;1.0;1.0;1.0;1.0;1.0;1.0;1.0;1.0;1.0;1;0.28601877032847567;0
177253;2016;7;627.91;125.58;0.0;0.0;0.0;0.0;0.0;0.0;0.0;0.0;146.82;0.0;0.0;261.14;0.0;0.0;0.0;0.0;0.0;0.0;0.0;0.0;0.0;0.0;0.0;0.0;0.0;0.0;0.0;0.0;1.0;1.0;1.0;1.0;1.0;1.0;1.0;1.0;1.0;1.0;1.0;1.0;1.0;1.0;1.0;1.0;1.0;1.0;1.0;1.0;1.0;1.0;1.0;1.0;1.0;1.0;1.0;1.0;1.0;1.0;1;0.28601877032847567;0
177253;2016;8;627.91;125.58;0.0;0.0;0.0;0.0;0.0;0.0;0.0;0.0;146.82;0.0;0.0;249.27;0.0;0.0;0.0;0.0;0.0;0.0;0.0;0.0;0.0;0.0;0.0;0.0;0.0;0.0;0.0;0.0;1.0;1.0;1.0;1.0;1.0;1.0;1.0;1.0;1.0;1.0;1.0;1.0;1.0;1.0;1.0;1.0;1.0;1.0;1.0;1.0;1.0;1.0;1.0;1.0;1.0;1.0;1.0;1.0;1.0;1.0;1;0.28601877032847567;0
177253;2016;9;627.91;125.58;0.0;0.0;0.0;0.0;0.0;0.0;0.0;0.0;146.82;0.0;0.0;225.53;0.0;0.0;0.0;0.0;0.0;0.0;0.0;0.0;0.0;0.0;0.0;0.0;0.0;0.0;0.0;0.0;1.0;1.0;1.0;1.0;1.0;1.0;1.0;1.0;1.0;1.0;1.0;1.0;1.0;1.0;1.0;1.0;1.0;1.0;1.0;1.0;1.0;1.0;1.0;1.0;1.0;1.0;1.0;1.0;1.0;1.0;1;0.28601877032847567;0
177253;2016;10;627.91;125.58;0.0;0.0;0.0;0.0;0.0;0.0;0.0;0.0;146.82;0.0;0.0;237.4;0.0;0.0;0.0;0.0;0.0;0.0;0.0;0.0;0.0;0.0;0.0;0.0;0.0;0.0;0.0;0.0;1.0;1.0;1.0;1.0;1.0;1.0;1.0;1.0;1.0;1.0;1.0;1.0;1.0;1.0;1.0;1.0;1.0;1.0;1.0;1.0;1.0;1.0;1.0;1.0;1.0;1.0;1.0;1.0;1.0;1.0;1;0.28601877032847567;0
177253;2016;11;627.91;125.58;0.0;0.0;0.0;0.0;0.0;0.0;0.0;0.0;146.82;0.0;0.0;261.14;0.0;0.0;0.0;0.0;0.0;0.0;0.0;0.0;0.0;0.0;0.0;0.0;0.0;0.0;0.0;0.0;1.0;1.0;1.0;1.0;1.0;1.0;1.0;1.0;1.0;1.0;1.0;1.0;1.0;1.0;1.0;1.0;1.0;1.0;1.0;1.0;1.0;1.0;1.0;1.0;1.0;1.0;1.0;1.0;1.0;1.0;1;0.28601877032847567;0
177253;2016;12;627.91;125.58;0.0;0.0;0.0;0.0;0.0;0.0;0.0;0.0;146.82;0.0;0.0;261.14;0.0;0.0;0.0;0.0;0.0;0.0;0.0;0.0;0.0;0.0;0.0;0.0;0.0;0.0;0.0;0.0;1.0;1.0;1.0;1.0;1.0;1.0;1.0;1.0;1.0;1.0;1.0;1.0;1.0;1.0;1.0;1.0;1.0;1.0;1.0;1.0;1.0;1.0;1.0;1.0;1.0;1.0;1.0;1.0;1.0;1.0;1;0.28601877032847567;0
177253;2017;1;627.91;125.58;0.0;0.0;0.0;0.0;0.0;0.0;0.0;0.0;183.51;215.28;0.0;213.66;0.0;0.0;0.0;0.0;0.0;0.0;0.0;0.0;0.0;0.0;215.28;0.0;0.0;0.0;0.0;0.0;2.20381159623754;2.2039312039312042;1.0;1.0;1.0;1.0;1.0;1.0;1.0;1.0;1.1116428398352312;1.0;1.0;1.0;1.0;1.0;1.0;1.0;1.0;1.0;1.0;1.0;1.0;1.0;1.0;1.0;1.0;1.0;1.0;1.0;1;0.1615567237435649;0
177253;2017;2;627.91;125.58;0.0;0.0;0.0;0.0;0.0;0.0;0.0;0.0;183.51;0.0;0.0;261.14;0.0;0.0;0.0;0.0;0.0;0.0;0.0;0.0;0.0;0.0;215.28;0.0;0.0;0.0;0.0;0.0;2.0764906246899697;2.076388888888889;1.0;1.0;1.0;1.0;1.0;1.0;1.0;1.0;0.9286473356611507;1.0;1.0;1.0;1.0;1.0;1.0;1.0;1.0;1.0;1.0;1.0;1.0;1.0;1.0;1.0;1.0;1.0;1.0;1.0;1;0.1812363965158057;0
177253;2017;3;627.91;125.58;0.0;0.0;0.0;0.0;0.0;0.0;0.0;0.0;183.51;0.0;0.0;213.66;0.0;0.0;0.0;0.0;0.0;0.0;0.0;0.0;0.0;0.0;215.28;0.0;0.0;0.0;0.0;0.0;1.9589741989829346;1.9588207767898924;1.0;1.0;1.0;1.0;1.0;1.0;1.0;0.0;1.046475821167883;1.0;1.0;1.0;1.0;1.0;1.0;1.0;1.0;1.0;1.0;1.0;1.0;1.0;1.0;1.0;1.0;1.0;1.0;1.0;-1;-0.03567040119537379;1
177253;2017;4;640.47;128.09;0.0;0.0;0.0;0.0;0.0;0.0;0.0;0.0;188.38;59.82;0.0;266.42;0.0;0.0;0.0;0.0;0.0;0.0;0.0;0.0;18.99;12.36;219.59;30.14;0.0;15.07;0.0;0.0;1.90593381740269;1.9058175866686506;1.0;1.0;1.0;1.0;1.0;1.0;1.0;1.0;1.0246396518901277;1.0;1.0;1.0;1.0;1.0;0.0;1.0;1.0;1.0;1.0;1.0;1.0;1.0;1.0;1.0;1.0;1.0;1.0;1.0;1;0.09270372010674749;0
177253;2017;5;640.47;128.09;0.0;0.0;0.0;0.0;0.0;0.0;0.0;0.0;188.38;0.0;0.0;254.31;0.0;0.0;0.0;0.0;0.0;0.0;0.0;0.0;0.0;11.77;219.59;0.0;0.0;0.0;0.0;0.0;1.8151853531345654;1.8150772282839736;1.0;1.0;1.0;1.0;1.0;1.0;1.0;1.0;0.8697539129230343;1.0;1.0;1.0;1.0;1.0;1.0;1.0;1.0;1.0;1.0;1.0;1.0;1.0;1.0;1.0;1.0;1.0;1.0;1.0;1;0.18386827946852913;0
177253;2017;6;640.47;128.09;0.0;0.0;0.0;0.0;0.0;0.0;0.0;0.0;188.38;0.0;0.0;254.31;0.0;0.0;0.0;0.0;0.0;0.0;0.0;0.0;0.0;11.77;219.59;0.0;0.0;0.0;0.0;0.0;1.6964295174021295;1.6963316117070586;1.0;1.0;1.0;1.0;1.0;1.0;1.0;1.0;0.8128586839266451;1.0;1.0;1.0;1.0;1.0;1.0;1.0;1.0;1.0;1.0;1.0;1.0;1.0;1.0;1.0;1.0;1.0;1.0;1.0;1;0.18742514839248003;0
177253;2017;7;640.47;128.09;0.0;0.0;0.0;0.0;0.0;0.0;0.0;0.0;188.38;0.0;0.0;266.42;0.0;0.0;0.0;0.0;0.0;0.0;0.0;0.0;0.0;11.77;219.59;0.0;0.0;0.0;0.0;0.0;1.0;1.0;1.0;1.0;1.0;1.0;1.0;1.0;1.0;1.0;1.0;1.0;1.0;1.0;1.0;1.0;1.0;1.0;1.0;1.0;1.0;1.0;1.0;1.0;1.0;1.0;1.0;1.0;1.0;1.0;1;0.28601877032847567;0
177253;2017;8;640.47;128.09;0.0;0.0;0.0;0.0;0.0;0.0;0.0;0.0;188.38;0.0;0.0;242.2;0.0;0.0;0.0;0.0;0.0;0.0;0.0;0.0;0.0;11.77;219.59;0.0;0.0;0.0;0.0;0.0;1.0;1.0;1.0;1.0;1.0;1.0;1.0;1.0;1.0;1.0;1.0;1.0;1.0;1.0;1.0;1.0;1.0;1.0;1.0;1.0;1.0;1.0;1.0;1.0;1.0;1.0;1.0;1.0;1.0;1.0;1;0.28601877032847567;0
177253;2017;9;640.47;128.09;0.0;0.0;0.0;0.0;0.0;392.18;0.0;0.0;188.38;0.0;0.0;0.0;0.0;0.0;0.0;0.0;0.0;0.0;0.0;0.0;0.0;11.77;219.59;0.0;0.0;0.0;0.0;0.0;1.0;1.0;1.0;1.0;1.0;1.0;1.0;1.0;1.0;1.0;1.0;1.0;1.0;1.0;1.0;1.0;1.0;1.0;1.0;1.0;1.0;1.0;1.0;1.0;1.0;1.0;1.0;1.0;1.0;1.0;1;0.28601877032847567;0
177253;2017;10;640.47;128.09;0.0;0.0;0.0;0.0;0.0;392.18;0.0;0.0;188.38;0.0;0.0;0.0;0.0;0.0;0.0;0.0;0.0;0.0;0.0;0.0;0.0;11.77;219.59;0.0;0.0;0.0;0.0;0.0;1.0;1.0;1.0;1.0;1.0;1.0;1.0;1.0;1.0;1.0;1.0;1.0;1.0;1.0;1.0;1.0;1.0;1.0;1.0;1.0;1.0;1.0;1.0;1.0;1.0;1.0;1.0;1.0;1.0;1.0;1;0.28601877032847567;0
177253;2017;11;640.47;128.09;0.0;0.0;0.0;0.0;0.0;0.0;0.0;0.0;188.38;0.0;0.0;0.0;0.0;0.0;0.0;0.0;0.0;0.0;0.0;0.0;0.0;11.77;219.59;0.0;0.0;0.0;0.0;0.0;1.0;1.0;1.0;1.0;1.0;1.0;1.0;1.0;1.0;1.0;1.0;1.0;1.0;1.0;1.0;1.0;1.0;1.0;1.0;1.0;1.0;1.0;1.0;1.0;1.0;1.0;1.0;1.0;1.0;1.0;1;0.28601877032847567;0
177253;2017;12;640.47;128.09;0.0;0.0;0.0;0.0;0.0;0.0;0.0;0.0;188.38;0.0;0.0;0.0;0.0;0.0;0.0;0.0;0.0;0.0;0.0;0.0;0.0;11.77;219.59;0.0;0.0;0.0;0.0;0.0;1.0;1.0;1.0;1.0;1.0;1.0;1.0;1.0;1.0;1.0;1.0;1.0;1.0;1.0;1.0;1.0;1.0;1.0;1.0;1.0;1.0;1.0;1.0;1.0;1.0;1.0;1.0;1.0;1.0;1.0;1;0.28601877032847567;0
177253;2018;1;640.47;128.09;0.0;0.0;0.0;0.0;0.0;0.0;0.0;0.0;188.38;0.0;0.0;0.0;0.0;0.0;0.0;0.0;0.0;0.0;0.0;0.0;0.0;23.53;219.59;0.0;0.0;0.0;11.77;0.0;1.0;1.0;1.0;1.0;1.0;1.0;1.0;1.0;1.0;1.0;1.0;1.0;1.0;1.0;1.0;1.0;1.0;1.0;1.0;1.0;1.0;1.0;1.0;1.0;1.0;1.0;1.0;1.0;1.0;1.0;1;0.28601877032847567;0
177253;2018;2;640.47;128.09;0.0;0.0;0.0;0.0;0.0;0.0;0.0;0.0;188.38;0.0;0.0;242.2;0.0;0.0;0.0;0.0;0.0;0.0;0.0;0.0;0.0;23.53;219.59;0.0;0.0;0.0;0.0;0.0;1.0;1.0;1.0;1.0;1.0;1.0;1.0;1.0;1.0;1.0;1.0;1.0;1.0;1.0;1.0;1.0;1.0;1.0;1.0;1.0;1.0;1.0;1.0;1.0;1.0;1.0;1.0;1.0;1.0;1.0;1;0.28601877032847567;0
177253;2018;3;659.68;131.94;0.0;0.0;0.0;0.0;0.0;0.0;0.0;0.0;194.03;0.0;0.0;315.0;0.0;0.0;0.0;520.73;0.0;0.0;0.0;0.0;0.0;24.24;226.18;0.0;0.0;0.0;0.0;0.0;1.0;1.0;1.0;1.0;1.0;1.0;1.0;1.0;1.0;1.0;1.0;1.0;1.0;1.0;1.0;1.0;1.0;1.0;1.0;1.0;1.0;1.0;1.0;1.0;1.0;1.0;1.0;1.0;1.0;1.0;1;0.28601877032847567;0
177253;2018;4;659.68;131.94;0.0;0.0;0.0;0.0;0.0;0.0;0.0;0.0;194.03;0.0;0.0;315.0;0.0;0.0;0.0;0.0;0.0;0.0;0.0;0.0;0.0;24.24;226.18;0.0;0.0;0.0;0.0;0.0;1.0;1.0;1.0;1.0;1.0;1.0;1.0;1.0;1.0;1.0;1.0;1.0;1.0;1.0;1.0;1.0;1.0;1.0;1.0;1.0;1.0;1.0;1.0;1.0;1.0;1.0;1.0;1.0;1.0;1.0;1;0.28601877032847567;0
177253;2018;5;659.68;131.94;0.0;0.0;0.0;0.0;0.0;0.0;0.0;0.0;194.03;0.0;0.0;315.0;0.0;0.0;0.0;0.0;0.0;0.0;0.0;0.0;0.0;24.24;226.18;0.0;0.0;0.0;0.0;0.0;1.0;1.0;1.0;1.0;1.0;1.0;1.0;1.0;1.0;1.0;1.0;1.0;1.0;1.0;1.0;1.0;1.0;1.0;1.0;1.0;1.0;1.0;1.0;1.0;1.0;1.0;1.0;1.0;1.0;1.0;1;0.28601877032847567;0
177253;2018;6;659.68;131.94;0.0;0.0;0.0;0.0;0.0;0.0;0.0;0.0;194.03;0.0;0.0;330.0;0.0;0.0;0.0;0.0;0.0;0.0;0.0;0.0;0.0;24.24;226.18;0.0;0.0;0.0;0.0;0.0;1.0;1.0;1.0;1.0;1.0;1.0;1.0;1.0;1.0;1.0;1.0;1.0;1.0;1.0;1.0;1.0;1.0;1.0;1.0;1.0;1.0;1.0;1.0;1.0;1.0;1.0;1.0;1.0;1.0;1.0;1;0.28601877032847567;0
177253;2018;7;659.68;131.94;0.0;0.0;0.0;0.0;0.0;0.0;0.0;0.0;194.03;0.0;0.0;330.0;0.0;0.0;0.0;0.0;0.0;157.54;1425.49;0.0;0.0;0.0;226.18;0.0;0.0;0.0;0.0;0.0;2.315316580092657;2.3155493155493154;1.0;1.0;1.0;1.0;1.0;1.0;1.0;1.0;1.175369517809547;1.0;1.0;1.0;1.0;1.0;1.0;1.0;0.0;1.0;1.0;1.0;1.0;1.0;1.0;1.0;1.0;1.0;1.0;1.0;-1;-0.015722832309627455;1
177253;2018;8;659.68;131.94;0.0;0.0;0.0;0.0;0.0;0.0;0.0;0.0;194.03;0.0;0.0;285.0;0.0;0.0;0.0;0.0;0.0;157.54;0.0;0.0;0.0;0.0;226.18;0.0;0.0;0.0;0.0;0.0;2.1815536228049868;2.181547619047619;1.0;1.0;1.0;1.0;1.0;1.0;1.0;1.0;0.9818835079196396;1.0;1.0;1.0;1.0;1.0;1.0;1.0;0.0;1.0;1.0;1.0;1.0;1.0;1.0;1.0;1.0;1.0;1.0;1.0;1;0.002102137033962004;0
177253;2018;9;659.68;131.94;0.0;0.0;0.0;0.0;0.0;0.0;0.0;0.0;194.03;0.0;0.0;330.0;0.0;0.0;0.0;0.0;0.0;157.54;0.0;0.0;0.0;0.0;226.18;0.0;0.0;0.0;0.0;0.0;2.058091286307054;2.058025269068788;1.0;1.0;1.0;1.0;1.0;1.0;1.0;1.0;1.1064666970802919;0.0;1.0;1.0;1.0;1.0;0.0;1.0;0.0;1.0;1.0;1.0;1.0;1.0;1.0;1.0;1.0;1.0;1.0;1.0;-1;-0.15870213823891577;1
177253;2018;10;659.68;131.94;0.0;0.0;0.0;0.0;0.0;403.94;0.0;0.0;194.03;0.0;0.0;0.0;0.0;0.0;0.0;0.0;0.0;157.54;0.0;0.0;0.0;0.0;226.18;0.0;0.0;0.0;0.0;0.0;1.9630996309963098;1.9631007290581761;1.0;1.0;1.0;1.0;1.0;1.0;1.0;1.0;1.055371226543378;1.0;1.0;1.0;1.0;1.0;0.0;1.0;1.0;1.0;1.0;1.0;1.0;1.0;1.0;1.0;1.0;1.0;1.0;1.0;1;0.10217098909852529;0
177253;2018;11;659.68;131.94;0.0;0.0;0.0;0.0;0.0;0.0;0.0;0.0;194.03;0.0;0.0;300.0;0.0;0.0;0.0;0.0;0.0;157.54;0.0;0.0;0.0;0.0;226.18;0.0;0.0;0.0;0.0;0.0;1.8696292937308696;1.869632988522035;1.0;1.0;1.0;1.0;1.0;1.0;1.0;1.0;0.895840066485064;1.0;1.0;1.0;1.0;1.0;1.0;1.0;0.0;1.0;1.0;1.0;1.0;1.0;1.0;1.0;1.0;1.0;1.0;1.0;-1;-0.004510793094473553;1
177253;2018;12;659.68;131.94;0.0;0.0;0.0;0.0;0.0;0.0;0.0;0.0;194.03;0.0;0.0;330.0;0.0;0.0;0.0;0.0;0.0;157.54;0.0;0.0;0.0;0.0;226.18;0.0;0.0;0.0;0.0;0.0;1.248070228545482;1.2481316810140952;1.0;0.0;1.0;1.0;0.0;1.0;1.0;1.0;3.8398970908371264;1.0;1.0;1.736842105263158;1.0;1.0;1.0;1.0;0.0;1.0;1.0;1.0;1.0;1.0;1.0;1.0;1.0;1.0;1.0;1.0;-1;-0.2409851138542095;1
177253;2019;1;659.68;131.94;0.0;0.0;0.0;0.0;0.0;0.0;0.0;0.0;206.38;0.0;0.0;300.0;0.0;0.0;0.0;0.0;0.0;171.39;0.0;0.0;0.0;0.0;226.18;0.0;0.0;0.0;0.0;0.0;1.0;1.0;1.0;1.0;1.0;1.0;1.0;1.0;1.0;1.0;1.0;1.0;1.0;1.0;1.0;1.0;1.0;1.0;1.0;1.0;1.0;1.0;1.0;1.0;1.0;1.0;1.0;1.0;1.0;1.0;1;0.28601877032847567;0
177253;2019;2;659.68;131.94;0.0;0.0;0.0;0.0;0.0;0.0;138.53;0.0;67.85;0.0;0.0;240.0;0.0;0.0;0.0;0.0;0.0;157.53;0.0;0.0;0.0;0.0;265.76;0.0;0.0;0.0;0.0;0.0;1.0;1.0;1.0;1.0;1.0;1.0;1.0;1.0;1.0;1.0;1.0;1.0;1.0;1.0;1.0;1.0;1.0;1.0;1.0;1.0;1.0;1.0;1.0;1.0;1.0;1.0;1.0;1.0;1.0;1.0;1;0.28601877032847567;0
177253;2019;3;659.68;131.94;0.0;0.0;0.0;0.0;0.0;0.0;0.0;0.0;206.38;0.0;0.0;315.0;0.0;0.0;0.0;0.0;0.0;171.39;0.0;0.0;0.0;0.0;226.18;0.0;0.0;0.0;0.0;0.0;1.0;1.0;1.0;1.0;1.0;1.0;1.0;1.0;1.0;1.0;1.0;1.0;1.0;1.0;1.0;1.0;1.0;1.0;1.0;1.0;1.0;1.0;1.0;1.0;1.0;1.0;1.0;1.0;1.0;1.0;1;0.28601877032847567;0
177253;2019;4;659.68;131.94;920.18;0.0;0.0;0.0;0.0;0.0;0.0;0.0;206.38;0.0;0.0;330.0;0.0;0.0;0.0;0.0;0.0;171.39;0.0;0.0;0.0;0.0;226.18;0.0;0.0;0.0;0.0;0.0;1.0;1.0;1.0;1.0;1.0;1.0;1.0;1.0;1.0;1.0;1.0;1.0;1.0;1.0;1.0;1.0;1.0;1.0;1.0;1.0;1.0;1.0;1.0;1.0;1.0;1.0;1.0;1.0;1.0;1.0;1;0.28601877032847567;0
177253;2019;5;659.68;131.94;920.18;0.0;0.0;0.0;0.0;0.0;0.0;0.0;206.38;0.0;0.0;285.0;0.0;0.0;0.0;0.0;0.0;171.39;0.0;0.0;0.0;0.0;226.18;0.0;0.0;0.0;0.0;0.0;1.0;1.0;1.0;1.0;1.0;1.0;1.0;1.0;1.0;1.0;1.0;1.0;1.0;1.0;1.0;1.0;1.0;1.0;1.0;1.0;1.0;1.0;1.0;1.0;1.0;1.0;1.0;1.0;1.0;1.0;1;0.28601877032847567;0
177253;2019;6;659.68;131.94;920.18;0.0;0.0;0.0;0.0;0.0;0.0;0.0;206.38;0.0;0.0;345.0;0.0;0.0;0.0;0.0;0.0;171.39;0.0;0.0;0.0;0.0;226.18;0.0;0.0;0.0;0.0;0.0;1.0;1.0;1.0;1.0;1.0;1.0;1.0;1.0;1.0;1.0;1.0;1.0;1.0;1.0;1.0;1.0;1.0;1.0;1.0;1.0;1.0;1.0;1.0;1.0;1.0;1.0;1.0;1.0;1.0;1.0;1;0.28601877032847567;0
177253;2019;7;659.68;131.94;920.18;0.0;0.0;0.0;0.0;0.0;0.0;0.0;206.38;0.0;0.0;315.0;0.0;0.0;0.0;0.0;0.0;171.39;0.0;0.0;0.0;0.0;226.18;0.0;0.0;0.0;0.0;0.0;1.0;1.0;1.0;1.0;1.0;1.0;1.0;1.0;1.0;1.0;1.0;1.0;1.0;1.0;1.0;1.0;1.0;1.0;1.0;1.0;1.0;1.0;1.0;1.0;1.0;1.0;1.0;1.0;1.0;1.0;1;0.28601877032847567;0
177253;2019;8;659.68;131.94;920.18;0.0;0.0;0.0;0.0;0.0;0.0;0.0;206.38;0.0;0.0;315.0;0.0;0.0;0.0;0.0;0.0;171.39;0.0;0.0;0.0;0.0;226.18;0.0;0.0;0.0;0.0;0.0;1.0;1.0;1.0;1.0;1.0;1.0;1.0;1.0;1.0;1.0;1.0;1.0;1.0;1.0;1.0;1.0;1.0;1.0;1.0;1.0;1.0;1.0;1.0;1.0;1.0;1.0;1.0;1.0;1.0;1.0;1;0.28601877032847567;0
177253;2019;9;659.68;131.94;920.18;0.0;0.0;0.0;0.0;0.0;0.0;0.0;206.38;0.0;0.0;330.0;0.0;0.0;0.0;0.0;0.0;171.39;0.0;0.0;0.0;0.0;226.18;0.0;0.0;0.0;0.0;0.0;1.0;1.0;1.0;1.0;1.0;1.0;1.0;1.0;1.0;1.0;1.0;1.0;1.0;1.0;1.0;1.0;1.0;1.0;1.0;1.0;1.0;1.0;1.0;1.0;1.0;1.0;1.0;1.0;1.0;1.0;1;0.28601877032847567;0
177253;2019;10;659.68;131.94;920.18;0.0;0.0;0.0;0.0;0.0;0.0;0.0;206.38;0.0;0.0;300.0;0.0;0.0;0.0;0.0;0.0;171.39;0.0;0.0;0.0;0.0;226.18;0.0;0.0;0.0;0.0;0.0;1.0;1.0;1.0;1.0;1.0;1.0;1.0;1.0;1.0;1.0;1.0;1.0;1.0;1.0;1.0;1.0;1.0;1.0;1.0;1.0;1.0;1.0;1.0;1.0;1.0;1.0;1.0;1.0;1.0;1.0;1;0.28601877032847567;0
177253;2019;11;659.68;131.94;920.18;0.0;0.0;0.0;0.0;0.0;0.0;0.0;206.38;0.0;0.0;315.0;0.0;0.0;0.0;0.0;0.0;171.39;0.0;0.0;0.0;0.0;226.18;0.0;0.0;0.0;0.0;0.0;1.0;1.0;1.0;1.0;1.0;1.0;1.0;1.0;1.0;1.0;1.0;1.0;1.0;1.0;1.0;1.0;1.0;1.0;1.0;1.0;1.0;1.0;1.0;1.0;1.0;1.0;1.0;1.0;1.0;1.0;1;0.28601877032847567;0
177253;2019;12;659.68;131.94;920.18;0.0;0.0;0.0;0.0;714.79;0.0;0.0;206.38;0.0;0.0;0.0;0.0;0.0;0.0;0.0;0.0;171.39;0.0;0.0;0.0;0.0;226.18;0.0;0.0;0.0;0.0;0.0;1.0;1.0;1.0;1.0;1.0;1.0;1.0;1.0;1.0;1.0;1.0;1.0;1.0;1.0;1.0;1.0;1.0;1.0;1.0;1.0;1.0;1.0;1.0;1.0;1.0;1.0;1.0;1.0;1.0;1.0;1;0.28601877032847567;0
177253;2020;1;659.68;131.94;920.18;0.0;0.0;0.0;0.0;0.0;0.0;0.0;247.38;0.0;0.0;255.0;0.0;0.0;0.0;0.0;0.0;177.13;0.0;0.0;0.0;0.0;226.18;0.0;0.0;0.0;0.0;0.0;2.315316580092657;2.3155493155493154;1.0;1.0;1.0;1.0;1.0;1.0;1.0;1.0;1.4985461594378482;1.0;1.0;1.0;1.0;1.0;1.0;1.0;1.0;1.0;1.0;1.0;1.0;1.0;1.0;1.0;1.0;1.0;1.0;1.0;1;0.11663054173192239;0
177253;2020;2;659.68;131.94;920.18;0.0;0.0;0.0;0.0;0.0;0.0;0.0;253.38;0.0;0.0;300.0;0.0;0.0;0.0;0.0;0.0;177.97;0.0;0.0;0.0;0.0;226.18;0.0;0.0;0.0;0.0;0.0;2.1815536228049868;2.181547619047619;1.0;1.0;1.0;1.0;1.0;0.0;1.0;1.0;1.2822225595870653;1.0;1.0;1.0;1.0;1.0;1.0;1.0;1.0;1.0;1.0;1.0;1.0;1.0;1.0;1.0;1.0;1.0;1.0;1.0;1;0.0008749473368164784;0
177253;2020;3;659.68;131.94;920.18;0.0;0.0;0.0;0.0;0.0;0.0;0.0;253.38;0.0;0.0;300.0;0.0;0.0;0.0;0.0;0.0;177.97;0.0;0.0;0.0;0.0;226.18;0.0;0.0;0.0;0.0;0.0;2.058091286307054;2.058025269068788;1.0;1.0;1.0;1.0;1.0;1.0;1.0;1.0;1.444913321167883;1.0;1.0;1.0;1.0;1.0;0.0;1.0;1.0;1.0;1.0;1.0;1.0;1.0;1.0;1.0;1.0;1.0;1.0;1.0;1;0.06675372782755784;0
177253;2020;4;659.68;131.94;920.18;0.0;0.0;0.0;0.0;0.0;0.0;0.0;253.38;0.0;0.0;300.0;0.0;0.0;0.0;0.0;0.0;177.97;0.0;0.0;0.0;0.0;226.18;0.0;0.0;0.0;0.0;0.0;1.9630996309963098;1.9631007290581761;1.0;1.0;1.0;1.0;1.0;1.0;1.0;1.0;1.3781887408213218;1.0;1.0;1.0;1.0;1.0;0.0;1.0;1.0;1.0;1.0;1.0;1.0;1.0;1.0;1.0;1.0;1.0;1.0;1.0;1;0.08577977947674109;0
177253;2020;5;659.68;131.94;920.18;0.0;0.0;0.0;0.0;0.0;0.0;0.0;253.38;0.0;0.0;315.0;0.0;0.0;0.0;0.0;0.0;177.97;0.0;0.0;0.0;0.0;226.18;0.0;0.0;0.0;0.0;0.0;1.8696292937308696;1.869632988522035;1.0;1.0;1.0;1.0;1.0;1.0;1.0;1.0;1.1698601043446142;1.0;1.0;1.0;1.0;1.0;1.0;1.0;1.0;1.0;1.0;1.0;1.0;1.0;1.0;1.0;1.0;1.0;1.0;1.0;1;0.17591320665422283;0
177253;2020;6;659.68;131.94;920.18;0.0;0.0;0.0;0.0;0.0;0.0;0.0;253.38;0.0;0.0;345.0;0.0;0.0;0.0;0.0;0.0;177.97;0.0;0.0;0.0;0.0;226.18;0.0;0.0;0.0;0.0;0.0;1.248070228545482;1.2481316810140952;1.0;1.0;1.0;1.0;1.0;1.0;1.0;1.0;5.014446863249555;1.0;1.0;1.5681818181818181;1.0;1.0;1.0;1.0;1.0;1.0;1.0;1.0;1.0;1.0;1.0;1.0;1.0;1.0;1.0;1.0;-1;-0.14777495322024392;1
177253;2020;7;659.68;131.94;920.18;0.0;0.0;0.0;0.0;0.0;0.0;0.0;253.38;0.0;0.0;315.0;0.0;0.0;0.0;0.0;0.0;177.97;0.0;0.0;0.0;0.0;226.18;0.0;0.0;0.0;0.0;0.0;1.0;1.0;1.0;1.0;1.0;1.0;1.0;1.0;1.0;1.0;1.0;1.0;1.0;1.0;1.0;1.0;1.0;1.0;1.0;1.0;1.0;1.0;1.0;1.0;1.0;1.0;1.0;1.0;1.0;1.0;1;0.28601877032847567;0
177253;2020;8;659.68;131.94;920.18;0.0;0.0;0.0;0.0;0.0;0.0;0.0;253.38;0.0;0.0;315.0;0.0;0.0;0.0;0.0;0.0;177.97;0.0;0.0;0.0;0.0;226.18;0.0;0.0;0.0;0.0;0.0;1.0;1.0;1.0;1.0;1.0;1.0;1.0;1.0;1.0;1.0;1.0;1.0;1.0;1.0;1.0;1.0;1.0;1.0;1.0;1.0;1.0;1.0;1.0;1.0;1.0;1.0;1.0;1.0;1.0;1.0;1;0.28601877032847567;0
177253;2020;9;659.68;131.94;920.18;0.0;0.0;0.0;0.0;0.0;0.0;0.0;253.38;0.0;0.0;300.0;0.0;0.0;0.0;0.0;0.0;177.97;0.0;0.0;0.0;0.0;226.18;0.0;0.0;0.0;0.0;0.0;1.0;1.0;1.0;1.0;1.0;1.0;1.0;1.0;1.0;1.0;1.0;1.0;1.0;1.0;1.0;1.0;1.0;1.0;1.0;1.0;1.0;1.0;1.0;1.0;1.0;1.0;1.0;1.0;1.0;1.0;1;0.28601877032847567;0
177253;2020;10;659.68;131.94;920.18;0.0;0.0;0.0;0.0;0.0;0.0;0.0;253.38;0.0;0.0;300.0;0.0;0.0;0.0;0.0;0.0;177.97;0.0;0.0;0.0;0.0;226.18;0.0;0.0;0.0;0.0;0.0;1.0;1.0;1.0;1.0;1.0;1.0;1.0;1.0;1.0;1.0;1.0;1.0;1.0;1.0;1.0;1.0;1.0;1.0;1.0;1.0;1.0;1.0;1.0;1.0;1.0;1.0;1.0;1.0;1.0;1.0;1;0.28601877032847567;0
177253;2020;11;659.68;131.94;920.18;0.0;0.0;0.0;0.0;0.0;0.0;0.0;253.38;0.0;0.0;330.0;0.0;0.0;0.0;0.0;0.0;177.97;0.0;0.0;0.0;0.0;226.18;0.0;0.0;0.0;0.0;0.0;1.0;1.0;1.0;1.0;1.0;1.0;1.0;1.0;1.0;1.0;1.0;1.0;1.0;1.0;1.0;1.0;1.0;1.0;1.0;1.0;1.0;1.0;1.0;1.0;1.0;1.0;1.0;1.0;1.0;1.0;1;0.28601877032847567;0
177253;2020;12;659.68;131.94;920.18;0.0;0.0;0.0;0.0;0.0;0.0;0.0;253.38;0.0;0.0;0.0;0.0;0.0;0.0;0.0;0.0;177.97;0.0;0.0;0.0;0.0;226.18;0.0;0.0;0.0;0.0;730.45;1.0;1.0;1.0;1.0;1.0;1.0;1.0;1.0;1.0;1.0;1.0;1.0;1.0;1.0;1.0;1.0;1.0;1.0;1.0;1.0;1.0;1.0;1.0;1.0;1.0;1.0;1.0;1.0;1.0;1.0;1;0.28601877032847567;0
177253;2021;1;659.68;131.94;920.18;0.0;0.0;0.0;0.0;0.0;0.0;0.0;308.38;0.0;0.0;300.0;0.0;0.0;0.0;0.0;0.0;185.67;0.0;0.0;0.0;0.0;226.18;0.0;0.0;0.0;0.0;0.0;1.0;1.0;1.0;1.0;1.0;1.0;1.0;1.0;1.0;1.0;1.0;1.0;1.0;1.0;1.0;1.0;1.0;1.0;1.0;1.0;1.0;1.0;1.0;1.0;1.0;1.0;1.0;1.0;1.0;1.0;1;0.28601877032847567;0
177253;2021;2;659.68;131.94;920.18;0.0;0.0;0.0;0.0;0.0;0.0;0.0;308.38;0.0;0.0;315.0;0.0;0.0;0.0;0.0;0.0;185.67;0.0;0.0;0.0;0.0;226.18;0.0;0.0;0.0;0.0;0.0;1.0;1.0;1.0;1.0;1.0;1.0;1.0;1.0;1.0;1.0;1.0;1.0;1.0;1.0;1.0;1.0;1.0;1.0;1.0;1.0;1.0;1.0;1.0;1.0;1.0;1.0;1.0;1.0;1.0;1.0;1;0.28601877032847567;0
177253;2021;3;659.68;131.94;920.18;0.0;0.0;0.0;0.0;0.0;0.0;0.0;308.38;0.0;0.0;300.0;0.0;0.0;0.0;0.0;0.0;185.67;0.0;0.0;0.0;0.0;226.18;0.0;0.0;0.0;0.0;0.0;1.0;1.0;1.0;1.0;1.0;1.0;1.0;1.0;1.0;1.0;1.0;1.0;1.0;1.0;1.0;1.0;1.0;1.0;1.0;1.0;1.0;1.0;1.0;1.0;1.0;1.0;1.0;1.0;1.0;1.0;1;0.28601877032847567;0
177253;2021;4;659.68;131.94;920.18;0.0;0.0;0.0;0.0;0.0;0.0;0.0;308.38;0.0;0.0;315.0;0.0;0.0;0.0;0.0;0.0;185.67;0.0;0.0;0.0;0.0;226.18;0.0;0.0;0.0;0.0;0.0;1.0;1.0;1.0;1.0;1.0;1.0;1.0;1.0;1.0;1.0;1.0;1.0;1.0;1.0;1.0;1.0;1.0;1.0;1.0;1.0;1.0;1.0;1.0;1.0;1.0;1.0;1.0;1.0;1.0;1.0;1;0.28601877032847567;0
177253;2021;5;659.68;131.94;920.18;0.0;0.0;0.0;0.0;0.0;0.0;0.0;308.38;0.0;0.0;315.0;0.0;0.0;0.0;0.0;0.0;185.67;0.0;0.0;0.0;0.0;226.18;0.0;0.0;0.0;0.0;0.0;1.0;1.0;1.0;1.0;1.0;1.0;1.0;1.0;1.0;1.0;1.0;1.0;1.0;1.0;1.0;1.0;1.0;1.0;1.0;1.0;1.0;1.0;1.0;1.0;1.0;1.0;1.0;1.0;1.0;1.0;1;0.28601877032847567;0
177253;2021;6;659.68;131.94;920.18;0.0;0.0;0.0;0.0;0.0;0.0;0.0;308.38;0.0;0.0;330.0;0.0;0.0;0.0;0.0;0.0;185.67;0.0;0.0;0.0;0.0;226.18;0.0;0.0;0.0;0.0;0.0;1.0;1.0;1.0;1.0;1.0;1.0;1.0;1.0;1.0;1.0;1.0;1.0;1.0;1.0;1.0;1.0;1.0;1.0;1.0;1.0;1.0;1.0;1.0;1.0;1.0;1.0;1.0;1.0;1.0;1.0;1;0.28601877032847567;0
177253;2021;7;659.68;131.94;920.18;0.0;0.0;0.0;0.0;0.0;0.0;0.0;308.38;0.0;0.0;330.0;0.0;0.0;0.0;0.0;0.0;185.67;0.0;0.0;0.0;0.0;226.18;0.0;0.0;0.0;0.0;0.0;2.315316580092657;2.3155493155493154;1.0;1.0;1.0;1.0;1.0;1.0;1.0;1.0;1.8680639689847345;1.0;1.0;1.0;1.0;1.0;1.0;1.0;1.0;1.0;1.0;1.0;1.0;1.0;1.0;1.0;1.0;1.0;1.0;1.0;1;0.07091912209080387;0
177253;2021;8;659.68;131.94;920.18;0.0;0.0;0.0;0.0;0.0;0.0;0.0;308.38;0.0;0.0;315.0;0.0;0.0;0.0;0.0;0.0;185.67;0.0;0.0;0.0;0.0;226.18;0.0;0.0;0.0;0.0;0.0;2.1815536228049868;2.181547619047619;1.0;1.0;1.0;1.0;1.0;1.0;1.0;1.0;1.5605485552350589;1.0;1.0;1.0;1.0;1.0;1.0;1.0;1.0;1.0;1.0;1.0;1.0;1.0;1.0;1.0;1.0;1.0;1.0;1.0;1;0.1312351794882124;0
177253;2021;9;659.68;131.94;920.18;0.0;0.0;0.0;0.0;0.0;0.0;0.0;308.38;0.0;0.0;285.0;0.0;0.0;0.0;0.0;0.0;185.67;0.0;0.0;0.0;0.0;226.18;0.0;0.0;0.0;0.0;0.0;2.058091286307054;2.058025269068788;1.0;1.0;1.0;1.0;1.0;0.0;1.0;1.0;1.7585538321167882;1.0;1.0;1.0;1.0;1.0;0.0;1.0;1.0;1.0;1.0;1.0;1.0;1.0;1.0;1.0;1.0;1.0;1.0;1.0;-1;-0.06458757513676161;1
177253;2021;10;659.68;131.94;920.18;0.0;0.0;0.0;0.0;0.0;0.0;0.0;308.38;0.0;0.0;300.0;0.0;0.0;0.0;0.0;0.0;185.67;0.0;0.0;0.0;0.0;226.18;0.0;0.0;0.0;0.0;0.0;1.9630996309963098;1.9631007290581761;1.0;1.0;1.0;1.0;1.0;1.0;1.0;1.0;1.6773456622246397;1.0;1.0;1.0;1.0;1.0;0.0;1.0;1.0;1.0;1.0;1.0;1.0;1.0;1.0;1.0;1.0;1.0;1.0;1.0;1;0.05626132792102945;0
177253;2021;11;659.68;131.94;920.18;0.0;0.0;0.0;0.0;0.0;0.0;0.0;308.38;0.0;0.0;0.0;0.0;0.0;0.0;0.0;0.0;185.67;0.0;0.0;0.0;0.0;226.18;0.0;0.0;0.0;0.0;748.79;1.8696292937308696;1.869632988522035;1.0;1.0;1.0;1.0;1.0;0.0;1.0;1.0;1.4237961124705665;1.0;1.0;1.0;1.0;1.0;1.0;1.0;1.0;1.0;1.0;1.0;1.0;1.0;1.0;1.0;1.0;1.0;1.0;1.0;-1;-9.721637075743583e-05;1
177253;2021;12;659.68;131.94;920.18;0.0;0.0;0.0;0.0;0.0;0.0;0.0;308.38;0.0;0.0;315.0;0.0;0.0;0.0;0.0;0.0;185.67;0.0;0.0;0.0;0.0;226.18;0.0;0.0;0.0;0.0;0.0;1.0;1.0;1.0;1.0;1.0;1.0;1.0;1.0;1.0;1.0;1.0;1.0;1.0;1.0;1.0;1.0;1.0;1.0;1.0;1.0;1.0;1.0;1.0;1.0;1.0;1.0;1.0;1.0;1.0;1.0;1;0.28601877032847567;0
177253;2022;1;695.1;139.02;969.59;0.0;0.0;0.0;0.0;0.0;0.0;0.0;377.88;0.0;0.0;300.0;0.0;0.0;0.0;0.0;0.0;203.04;0.0;0.0;0.0;0.0;238.32;0.0;0.0;0.0;0.0;0.0;1.0;1.0;1.0;1.0;1.0;1.0;1.0;1.0;1.0;1.0;1.0;1.0;1.0;1.0;1.0;1.0;1.0;1.0;1.0;1.0;1.0;1.0;1.0;1.0;1.0;1.0;1.0;1.0;1.0;1.0;1;0.28601877032847567;0
177253;2022;2;1147.16;229.43;969.59;1684.48;0.0;0.0;0.0;0.0;0.0;0.0;0.0;0.0;0.0;330.0;0.0;1123.88;0.0;0.0;0.0;585.89;0.0;0.0;0.0;0.0;0.0;0.0;0.0;0.0;0.0;0.0;1.0;1.0;1.0;1.0;1.0;1.0;1.0;1.0;1.0;1.0;1.0;1.0;1.0;1.0;1.0;1.0;1.0;1.0;1.0;1.0;1.0;1.0;1.0;1.0;1.0;1.0;1.0;1.0;1.0;1.0;1;0.28601877032847567;0
177253;2022;3;1147.16;229.43;969.59;0.0;0.0;0.0;0.0;0.0;0.0;0.0;0.0;0.0;0.0;270.0;0.0;1123.88;0.0;0.0;0.0;350.07;0.0;0.0;0.0;0.0;0.0;0.0;0.0;0.0;0.0;0.0;1.0;1.0;1.0;1.0;1.0;1.0;1.0;1.0;1.0;1.0;1.0;1.0;1.0;1.0;1.0;1.0;1.0;1.0;1.0;1.0;1.0;1.0;1.0;1.0;1.0;1.0;1.0;1.0;1.0;1.0;1;0.28601877032847567;0
177253;2022;4;1147.16;229.43;969.59;0.0;0.0;0.0;0.0;0.0;0.0;0.0;0.0;0.0;0.0;330.0;0.0;1123.88;0.0;0.0;0.0;350.07;0.0;0.0;0.0;0.0;0.0;0.0;0.0;0.0;0.0;0.0;1.0;1.0;1.0;1.0;1.0;1.0;1.0;1.0;1.0;1.0;1.0;1.0;1.0;1.0;1.0;1.0;1.0;1.0;1.0;1.0;1.0;1.0;1.0;1.0;1.0;1.0;1.0;1.0;1.0;1.0;1;0.28601877032847567;0
177253;2022;5;1205.63;241.13;1019.01;0.0;0.0;0.0;0.0;0.0;0.0;0.0;0.0;0.0;0.0;315.0;0.0;1181.16;0.0;0.0;0.0;367.91;0.0;0.0;0.0;0.0;0.0;0.0;0.0;0.0;0.0;0.0;1.0;1.0;1.0;1.0;1.0;1.0;1.0;1.0;1.0;1.0;1.0;1.0;1.0;1.0;1.0;1.0;1.0;1.0;1.0;1.0;1.0;1.0;1.0;1.0;1.0;1.0;1.0;1.0;1.0;1.0;1;0.28601877032847567;0
177253;2022;6;1205.63;241.13;1019.01;0.0;0.0;0.0;0.0;0.0;0.0;0.0;0.0;0.0;0.0;0.0;0.0;1181.16;0.0;0.0;0.0;367.91;0.0;0.0;0.0;0.0;0.0;0.0;0.0;0.0;0.0;1215.64;1.0;1.0;1.0;1.0;1.0;1.0;1.0;1.0;1.0;1.0;1.0;1.0;1.0;1.0;1.0;1.0;1.0;1.0;1.0;1.0;1.0;1.0;1.0;1.0;1.0;1.0;1.0;1.0;1.0;1.0;1;0.28601877032847567;0
177253;2022;7;1205.63;241.13;1019.01;0.0;0.0;0.0;0.0;0.0;0.0;0.0;0.0;0.0;0.0;330.0;0.0;1181.16;0.0;0.0;0.0;367.91;0.0;0.0;0.0;0.0;0.0;0.0;0.0;0.0;0.0;0.0;1.0;1.0;1.0;1.0;1.0;1.0;1.0;1.0;1.0;1.0;1.0;1.0;1.0;1.0;1.0;1.0;1.0;1.0;1.0;1.0;1.0;1.0;1.0;1.0;1.0;1.0;1.0;1.0;1.0;1.0;1;0.28601877032847567;0
177253;2022;8;1205.63;241.13;1019.01;0.0;0.0;0.0;0.0;0.0;0.0;0.0;0.0;0.0;0.0;315.0;0.0;1181.16;0.0;0.0;0.0;367.91;0.0;0.0;0.0;0.0;0.0;0.0;0.0;0.0;0.0;0.0;1.0;1.0;1.0;1.0;1.0;1.0;1.0;1.0;1.0;1.0;1.0;1.0;1.0;1.0;1.0;1.0;1.0;1.0;1.0;1.0;1.0;1.0;1.0;1.0;1.0;1.0;1.0;1.0;1.0;1.0;1;0.28601877032847567;0
177253;2022;9;1205.63;241.13;1019.01;0.0;0.0;0.0;0.0;0.0;0.0;0.0;0.0;0.0;0.0;285.0;0.0;1181.16;0.0;0.0;0.0;367.91;0.0;0.0;0.0;0.0;0.0;0.0;0.0;0.0;0.0;0.0;1.0;1.0;1.0;1.0;1.0;1.0;1.0;1.0;1.0;1.0;1.0;1.0;1.0;1.0;1.0;1.0;1.0;1.0;1.0;1.0;1.0;1.0;1.0;1.0;1.0;1.0;1.0;1.0;1.0;1.0;1;0.28601877032847567;0
177253;2022;10;1205.63;241.13;1019.01;0.0;0.0;0.0;0.0;0.0;0.0;0.0;0.0;0.0;0.0;300.0;0.0;1181.16;0.0;0.0;0.0;367.91;0.0;0.0;0.0;0.0;0.0;0.0;0.0;0.0;0.0;0.0;1.0;1.0;1.0;1.0;1.0;1.0;1.0;1.0;1.0;1.0;1.0;1.0;1.0;1.0;1.0;1.0;1.0;1.0;1.0;1.0;1.0;1.0;1.0;1.0;1.0;1.0;1.0;1.0;1.0;1.0;1;0.28601877032847567;0
177253;2022;11;1205.63;241.13;1019.01;0.0;0.0;0.0;0.0;0.0;0.0;0.0;0.0;0.0;0.0;330.0;0.0;1181.16;0.0;0.0;0.0;367.91;0.0;0.0;0.0;0.0;0.0;0.0;0.0;0.0;0.0;0.0;1.0;1.0;1.0;1.0;1.0;1.0;1.0;1.0;1.0;1.0;1.0;1.0;1.0;1.0;1.0;1.0;1.0;1.0;1.0;1.0;1.0;1.0;1.0;1.0;1.0;1.0;1.0;1.0;1.0;1.0;1;0.28601877032847567;0
177253;2022;12;1205.63;241.13;1019.01;0.0;0.0;0.0;0.0;0.0;0.0;0.0;0.0;0.0;0.0;330.0;0.0;1181.16;0.0;0.0;0.0;367.91;0.0;0.0;0.0;0.0;0.0;0.0;0.0;0.0;0.0;0.0;4.231468482381019;4.231835731835732;1.0;1.0;1.0;1.0;1.0;1.0;1.0;1.0;0.0;1.0;1.0;1.0;1.0;1.0;1.0;1.0;1.0;1.0;1.0;1.0;1.0;1.0;1.0;1.0;1.0;1.0;1.0;1.0;1;0.020025883169781933;0
177253;2023;1;1205.63;241.13;0.0;0.0;0.0;0.0;0.0;0.0;0.0;0.0;0.0;0.0;0.0;255.0;0.0;1181.16;0.0;0.0;0.0;367.91;0.0;0.0;0.0;0.0;0.0;0.0;0.0;0.0;0.0;0.0;3.987003538476802;3.9869378306878307;1.0;1.0;1.0;1.0;1.0;1.0;1.0;1.0;0.0;1.0;1.0;1.0;1.0;1.0;1.0;1.0;1.0;1.0;1.0;1.0;1.0;1.0;1.0;1.0;1.0;1.0;1.0;1.0;1;0.018120826302674198;0
177253;2023;2;1205.63;241.13;0.0;0.0;1019.01;0.0;0.0;0.0;0.0;0.0;0.0;0.0;1019.01;345.0;0.0;1718.04;0.0;0.0;0.0;443.07;0.0;0.0;0.0;0.0;0.0;0.0;0.0;0.0;0.0;0.0;3.761363990890089;3.7611917017625953;1.0;1.0;1.0;1.0;1.0;1.0;1.0;1.0;0.0;1.0;1.0;1.0;1.0;1.0;0.0;1.0;1.0;1.0;1.0;1.0;1.0;1.0;1.0;1.0;1.0;1.0;1.0;1.0;-1;-0.013906246349837947;1
177253;2023;3;1205.63;241.13;0.0;0.0;1019.01;0.0;0.0;0.0;0.0;0.0;0.0;0.0;0.0;270.0;0.0;1718.04;0.0;0.0;0.0;443.07;0.0;0.0;0.0;0.0;0.0;0.0;0.0;0.0;0.0;0.0;3.5877574098321627;3.5877101621782477;1.0;1.0;1.0;1.0;1.0;1.0;1.0;1.0;0.0;1.0;1.0;1.0;1.0;1.0;0.0;1.0;1.0;1.0;1.0;1.0;1.0;1.0;1.0;1.0;1.0;1.0;1.0;1.0;-1;-0.02594046470681155;1
177253;2023;4;1205.63;241.13;0.0;0.0;1019.01;0.0;0.0;0.0;0.0;0.0;0.0;0.0;0.0;330.0;0.0;1718.04;0.0;0.0;0.0;443.07;0.0;0.0;0.0;0.0;0.0;0.0;0.0;0.0;0.0;0.0;3.4169311869402565;3.4168910301827973;1.0;1.0;1.0;1.0;1.0;1.0;1.0;1.0;0.0;1.0;1.0;1.0;1.0;1.0;1.0;1.0;1.0;1.0;1.0;1.0;1.0;1.0;1.0;1.0;1.0;1.0;1.0;1.0;1;0.010626208056955133;0
177253;2023;5;1205.63;241.13;0.0;0.0;1019.01;0.0;0.0;0.0;0.0;0.0;0.0;0.0;0.0;315.0;0.0;1718.04;0.0;0.0;0.0;443.07;0.0;0.0;0.0;0.0;0.0;0.0;0.0;0.0;0.0;0.0;1.0;1.0;1.0;1.0;1.0;1.0;1.0;1.0;1.0;1.0;1.0;1.0;1.0;1.0;1.0;1.0;1.0;1.0;1.0;1.0;1.0;1.0;1.0;1.0;1.0;1.0;1.0;1.0;1.0;1.0;1;0.28601877032847567;0
177253;2023;6;1241.8;248.36;1049.58;0.0;0.0;0.0;0.0;0.0;0.0;0.0;0.0;0.0;0.0;0.0;0.0;1769.58;0.0;0.0;0.0;456.36;0.0;0.0;0.0;0.0;0.0;0.0;0.0;0.0;0.0;1436.44;1.0;1.0;1.0;1.0;1.0;1.0;1.0;1.0;1.0;1.0;1.0;1.0;1.0;1.0;1.0;1.0;1.0;1.0;1.0;1.0;1.0;1.0;1.0;1.0;1.0;1.0;1.0;1.0;1.0;1.0;1;0.28601877032847567;0
177253;2023;7;1241.8;248.36;1049.58;0.0;0.0;0.0;0.0;0.0;0.0;0.0;0.0;0.0;0.0;349.14;0.0;1769.58;0.0;0.0;0.0;456.36;0.0;0.0;0.0;0.0;0.0;0.0;0.0;0.0;0.0;0.0;1.0;1.0;1.0;1.0;1.0;1.0;1.0;1.0;1.0;1.0;1.0;1.0;1.0;1.0;1.0;1.0;1.0;1.0;1.0;1.0;1.0;1.0;1.0;1.0;1.0;1.0;1.0;1.0;1.0;1.0;1;0.28601877032847567;0
177253;2023;8;1275.56;255.11;1078.11;0.0;0.0;0.0;0.0;0.0;0.0;0.0;0.0;0.0;0.0;317.4;0.0;1817.69;0.0;0.0;0.0;468.77;0.0;0.0;0.0;0.0;0.0;0.0;0.0;0.0;0.0;0.0;1.0;1.0;1.0;1.0;1.0;1.0;1.0;1.0;1.0;1.0;1.0;1.0;1.0;1.0;1.0;1.0;1.0;1.0;1.0;1.0;1.0;1.0;1.0;1.0;1.0;1.0;1.0;1.0;1.0;1.0;1;0.28601877032847567;0
177253;2023;9;1275.56;255.11;1078.11;0.0;0.0;0.0;0.0;0.0;0.0;0.0;0.0;0.0;0.0;333.27;0.0;1817.69;0.0;0.0;0.0;468.77;0.0;0.0;0.0;0.0;0.0;0.0;0.0;0.0;0.0;0.0;1.0;1.0;1.0;1.0;1.0;1.0;1.0;1.0;1.0;1.0;1.0;1.0;1.0;1.0;1.0;1.0;1.0;1.0;1.0;1.0;1.0;1.0;1.0;1.0;1.0;1.0;1.0;1.0;1.0;1.0;1;0.28601877032847567;0
177253;2023;10;1275.56;255.11;1078.11;0.0;0.0;0.0;0.0;0.0;0.0;0.0;0.0;0.0;0.0;317.4;0.0;1817.69;0.0;0.0;0.0;468.77;0.0;0.0;0.0;0.0;0.0;0.0;0.0;0.0;0.0;0.0;1.0;1.0;1.0;1.0;1.0;1.0;1.0;1.0;1.0;1.0;1.0;1.0;1.0;1.0;1.0;1.0;1.0;1.0;1.0;1.0;1.0;1.0;1.0;1.0;1.0;1.0;1.0;1.0;1.0;1.0;1;0.28601877032847567;0
177253;2023;11;1275.56;255.11;1078.11;0.0;0.0;0.0;0.0;0.0;0.0;0.0;0.0;0.0;0.0;317.4;0.0;1817.69;0.0;0.0;0.0;532.97;0.0;0.0;0.0;0.0;0.0;458.59;152.85;0.0;0.0;0.0;1.0;1.0;1.0;1.0;1.0;1.0;1.0;1.0;1.0;1.0;1.0;1.0;1.0;1.0;1.0;1.0;1.0;1.0;1.0;1.0;1.0;1.0;1.0;1.0;1.0;1.0;1.0;1.0;1.0;1.0;1;0.28601877032847567;0
177253;2023;12;1275.56;255.11;1078.11;0.0;0.0;0.0;0.0;0.0;0.0;0.0;0.0;0.0;0.0;349.14;0.0;1817.69;0.0;0.0;0.0;468.77;0.0;0.0;0.0;0.0;0.0;0.0;0.0;0.0;0.0;0.0;1.0;1.0;1.0;1.0;1.0;1.0;1.0;1.0;1.0;1.0;1.0;1.0;1.0;1.0;1.0;1.0;1.0;1.0;1.0;1.0;1.0;1.0;1.0;1.0;1.0;1.0;1.0;1.0;1.0;1.0;1;0.28601877032847567;0
177253;2024;1;1275.56;255.11;1078.11;0.0;0.0;0.0;0.0;0.0;0.0;0.0;0.0;0.0;0.0;285.66;0.0;1817.69;0.0;0.0;0.0;468.77;0.0;0.0;0.0;0.0;0.0;0.0;0.0;0.0;0.0;0.0;1.0;1.0;1.0;1.0;1.0;1.0;1.0;1.0;1.0;1.0;1.0;1.0;1.0;1.0;1.0;1.0;1.0;1.0;1.0;1.0;1.0;1.0;1.0;1.0;1.0;1.0;1.0;1.0;1.0;1.0;1;0.28601877032847567;0
177253;2024;2;1275.56;255.11;1078.11;0.0;0.0;0.0;0.0;0.0;0.0;0.0;0.0;0.0;0.0;269.79;0.0;1817.69;0.0;0.0;0.0;468.77;0.0;0.0;0.0;0.0;0.0;0.0;0.0;0.0;0.0;0.0;1.0;1.0;1.0;1.0;1.0;1.0;1.0;1.0;1.0;1.0;1.0;1.0;1.0;1.0;1.0;1.0;1.0;1.0;1.0;1.0;1.0;1.0;1.0;1.0;1.0;1.0;1.0;1.0;1.0;1.0;1;0.28601877032847567;0
177253;2024;3;1275.56;255.11;1078.11;0.0;0.0;0.0;0.0;0.0;0.0;0.0;0.0;0.0;0.0;349.14;0.0;1817.69;0.0;0.0;0.0;468.77;0.0;0.0;0.0;0.0;0.0;0.0;0.0;0.0;0.0;0.0;1.0;1.0;1.0;1.0;1.0;1.0;1.0;1.0;1.0;1.0;1.0;1.0;1.0;1.0;1.0;1.0;1.0;1.0;1.0;1.0;1.0;1.0;1.0;1.0;1.0;1.0;1.0;1.0;1.0;1.0;1;0.28601877032847567;0
177253;2024;4;1275.56;255.11;1078.11;0.0;0.0;0.0;0.0;0.0;0.0;0.0;0.0;0.0;0.0;333.27;0.0;1817.69;0.0;0.0;0.0;468.77;0.0;0.0;0.0;0.0;0.0;0.0;0.0;0.0;0.0;0.0;1.0;1.0;1.0;1.0;1.0;1.0;1.0;1.0;1.0;1.0;1.0;1.0;1.0;1.0;1.0;1.0;1.0;1.0;1.0;1.0;1.0;1.0;1.0;1.0;1.0;1.0;1.0;1.0;1.0;1.0;1;0.28601877032847567;0
177253;2024;5;1275.56;255.11;1078.11;0.0;0.0;0.0;0.0;0.0;0.0;0.0;0.0;0.0;0.0;317.4;0.0;1817.69;0.0;0.0;0.0;468.77;0.0;0.0;0.0;0.0;0.0;0.0;0.0;0.0;0.0;0.0;4.47690579811877;4.477184977184978;1.0;1.0;1.0;1.0;1.0;1.0;1.0;1.0;0.0;1.0;1.0;1.0;1.0;1.0;1.0;1.0;1.0;1.0;1.0;1.0;1.0;1.0;1.0;1.0;1.0;1.0;1.0;1.0;-1;-0.05085126288484487;1
177253;2024;6;1275.56;255.11;1078.11;0.0;0.0;0.0;0.0;0.0;0.0;0.0;0.0;0.0;0.0;365.01;0.0;1817.69;0.0;0.0;0.0;468.77;0.0;0.0;0.0;0.0;0.0;0.0;0.0;0.0;0.0;0.0;4.218261185885777;4.218088624338625;1.0;1.0;1.0;1.0;1.0;1.0;1.0;1.0;0.0;1.0;1.0;1.0;1.0;1.0;1.0;1.0;1.0;1.0;1.0;1.0;1.0;1.0;1.0;1.0;1.0;1.0;1.0;1.0;1;0.023045317567328083;0
177253;2024;7;1347.25;269.45;1138.7;0.0;0.0;0.0;0.0;0.0;0.0;0.0;0.0;0.0;0.0;333.27;0.0;1919.84;0.0;0.0;0.0;495.12;0.0;0.0;0.0;0.0;0.0;0.0;0.0;0.0;0.0;0.0;4.20319470876361;4.202932459834659;1.0;1.0;1.0;1.0;1.0;1.0;1.0;1.0;0.0;1.0;1.0;1.0;1.0;1.0;0.0;1.0;1.0;1.0;1.0;1.0;1.0;1.0;1.0;1.0;1.0;1.0;1.0;1.0;-1;-0.04484436716275142;1
177253;2024;8;1347.25;269.45;1138.7;0.0;0.0;0.0;0.0;0.0;0.0;0.0;0.0;0.0;0.0;333.27;0.0;1919.84;0.0;0.0;0.0;495.12;0.0;0.0;0.0;0.0;0.0;0.0;0.0;0.0;0.0;0.0;4.009195333888822;4.0090760303526265;1.0;1.0;1.0;1.0;1.0;1.0;1.0;1.0;0.0;1.0;1.0;1.0;1.0;1.0;0.0;1.0;1.0;1.0;1.0;1.0;1.0;1.0;1.0;1.0;1.0;1.0;1.0;1.0;-1;-0.02298694713441385;1
177253;2024;9;1347.25;269.45;1138.7;0.0;0.0;0.0;0.0;0.0;0.0;0.0;0.0;0.0;0.0;0.0;0.0;1919.84;0.0;0.0;0.0;495.12;0.0;0.0;0.0;0.0;0.0;0.0;0.0;0.0;0.0;1558.41;3.8183029135018707;3.818194700297577;1.0;1.0;1.0;1.0;1.0;1.0;1.0;1.0;0.0;1.0;1.0;1.0;1.0;1.0;1.0;1.0;1.0;1.0;1.0;1.0;1.0;1.0;1.0;1.0;1.0;1.0;1.0;1.0;1;0.021878023637043054;0
602518;2014;12;589.86;88.48;2985.37;0.0;0.0;0.0;0.0;1249.86;0.0;0.0;85.88;0.0;0.0;0.0;0.0;0.0;0.0;0.0;0.0;0.0;0.0;0.0;0.0;0.0;0.0;0.0;0.0;0.0;0.0;0.0;1.0;1.0;1.0;1.0;1.0;1.0;1.0;1.0;1.0;1.0;1.0;1.0;1.0;1.0;1.0;1.0;1.0;1.0;1.0;1.0;1.0;1.0;1.0;1.0;1.0;1.0;1.0;1.0;1.0;1.0;1;0.28601877032847567;0
602518;2015;1;627.91;94.19;3177.93;0.0;0.0;0.0;0.0;0.0;0.0;0.0;91.41;0.0;0.0;201.79;0.0;0.0;0.0;0.0;0.0;0.0;0.0;80.62;0.0;0.0;0.0;0.0;0.0;0.0;0.0;0.0;1.0;1.0;1.0;1.0;1.0;1.0;1.0;1.0;1.0;1.0;1.0;1.0;1.0;1.0;1.0;1.0;1.0;1.0;1.0;1.0;1.0;1.0;1.0;1.0;1.0;1.0;1.0;1.0;1.0;1.0;1;0.28601877032847567;0
602518;2015;2;627.91;94.19;3177.93;0.0;0.0;0.0;0.0;0.0;0.0;0.0;91.41;0.0;0.0;237.4;0.0;0.0;0.0;0.0;0.0;0.0;0.0;0.0;0.0;0.0;0.0;0.0;0.0;0.0;0.0;0.0;1.0;1.0;1.0;1.0;1.0;1.0;1.0;1.0;1.0;1.0;1.0;1.0;1.0;1.0;1.0;1.0;1.0;1.0;1.0;1.0;1.0;1.0;1.0;1.0;1.0;1.0;1.0;1.0;1.0;1.0;1;0.28601877032847567;0
602518;2015;3;627.91;94.19;3177.93;0.0;0.0;0.0;0.0;0.0;0.0;0.0;91.41;0.0;0.0;237.4;0.0;0.0;0.0;0.0;0.0;0.0;0.0;0.0;0.0;0.0;0.0;0.0;0.0;0.0;0.0;0.0;1.0;1.0;1.0;1.0;1.0;1.0;1.0;1.0;1.0;1.0;1.0;1.0;1.0;1.0;1.0;1.0;1.0;1.0;1.0;1.0;1.0;1.0;1.0;1.0;1.0;1.0;1.0;1.0;1.0;1.0;1;0.28601877032847567;0
602518;2015;4;627.91;94.19;1377.1;0.0;0.0;0.0;0.0;0.0;0.0;0.0;91.41;0.0;0.0;237.4;0.0;0.0;0.0;0.0;0.0;0.0;0.0;0.0;0.0;0.0;0.0;0.0;0.0;0.0;0.0;0.0;1.0;1.0;1.0;1.0;1.0;1.0;1.0;1.0;1.0;1.0;1.0;1.0;1.0;1.0;1.0;1.0;1.0;1.0;1.0;1.0;1.0;1.0;1.0;1.0;1.0;1.0;1.0;1.0;1.0;1.0;1;0.28601877032847567;0
602518;2015;5;627.91;94.19;2009.28;0.0;0.0;0.0;0.0;0.0;0.0;0.0;91.41;0.0;0.0;249.27;0.0;0.0;0.0;0.0;0.0;0.0;0.0;0.0;0.0;0.0;0.0;0.0;0.0;0.0;0.0;0.0;1.0;1.0;1.0;1.0;1.0;1.0;1.0;1.0;1.0;1.0;1.0;1.0;1.0;1.0;1.0;1.0;1.0;1.0;1.0;1.0;1.0;1.0;1.0;1.0;1.0;1.0;1.0;1.0;1.0;1.0;1;0.28601877032847567;0
602518;2015;6;627.91;94.19;2224.56;0.0;0.0;0.0;0.0;0.0;0.0;0.0;91.41;0.0;0.0;273.01;0.0;0.0;0.0;0.0;0.0;0.0;0.0;0.0;0.0;0.0;0.0;0.0;0.0;0.0;0.0;0.0;1.0;1.0;1.0;1.0;1.0;1.0;1.0;1.0;1.0;1.0;1.0;1.0;1.0;1.0;1.0;1.0;1.0;1.0;1.0;1.0;1.0;1.0;1.0;1.0;1.0;1.0;1.0;1.0;1.0;1.0;1;0.28601877032847567;0
602518;2015;7;627.91;94.19;2224.56;0.0;0.0;0.0;0.0;0.0;0.0;0.0;91.41;0.0;0.0;249.27;0.0;0.0;0.0;0.0;0.0;0.0;0.0;0.0;0.0;0.0;0.0;0.0;0.0;0.0;0.0;0.0;1.0;1.0;1.0;1.0;1.0;1.0;1.0;1.0;1.0;1.0;1.0;1.0;1.0;1.0;1.0;1.0;1.0;1.0;1.0;1.0;1.0;1.0;1.0;1.0;1.0;1.0;1.0;1.0;1.0;1.0;1;0.28601877032847567;0
602518;2015;8;627.91;94.19;2224.56;0.0;0.0;0.0;0.0;0.0;0.0;0.0;91.41;0.0;0.0;249.27;0.0;0.0;0.0;0.0;0.0;0.0;0.0;0.0;0.0;0.0;0.0;0.0;0.0;0.0;0.0;0.0;1.0;1.0;1.0;1.0;1.0;1.0;1.0;1.0;1.0;1.0;1.0;1.0;1.0;1.0;1.0;1.0;1.0;1.0;1.0;1.0;1.0;1.0;1.0;1.0;1.0;1.0;1.0;1.0;1.0;1.0;1;0.28601877032847567;0
602518;2015;9;627.91;94.19;2224.56;0.0;0.0;0.0;0.0;0.0;0.0;0.0;91.41;0.0;0.0;237.4;0.0;0.0;0.0;0.0;0.0;0.0;0.0;0.0;0.0;0.0;0.0;0.0;0.0;0.0;0.0;0.0;1.0;1.0;1.0;1.0;1.0;1.0;1.0;1.0;1.0;1.0;1.0;1.0;1.0;1.0;1.0;1.0;1.0;1.0;1.0;1.0;1.0;1.0;1.0;1.0;1.0;1.0;1.0;1.0;1.0;1.0;1;0.28601877032847567;0
602518;2015;10;627.91;94.19;2224.56;0.0;0.0;0.0;0.0;0.0;0.0;0.0;91.41;0.0;0.0;237.4;0.0;0.0;0.0;0.0;0.0;0.0;0.0;0.0;0.0;0.0;0.0;0.0;0.0;0.0;0.0;0.0;1.0;1.0;1.0;1.0;1.0;1.0;1.0;1.0;1.0;1.0;1.0;1.0;1.0;1.0;1.0;1.0;1.0;1.0;1.0;1.0;1.0;1.0;1.0;1.0;1.0;1.0;1.0;1.0;1.0;1.0;1;0.28601877032847567;0
602518;2015;11;627.91;94.19;2224.56;0.0;0.0;0.0;0.0;0.0;0.0;0.0;91.41;0.0;0.0;261.14;0.0;0.0;0.0;0.0;0.0;0.0;0.0;0.0;0.0;0.0;0.0;0.0;0.0;0.0;0.0;0.0;1.0;1.0;1.0;1.0;1.0;1.0;1.0;1.0;1.0;1.0;1.0;1.0;1.0;1.0;1.0;1.0;1.0;1.0;1.0;1.0;1.0;1.0;1.0;1.0;1.0;1.0;1.0;1.0;1.0;1.0;1;0.28601877032847567;0
602518;2015;12;627.91;94.19;2224.56;0.0;0.0;0.0;0.0;1012.69;0.0;0.0;91.41;0.0;0.0;0.0;0.0;0.0;0.0;0.0;0.0;0.0;0.0;0.0;0.0;0.0;0.0;0.0;0.0;0.0;0.0;0.0;1.0;1.0;1.0;1.0;1.0;1.0;1.0;1.0;1.0;1.0;1.0;1.0;1.0;1.0;1.0;1.0;1.0;1.0;1.0;1.0;1.0;1.0;1.0;1.0;1.0;1.0;1.0;1.0;1.0;1.0;1;0.28601877032847567;0
602518;2016;1;627.91;94.19;2224.56;0.0;0.0;0.0;0.0;0.0;0.0;0.0;157.9;0.0;0.0;213.66;0.0;0.0;0.0;0.0;0.0;0.0;0.0;0.0;0.0;0.0;0.0;0.0;0.0;0.0;0.0;0.0;1.0;1.0;1.0;1.0;1.0;1.0;1.0;1.0;1.0;1.0;1.0;1.0;1.0;1.0;1.0;1.0;1.0;1.0;1.0;1.0;1.0;1.0;1.0;1.0;1.0;1.0;1.0;1.0;1.0;1.0;1;0.28601877032847567;0
602518;2016;2;627.91;94.19;2224.56;0.0;0.0;0.0;0.0;0.0;0.0;0.0;157.9;0.0;0.0;261.14;0.0;0.0;0.0;0.0;0.0;0.0;0.0;0.0;0.0;0.0;0.0;0.0;0.0;0.0;0.0;0.0;1.0;1.0;1.0;1.0;1.0;1.0;1.0;1.0;1.0;1.0;1.0;1.0;1.0;1.0;1.0;1.0;1.0;1.0;1.0;1.0;1.0;1.0;1.0;1.0;1.0;1.0;1.0;1.0;1.0;1.0;1;0.28601877032847567;0
602518;2016;3;627.91;94.19;2224.56;0.0;0.0;0.0;0.0;0.0;0.0;0.0;178.21;40.62;0.0;237.4;0.0;0.0;0.0;0.0;0.0;0.0;0.0;0.0;0.0;0.0;0.0;0.0;0.0;0.0;0.0;0.0;1.0;1.0;1.0;1.0;1.0;1.0;1.0;1.0;1.0;1.0;1.0;1.0;1.0;1.0;1.0;1.0;1.0;1.0;1.0;1.0;1.0;1.0;1.0;1.0;1.0;1.0;1.0;1.0;1.0;1.0;1;0.28601877032847567;0
602518;2016;4;627.91;94.19;2224.56;0.0;0.0;0.0;0.0;0.0;0.0;0.0;178.21;0.0;0.0;249.27;0.0;0.0;0.0;0.0;0.0;0.0;0.0;0.0;0.0;0.0;0.0;0.0;0.0;0.0;0.0;0.0;1.0;1.0;1.0;1.0;1.0;1.0;1.0;1.0;1.0;1.0;1.0;1.0;1.0;1.0;1.0;1.0;1.0;1.0;1.0;1.0;1.0;1.0;1.0;1.0;1.0;1.0;1.0;1.0;1.0;1.0;1;0.28601877032847567;0
602518;2016;5;627.91;94.19;2224.56;0.0;0.0;0.0;0.0;0.0;0.0;0.0;178.21;0.0;0.0;261.14;0.0;0.0;0.0;0.0;0.0;0.0;0.0;0.0;0.0;0.0;0.0;0.0;0.0;0.0;0.0;0.0;1.0;1.0;1.0;1.0;1.0;1.0;1.0;1.0;1.0;1.0;1.0;1.0;1.0;1.0;1.0;1.0;1.0;1.0;1.0;1.0;1.0;1.0;1.0;1.0;1.0;1.0;1.0;1.0;1.0;1.0;1;0.28601877032847567;0
602518;2016;6;627.91;94.19;2224.56;0.0;0.0;0.0;0.0;0.0;0.0;0.0;178.21;0.0;0.0;249.27;0.0;0.0;0.0;0.0;0.0;0.0;0.0;0.0;0.0;0.0;0.0;0.0;0.0;0.0;0.0;0.0;1.0;1.0;1.0;1.0;1.0;1.0;1.0;1.0;1.0;1.0;1.0;1.0;1.0;1.0;1.0;1.0;1.0;1.0;1.0;1.0;1.0;1.0;1.0;1.0;1.0;1.0;1.0;1.0;1.0;1.0;1;0.28601877032847567;0
602518;2016;7;627.91;94.19;2224.56;0.0;0.0;0.0;0.0;0.0;0.0;0.0;178.21;0.0;0.0;261.14;0.0;0.0;0.0;0.0;0.0;0.0;0.0;0.0;0.0;0.0;0.0;0.0;0.0;0.0;0.0;0.0;1.0;1.0;1.0;1.0;1.0;1.0;1.0;1.0;1.0;1.0;1.0;1.0;1.0;1.0;1.0;1.0;1.0;1.0;1.0;1.0;1.0;1.0;1.0;1.0;1.0;1.0;1.0;1.0;1.0;1.0;1;0.28601877032847567;0
602518;2016;8;627.91;94.19;2224.56;0.0;0.0;0.0;0.0;0.0;0.0;0.0;178.21;0.0;0.0;249.27;0.0;0.0;0.0;0.0;0.0;0.0;0.0;0.0;0.0;0.0;0.0;0.0;0.0;0.0;0.0;0.0;1.0;1.0;1.0;1.0;1.0;1.0;1.0;1.0;1.0;1.0;1.0;1.0;1.0;1.0;1.0;1.0;1.0;1.0;1.0;1.0;1.0;1.0;1.0;1.0;1.0;1.0;1.0;1.0;1.0;1.0;1;0.28601877032847567;0
602518;2016;9;627.91;94.19;2224.56;0.0;0.0;0.0;0.0;1041.62;0.0;0.0;178.21;0.0;0.0;0.0;0.0;0.0;0.0;0.0;0.0;0.0;0.0;0.0;0.0;0.0;0.0;0.0;0.0;0.0;0.0;0.0;1.0;1.0;1.0;1.0;1.0;1.0;1.0;1.0;1.0;1.0;1.0;1.0;1.0;1.0;1.0;1.0;1.0;1.0;1.0;1.0;1.0;1.0;1.0;1.0;1.0;1.0;1.0;1.0;1.0;1.0;1;0.28601877032847567;0
602518;2016;10;627.91;94.19;2224.56;0.0;0.0;0.0;0.0;0.0;0.0;0.0;178.21;0.0;0.0;237.4;0.0;0.0;0.0;0.0;0.0;0.0;0.0;0.0;0.0;0.0;0.0;0.0;0.0;0.0;0.0;0.0;1.0;1.0;1.0;1.0;1.0;1.0;1.0;1.0;1.0;1.0;1.0;1.0;1.0;1.0;1.0;1.0;1.0;1.0;1.0;1.0;1.0;1.0;1.0;1.0;1.0;1.0;1.0;1.0;1.0;1.0;1;0.28601877032847567;0
602518;2016;11;627.91;94.19;2224.56;0.0;0.0;0.0;0.0;0.0;0.0;0.0;178.21;0.0;0.0;261.14;0.0;0.0;0.0;0.0;0.0;0.0;0.0;0.0;0.0;0.0;0.0;0.0;0.0;0.0;0.0;0.0;1.0;1.0;1.0;1.0;1.0;1.0;1.0;1.0;1.0;1.0;1.0;1.0;1.0;1.0;1.0;1.0;1.0;1.0;1.0;1.0;1.0;1.0;1.0;1.0;1.0;1.0;1.0;1.0;1.0;1.0;1;0.28601877032847567;0
602518;2016;12;627.91;94.19;2224.56;0.0;0.0;0.0;0.0;0.0;0.0;0.0;178.21;0.0;0.0;261.14;0.0;0.0;0.0;0.0;0.0;0.0;0.0;0.0;0.0;0.0;0.0;0.0;0.0;0.0;0.0;0.0;1.0;1.0;1.0;1.0;1.0;1.0;1.0;1.0;1.0;1.0;1.0;1.0;1.0;1.0;1.0;1.0;1.0;1.0;1.0;1.0;1.0;1.0;1.0;1.0;1.0;1.0;1.0;1.0;1.0;1.0;1;0.28601877032847567;0
602518;2017;1;627.91;94.19;2224.56;0.0;0.0;0.0;0.0;0.0;0.0;0.0;214.9;0.0;0.0;213.66;0.0;0.0;0.0;0.0;0.0;0.0;0.0;0.0;0.0;0.0;0.0;0.0;0.0;0.0;0.0;0.0;1.0;1.0;1.0;1.0;1.0;1.0;1.0;1.0;1.0;1.0;1.0;1.0;1.0;1.0;1.0;1.0;1.0;1.0;1.0;1.0;1.0;1.0;1.0;1.0;1.0;1.0;1.0;1.0;1.0;1.0;1;0.28601877032847567;0
602518;2017;2;627.91;94.19;2224.56;0.0;0.0;0.0;0.0;0.0;0.0;0.0;214.9;0.0;0.0;261.14;0.0;0.0;0.0;0.0;0.0;0.0;0.0;0.0;0.0;0.0;0.0;0.0;0.0;0.0;0.0;0.0;1.0;1.0;1.0;1.0;1.0;1.0;1.0;1.0;1.0;1.0;1.0;1.0;1.0;1.0;1.0;1.0;1.0;1.0;1.0;1.0;1.0;1.0;1.0;1.0;1.0;1.0;1.0;1.0;1.0;1.0;1;0.28601877032847567;0
602518;2017;3;627.91;94.19;2224.56;0.0;0.0;0.0;0.0;0.0;0.0;0.0;214.9;0.0;0.0;213.66;0.0;0.0;0.0;0.0;0.0;0.0;0.0;0.0;0.0;0.0;0.0;0.0;0.0;0.0;0.0;0.0;1.0;1.0;1.0;1.0;1.0;1.0;1.0;1.0;1.0;1.0;1.0;1.0;1.0;1.0;1.0;1.0;1.0;1.0;1.0;1.0;1.0;1.0;1.0;1.0;1.0;1.0;1.0;1.0;1.0;1.0;1;0.28601877032847567;0
602518;2017;4;640.47;96.07;2269.05;0.0;0.0;0.0;0.0;0.0;0.0;0.0;220.4;59.82;0.0;266.42;0.0;0.0;0.0;0.0;0.0;0.0;0.0;0.0;18.99;10.17;0.0;28.88;133.47;14.44;0.0;0.0;1.0;1.0;1.0;1.0;1.0;1.0;1.0;1.0;1.0;1.0;1.0;1.0;1.0;1.0;1.0;1.0;1.0;1.0;1.0;1.0;1.0;1.0;1.0;1.0;1.0;1.0;1.0;1.0;1.0;1.0;1;0.28601877032847567;0
602518;2017;5;640.47;96.07;2269.05;0.0;0.0;0.0;0.0;0.0;0.0;0.0;220.4;0.0;0.0;254.31;0.0;0.0;0.0;0.0;0.0;0.0;0.0;0.0;0.0;9.57;0.0;0.0;0.0;0.0;0.0;0.0;1.0;1.0;1.0;1.0;1.0;1.0;1.0;1.0;1.0;1.0;1.0;1.0;1.0;1.0;1.0;1.0;1.0;1.0;1.0;1.0;1.0;1.0;1.0;1.0;1.0;1.0;1.0;1.0;1.0;1.0;1;0.28601877032847567;0
602518;2017;6;640.47;96.07;2269.05;0.0;0.0;0.0;0.0;0.0;0.0;0.0;220.4;0.0;0.0;254.31;0.0;0.0;0.0;0.0;0.0;0.0;0.0;0.0;0.0;9.57;0.0;0.0;0.0;0.0;0.0;0.0;1.0;1.0;1.0;1.0;1.0;1.0;1.0;1.0;1.0;1.0;1.0;1.0;1.0;1.0;1.0;1.0;1.0;1.0;1.0;1.0;1.0;1.0;1.0;1.0;1.0;1.0;1.0;1.0;1.0;1.0;1;0.28601877032847567;0
602518;2017;7;640.47;96.07;2269.05;0.0;0.0;0.0;0.0;0.0;0.0;0.0;220.4;0.0;0.0;266.42;0.0;0.0;0.0;0.0;0.0;0.0;0.0;0.0;0.0;9.57;0.0;0.0;0.0;0.0;0.0;0.0;1.0;1.0;1.0;1.0;1.0;1.0;1.0;1.0;1.0;1.0;1.0;1.0;1.0;1.0;1.0;1.0;1.0;1.0;1.0;1.0;1.0;1.0;1.0;1.0;1.0;1.0;1.0;1.0;1.0;1.0;1;0.28601877032847567;0
602518;2017;8;640.47;96.07;2269.05;0.0;0.0;0.0;0.0;1075.33;0.0;0.0;220.4;0.0;0.0;0.0;0.0;0.0;0.0;0.0;0.0;0.0;0.0;0.0;0.0;9.57;0.0;0.0;0.0;0.0;0.0;0.0;1.0;1.0;1.0;1.0;1.0;1.0;1.0;1.0;1.0;1.0;1.0;1.0;1.0;1.0;1.0;1.0;1.0;1.0;1.0;1.0;1.0;1.0;1.0;1.0;1.0;1.0;1.0;1.0;1.0;1.0;1;0.28601877032847567;0
602518;2017;9;640.47;96.07;2269.05;0.0;0.0;0.0;0.0;0.0;0.0;0.0;220.4;0.0;0.0;254.31;0.0;0.0;0.0;0.0;0.0;0.0;0.0;0.0;0.0;9.57;0.0;0.0;0.0;0.0;0.0;0.0;1.0;1.0;1.0;1.0;1.0;1.0;1.0;1.0;1.0;1.0;1.0;1.0;1.0;1.0;1.0;1.0;1.0;1.0;1.0;1.0;1.0;1.0;1.0;1.0;1.0;1.0;1.0;1.0;1.0;1.0;1;0.28601877032847567;0
602518;2017;10;640.47;96.07;2269.05;0.0;0.0;0.0;0.0;0.0;0.0;0.0;220.4;0.0;0.0;242.2;0.0;0.0;0.0;0.0;0.0;0.0;0.0;0.0;0.0;9.57;0.0;0.0;0.0;0.0;0.0;0.0;1.0;1.0;1.0;1.0;1.0;1.0;1.0;1.0;1.0;1.0;1.0;1.0;1.0;1.0;1.0;1.0;1.0;1.0;1.0;1.0;1.0;1.0;1.0;1.0;1.0;1.0;1.0;1.0;1.0;1.0;1;0.28601877032847567;0
602518;2017;11;640.47;96.07;2269.05;0.0;0.0;0.0;0.0;0.0;0.0;0.0;220.4;0.0;0.0;242.2;0.0;0.0;0.0;0.0;0.0;0.0;0.0;0.0;0.0;9.57;0.0;0.0;0.0;0.0;0.0;0.0;1.0;1.0;1.0;1.0;1.0;1.0;1.0;1.0;1.0;1.0;1.0;1.0;1.0;1.0;1.0;1.0;1.0;1.0;1.0;1.0;1.0;1.0;1.0;1.0;1.0;1.0;1.0;1.0;1.0;1.0;1;0.28601877032847567;0
602518;2017;12;640.47;96.07;2269.05;0.0;0.0;0.0;0.0;0.0;0.0;0.0;220.4;0.0;0.0;266.42;0.0;0.0;0.0;0.0;0.0;0.0;0.0;0.0;0.0;9.57;0.0;0.0;0.0;0.0;0.0;0.0;1.0;1.0;1.0;1.0;1.0;1.0;1.0;1.0;1.0;1.0;1.0;1.0;1.0;1.0;1.0;1.0;1.0;1.0;1.0;1.0;1.0;1.0;1.0;1.0;1.0;1.0;1.0;1.0;1.0;1.0;1;0.28601877032847567;0
602518;2018;1;640.47;96.07;2269.05;0.0;0.0;0.0;0.0;0.0;0.0;0.0;220.4;0.0;0.0;205.87;0.0;0.0;0.0;0.0;0.0;0.0;0.0;0.0;0.0;19.14;0.0;0.0;0.0;0.0;9.57;0.0;1.0;1.0;1.0;1.0;1.0;1.0;1.0;1.0;1.0;1.0;1.0;1.0;1.0;1.0;1.0;1.0;1.0;1.0;1.0;1.0;1.0;1.0;1.0;1.0;1.0;1.0;1.0;1.0;1.0;1.0;1;0.28601877032847567;0
602518;2018;2;640.47;96.07;2269.05;0.0;0.0;0.0;0.0;0.0;0.0;0.0;220.4;0.0;0.0;242.2;0.0;0.0;0.0;0.0;0.0;0.0;0.0;0.0;0.0;19.14;0.0;0.0;0.0;0.0;0.0;0.0;1.0;1.0;1.0;1.0;1.0;1.0;1.0;1.0;1.0;1.0;1.0;1.0;1.0;1.0;1.0;1.0;1.0;1.0;1.0;1.0;1.0;1.0;1.0;1.0;1.0;1.0;1.0;1.0;1.0;1.0;1;0.28601877032847567;0
602518;2018;3;659.68;98.95;2337.12;0.0;0.0;0.0;0.0;0.0;0.0;0.0;227.02;0.0;0.0;315.0;0.0;0.0;0.0;0.0;0.0;0.0;0.0;0.0;0.0;19.71;0.0;0.0;0.0;0.0;0.0;0.0;1.0;1.0;1.0;1.0;1.0;1.0;1.0;1.0;1.0;1.0;1.0;1.0;1.0;1.0;1.0;1.0;1.0;1.0;1.0;1.0;1.0;1.0;1.0;1.0;1.0;1.0;1.0;1.0;1.0;1.0;1;0.28601877032847567;0
602518;2018;4;659.68;98.95;2337.12;0.0;0.0;0.0;0.0;0.0;0.0;0.0;227.02;0.0;0.0;315.0;0.0;0.0;0.0;0.0;0.0;0.0;0.0;0.0;0.0;19.71;0.0;0.0;0.0;0.0;0.0;0.0;1.0;1.0;1.0;1.0;1.0;1.0;1.0;1.0;1.0;1.0;1.0;1.0;1.0;1.0;1.0;1.0;1.0;1.0;1.0;1.0;1.0;1.0;1.0;1.0;1.0;1.0;1.0;1.0;1.0;1.0;1;0.28601877032847567;0
602518;2018;5;659.68;98.95;2337.12;0.0;0.0;0.0;0.0;0.0;0.0;0.0;227.02;0.0;0.0;315.0;0.0;0.0;0.0;0.0;0.0;0.0;0.0;0.0;0.0;19.71;0.0;0.0;0.0;0.0;0.0;0.0;1.0;1.0;1.0;1.0;1.0;1.0;1.0;1.0;1.0;1.0;1.0;1.0;1.0;1.0;1.0;1.0;1.0;1.0;1.0;1.0;1.0;1.0;1.0;1.0;1.0;1.0;1.0;1.0;1.0;1.0;1;0.28601877032847567;0
602518;2018;6;659.68;98.95;2337.12;0.0;0.0;0.0;0.0;0.0;0.0;0.0;227.02;0.0;0.0;330.0;0.0;0.0;0.0;0.0;0.0;0.0;0.0;0.0;0.0;19.71;0.0;0.0;0.0;0.0;0.0;0.0;1.0;1.0;1.0;1.0;1.0;1.0;1.0;1.0;1.0;1.0;1.0;1.0;1.0;1.0;1.0;1.0;1.0;1.0;1.0;1.0;1.0;1.0;1.0;1.0;1.0;1.0;1.0;1.0;1.0;1.0;1;0.28601877032847567;0
602518;2018;7;659.68;98.95;2337.12;0.0;0.0;0.0;0.0;0.0;0.0;0.0;227.02;0.0;0.0;330.0;0.0;0.0;0.0;0.0;0.0;0.0;0.0;0.0;0.0;19.71;0.0;0.0;0.0;0.0;0.0;0.0;1.0;1.0;1.0;1.0;1.0;1.0;1.0;1.0;1.0;1.0;1.0;1.0;1.0;1.0;1.0;1.0;1.0;1.0;1.0;1.0;1.0;1.0;1.0;1.0;1.0;1.0;1.0;1.0;1.0;1.0;1;0.28601877032847567;0
602518;2018;8;659.68;98.95;2337.12;0.0;0.0;0.0;0.0;0.0;0.0;0.0;227.02;0.0;0.0;285.0;0.0;0.0;0.0;0.0;0.0;0.0;0.0;0.0;0.0;19.71;0.0;0.0;0.0;0.0;0.0;0.0;1.0;1.0;1.0;1.0;1.0;1.0;1.0;1.0;1.0;1.0;1.0;1.0;1.0;1.0;1.0;1.0;1.0;1.0;1.0;1.0;1.0;1.0;1.0;1.0;1.0;1.0;1.0;1.0;1.0;1.0;1;0.28601877032847567;0
602518;2018;9;659.68;98.95;2337.12;0.0;0.0;0.0;0.0;0.0;0.0;0.0;227.02;0.0;0.0;330.0;0.0;0.0;0.0;0.0;0.0;0.0;0.0;0.0;0.0;19.71;0.0;0.0;0.0;0.0;0.0;0.0;1.0;1.0;1.0;1.0;1.0;1.0;1.0;1.0;1.0;1.0;1.0;1.0;1.0;1.0;1.0;1.0;1.0;1.0;1.0;1.0;1.0;1.0;1.0;1.0;1.0;1.0;1.0;1.0;1.0;1.0;1;0.28601877032847567;0
602518;2018;10;659.68;98.95;2337.12;0.0;0.0;0.0;0.0;0.0;0.0;0.0;227.02;0.0;0.0;300.0;0.0;0.0;0.0;0.0;0.0;0.0;0.0;0.0;0.0;19.71;0.0;0.0;0.0;0.0;0.0;0.0;1.0;1.0;1.0;1.0;1.0;1.0;1.0;1.0;1.0;1.0;1.0;1.0;1.0;1.0;1.0;1.0;1.0;1.0;1.0;1.0;1.0;1.0;1.0;1.0;1.0;1.0;1.0;1.0;1.0;1.0;1;0.28601877032847567;0
602518;2018;11;659.68;98.95;2337.12;0.0;0.0;0.0;0.0;0.0;0.0;0.0;227.02;0.0;0.0;300.0;0.0;0.0;0.0;0.0;0.0;0.0;0.0;0.0;0.0;19.71;0.0;0.0;0.0;0.0;0.0;0.0;1.0;1.0;1.0;1.0;1.0;1.0;1.0;1.0;1.0;1.0;1.0;1.0;1.0;1.0;1.0;1.0;1.0;1.0;1.0;1.0;1.0;1.0;1.0;1.0;1.0;1.0;1.0;1.0;1.0;1.0;1;0.28601877032847567;0
602518;2018;12;659.68;98.95;2337.12;0.0;0.0;0.0;0.0;1107.59;0.0;0.0;227.02;0.0;0.0;0.0;0.0;0.0;0.0;0.0;0.0;0.0;0.0;0.0;0.0;19.71;0.0;0.0;0.0;0.0;0.0;0.0;1.0;1.0;1.0;1.0;1.0;1.0;1.0;1.0;1.0;1.0;1.0;1.0;1.0;1.0;1.0;1.0;1.0;1.0;1.0;1.0;1.0;1.0;1.0;1.0;1.0;1.0;1.0;1.0;1.0;1.0;1;0.28601877032847567;0
602518;2019;1;659.68;98.95;0.0;0.0;0.0;0.0;0.0;0.0;0.0;0.0;239.37;0.0;0.0;300.0;0.0;0.0;0.0;0.0;0.0;0.0;0.0;0.0;0.0;19.96;0.0;0.0;0.0;0.0;0.0;0.0;1.0;1.0;1.0;1.0;1.0;1.0;1.0;1.0;1.0;1.0;1.0;1.0;1.0;1.0;1.0;1.0;1.0;1.0;1.0;1.0;1.0;1.0;1.0;1.0;1.0;1.0;1.0;1.0;1.0;1.0;1;0.28601877032847567;0
602518;2019;2;659.68;98.95;0.0;0.0;0.0;0.0;0.0;0.0;0.0;0.0;239.37;0.0;0.0;240.0;0.0;0.0;0.0;0.0;0.0;0.0;0.0;0.0;0.0;29.94;0.0;0.0;0.0;0.0;9.98;0.0;1.0;1.0;1.0;1.0;1.0;1.0;1.0;1.0;1.0;1.0;1.0;1.0;1.0;1.0;1.0;1.0;1.0;1.0;1.0;1.0;1.0;1.0;1.0;1.0;1.0;1.0;1.0;1.0;1.0;1.0;1;0.28601877032847567;0
602518;2019;3;659.68;98.95;1635.93;0.0;0.0;0.0;0.0;0.0;0.0;0.0;239.37;0.0;642.69;315.0;0.0;0.0;0.0;0.0;0.0;0.0;0.0;0.0;0.0;29.94;0.0;0.0;0.0;0.0;0.0;0.0;1.0;1.0;1.0;1.0;1.0;1.0;1.0;1.0;1.0;1.0;1.0;1.0;1.0;1.0;1.0;1.0;1.0;1.0;1.0;1.0;1.0;1.0;1.0;1.0;1.0;1.0;1.0;1.0;1.0;1.0;1;0.28601877032847567;0
602518;2019;4;659.68;98.95;1635.93;0.0;0.0;0.0;0.0;0.0;0.0;0.0;239.37;0.0;0.0;330.0;0.0;0.0;0.0;0.0;0.0;0.0;0.0;0.0;0.0;29.94;0.0;0.0;0.0;0.0;0.0;0.0;1.0;1.0;1.0;1.0;1.0;1.0;1.0;1.0;1.0;1.0;1.0;1.0;1.0;1.0;1.0;1.0;1.0;1.0;1.0;1.0;1.0;1.0;1.0;1.0;1.0;1.0;1.0;1.0;1.0;1.0;1;0.28601877032847567;0
602518;2019;5;659.68;98.95;1635.93;0.0;0.0;0.0;0.0;0.0;0.0;0.0;239.37;0.0;0.0;285.0;0.0;0.0;0.0;0.0;0.0;0.0;0.0;0.0;0.0;29.94;0.0;0.0;0.0;0.0;0.0;0.0;1.0;1.0;1.0;1.0;1.0;1.0;1.0;1.0;1.0;1.0;1.0;1.0;1.0;1.0;1.0;1.0;1.0;1.0;1.0;1.0;1.0;1.0;1.0;1.0;1.0;1.0;1.0;1.0;1.0;1.0;1;0.28601877032847567;0
602518;2019;6;659.68;98.95;1635.93;0.0;0.0;0.0;0.0;0.0;0.0;0.0;239.37;0.0;0.0;345.0;0.0;0.0;0.0;0.0;0.0;0.0;0.0;0.0;0.0;29.94;0.0;0.0;0.0;0.0;0.0;0.0;1.0;1.0;1.0;1.0;1.0;1.0;1.0;1.0;1.0;1.0;1.0;1.0;1.0;1.0;1.0;1.0;1.0;1.0;1.0;1.0;1.0;1.0;1.0;1.0;1.0;1.0;1.0;1.0;1.0;1.0;1;0.28601877032847567;0
602518;2019;7;659.68;98.95;1635.93;0.0;0.0;0.0;0.0;0.0;0.0;0.0;239.37;0.0;0.0;315.0;0.0;0.0;0.0;0.0;0.0;0.0;0.0;0.0;0.0;29.94;0.0;0.0;0.0;0.0;0.0;0.0;1.0;1.0;1.0;1.0;1.0;1.0;1.0;1.0;1.0;1.0;1.0;1.0;1.0;1.0;1.0;1.0;1.0;1.0;1.0;1.0;1.0;1.0;1.0;1.0;1.0;1.0;1.0;1.0;1.0;1.0;1;0.28601877032847567;0
602518;2019;8;659.68;98.95;1635.93;0.0;0.0;0.0;0.0;0.0;0.0;0.0;239.37;0.0;0.0;315.0;0.0;0.0;0.0;0.0;0.0;0.0;0.0;0.0;0.0;29.94;0.0;0.0;0.0;0.0;0.0;0.0;1.0;1.0;1.0;1.0;1.0;1.0;1.0;1.0;1.0;1.0;1.0;1.0;1.0;1.0;1.0;1.0;1.0;1.0;1.0;1.0;1.0;1.0;1.0;1.0;1.0;1.0;1.0;1.0;1.0;1.0;1;0.28601877032847567;0
602518;2019;9;659.68;98.95;1635.93;0.0;0.0;0.0;0.0;0.0;0.0;0.0;239.37;0.0;0.0;330.0;0.0;0.0;0.0;0.0;0.0;0.0;0.0;0.0;0.0;29.94;0.0;0.0;0.0;0.0;0.0;0.0;1.0;1.0;1.0;1.0;1.0;1.0;1.0;1.0;1.0;1.0;1.0;1.0;1.0;1.0;1.0;1.0;1.0;1.0;1.0;1.0;1.0;1.0;1.0;1.0;1.0;1.0;1.0;1.0;1.0;1.0;1;0.28601877032847567;0
602518;2019;10;659.68;98.95;1635.93;0.0;0.0;0.0;0.0;0.0;0.0;0.0;239.37;0.0;0.0;300.0;0.0;0.0;0.0;0.0;0.0;0.0;0.0;0.0;0.0;29.94;0.0;0.0;0.0;0.0;0.0;0.0;1.0;1.0;1.0;1.0;1.0;1.0;1.0;1.0;1.0;1.0;1.0;1.0;1.0;1.0;1.0;1.0;1.0;1.0;1.0;1.0;1.0;1.0;1.0;1.0;1.0;1.0;1.0;1.0;1.0;1.0;1;0.28601877032847567;0
602518;2019;11;659.68;98.95;1635.93;0.0;0.0;0.0;0.0;0.0;0.0;0.0;239.37;0.0;0.0;315.0;0.0;0.0;0.0;0.0;0.0;0.0;0.0;0.0;0.0;29.94;0.0;0.0;0.0;0.0;0.0;0.0;1.0;1.0;1.0;1.0;1.0;1.0;1.0;1.0;1.0;1.0;1.0;1.0;1.0;1.0;1.0;1.0;1.0;1.0;1.0;1.0;1.0;1.0;1.0;1.0;1.0;1.0;1.0;1.0;1.0;1.0;1;0.28601877032847567;0
602518;2019;12;659.68;98.95;1635.93;0.0;0.0;0.0;0.0;877.98;0.0;0.0;239.37;0.0;0.0;0.0;0.0;0.0;0.0;0.0;0.0;0.0;0.0;0.0;0.0;29.94;0.0;0.0;0.0;0.0;0.0;0.0;1.0;1.0;1.0;1.0;1.0;1.0;1.0;1.0;1.0;1.0;1.0;1.0;1.0;1.0;1.0;1.0;1.0;1.0;1.0;1.0;1.0;1.0;1.0;1.0;1.0;1.0;1.0;1.0;1.0;1.0;1;0.28601877032847567;0
602518;2020;1;659.68;98.95;1635.93;0.0;0.0;0.0;0.0;0.0;0.0;0.0;280.37;0.0;0.0;255.0;0.0;0.0;0.0;0.0;0.0;0.0;0.0;0.0;0.0;0.0;0.0;0.0;0.0;0.0;0.0;0.0;1.0;1.0;1.0;1.0;1.0;1.0;1.0;1.0;1.0;1.0;1.0;1.0;1.0;1.0;1.0;1.0;1.0;1.0;1.0;1.0;1.0;1.0;1.0;1.0;1.0;1.0;1.0;1.0;1.0;1.0;1;0.28601877032847567;0
602518;2020;2;659.68;98.95;1635.93;0.0;0.0;0.0;0.0;0.0;0.0;0.0;286.37;0.0;0.0;300.0;0.0;0.0;0.0;0.0;0.0;0.0;0.0;0.0;0.0;0.0;0.0;0.0;0.0;0.0;0.0;0.0;1.0;1.0;1.0;1.0;1.0;1.0;1.0;1.0;1.0;1.0;1.0;1.0;1.0;1.0;1.0;1.0;1.0;1.0;1.0;1.0;1.0;1.0;1.0;1.0;1.0;1.0;1.0;1.0;1.0;1.0;1;0.28601877032847567;0
602518;2020;3;659.68;98.95;1635.93;0.0;0.0;0.0;0.0;0.0;0.0;0.0;286.37;0.0;0.0;300.0;0.0;0.0;0.0;0.0;0.0;0.0;0.0;0.0;0.0;0.0;0.0;0.0;0.0;0.0;0.0;0.0;1.0;1.0;1.0;1.0;1.0;1.0;1.0;1.0;1.0;1.0;1.0;1.0;1.0;1.0;1.0;1.0;1.0;1.0;1.0;1.0;1.0;1.0;1.0;1.0;1.0;1.0;1.0;1.0;1.0;1.0;1;0.28601877032847567;0
602518;2020;4;659.68;98.95;1635.93;0.0;0.0;0.0;0.0;0.0;0.0;0.0;286.37;0.0;0.0;300.0;0.0;0.0;0.0;0.0;0.0;0.0;0.0;0.0;0.0;0.0;0.0;0.0;0.0;0.0;0.0;0.0;1.0;1.0;1.0;1.0;1.0;1.0;1.0;1.0;1.0;1.0;1.0;1.0;1.0;1.0;1.0;1.0;1.0;1.0;1.0;1.0;1.0;1.0;1.0;1.0;1.0;1.0;1.0;1.0;1.0;1.0;1;0.28601877032847567;0
602518;2020;5;659.68;98.95;1635.93;0.0;0.0;0.0;0.0;0.0;0.0;0.0;286.37;0.0;0.0;315.0;0.0;0.0;0.0;0.0;0.0;0.0;0.0;0.0;0.0;0.0;0.0;0.0;0.0;0.0;0.0;0.0;1.0;1.0;1.0;1.0;1.0;1.0;1.0;1.0;1.0;1.0;1.0;1.0;1.0;1.0;1.0;1.0;1.0;1.0;1.0;1.0;1.0;1.0;1.0;1.0;1.0;1.0;1.0;1.0;1.0;1.0;1;0.28601877032847567;0
602518;2020;6;659.68;98.95;1635.93;0.0;0.0;0.0;0.0;0.0;0.0;0.0;286.37;0.0;0.0;345.0;0.0;0.0;0.0;0.0;0.0;0.0;0.0;0.0;0.0;0.0;0.0;0.0;0.0;0.0;0.0;0.0;1.0;1.0;1.0;1.0;1.0;1.0;1.0;1.0;1.0;1.0;1.0;1.0;1.0;1.0;1.0;1.0;1.0;1.0;1.0;1.0;1.0;1.0;1.0;1.0;1.0;1.0;1.0;1.0;1.0;1.0;1;0.28601877032847567;0
602518;2020;7;659.68;98.95;1635.93;0.0;0.0;0.0;0.0;0.0;0.0;0.0;286.37;0.0;0.0;315.0;0.0;0.0;0.0;0.0;0.0;0.0;0.0;0.0;0.0;0.0;0.0;0.0;0.0;0.0;0.0;0.0;1.0;1.0;1.0;1.0;1.0;1.0;1.0;1.0;1.0;1.0;1.0;1.0;1.0;1.0;1.0;1.0;1.0;1.0;1.0;1.0;1.0;1.0;1.0;1.0;1.0;1.0;1.0;1.0;1.0;1.0;1;0.28601877032847567;0
602518;2020;8;659.68;98.95;1635.93;0.0;0.0;0.0;0.0;0.0;0.0;0.0;286.37;0.0;0.0;0.0;0.0;0.0;0.0;0.0;0.0;0.0;0.0;0.0;0.0;0.0;0.0;0.0;0.0;0.0;0.0;893.64;1.0;1.0;1.0;1.0;1.0;1.0;1.0;1.0;1.0;1.0;1.0;1.0;1.0;1.0;1.0;1.0;1.0;1.0;1.0;1.0;1.0;1.0;1.0;1.0;1.0;1.0;1.0;1.0;1.0;1.0;1;0.28601877032847567;0
602518;2020;9;659.68;98.95;1635.93;0.0;0.0;0.0;0.0;0.0;0.0;0.0;286.37;0.0;0.0;300.0;0.0;0.0;0.0;0.0;0.0;0.0;0.0;0.0;0.0;0.0;0.0;0.0;0.0;0.0;0.0;0.0;1.0;1.0;1.0;1.0;1.0;1.0;1.0;1.0;1.0;1.0;1.0;1.0;1.0;1.0;1.0;1.0;1.0;1.0;1.0;1.0;1.0;1.0;1.0;1.0;1.0;1.0;1.0;1.0;1.0;1.0;1;0.28601877032847567;0
602518;2020;10;659.68;98.95;1635.93;0.0;0.0;0.0;0.0;0.0;0.0;0.0;286.37;0.0;0.0;300.0;0.0;0.0;0.0;0.0;0.0;0.0;0.0;0.0;0.0;0.0;0.0;0.0;0.0;0.0;0.0;0.0;1.0;1.0;1.0;1.0;1.0;1.0;1.0;1.0;1.0;1.0;1.0;1.0;1.0;1.0;1.0;1.0;1.0;1.0;1.0;1.0;1.0;1.0;1.0;1.0;1.0;1.0;1.0;1.0;1.0;1.0;1;0.28601877032847567;0
602518;2020;11;659.68;98.95;1635.93;0.0;0.0;0.0;0.0;0.0;0.0;0.0;286.37;0.0;0.0;330.0;0.0;0.0;0.0;0.0;0.0;0.0;0.0;0.0;0.0;0.0;0.0;0.0;0.0;0.0;0.0;0.0;1.0;1.0;1.0;1.0;1.0;1.0;1.0;1.0;1.0;1.0;1.0;1.0;1.0;1.0;1.0;1.0;1.0;1.0;1.0;1.0;1.0;1.0;1.0;1.0;1.0;1.0;1.0;1.0;1.0;1.0;1;0.28601877032847567;0
602518;2020;12;659.68;98.95;1635.93;0.0;0.0;0.0;0.0;0.0;0.0;0.0;286.37;0.0;0.0;300.0;0.0;0.0;0.0;0.0;0.0;0.0;0.0;0.0;0.0;0.0;0.0;0.0;0.0;0.0;0.0;0.0;1.0;1.0;1.0;1.0;1.0;1.0;1.0;1.0;1.0;1.0;1.0;1.0;1.0;1.0;1.0;1.0;1.0;1.0;1.0;1.0;1.0;1.0;1.0;1.0;1.0;1.0;1.0;1.0;1.0;1.0;1;0.28601877032847567;0
602518;2021;1;659.68;98.95;1635.93;0.0;0.0;0.0;0.0;0.0;0.0;0.0;341.37;0.0;0.0;300.0;0.0;0.0;0.0;0.0;0.0;0.0;0.0;0.0;0.0;0.0;0.0;0.0;0.0;0.0;0.0;0.0;1.0;1.0;1.0;1.0;1.0;1.0;1.0;1.0;1.0;1.0;1.0;1.0;1.0;1.0;1.0;1.0;1.0;1.0;1.0;1.0;1.0;1.0;1.0;1.0;1.0;1.0;1.0;1.0;1.0;1.0;1;0.28601877032847567;0
602518;2021;2;659.68;98.95;1635.93;0.0;0.0;0.0;0.0;0.0;0.0;0.0;341.37;0.0;0.0;315.0;0.0;0.0;0.0;0.0;0.0;0.0;0.0;0.0;0.0;0.0;0.0;0.0;0.0;0.0;0.0;0.0;1.0;1.0;1.0;1.0;1.0;1.0;1.0;1.0;1.0;1.0;1.0;1.0;1.0;1.0;1.0;1.0;1.0;1.0;1.0;1.0;1.0;1.0;1.0;1.0;1.0;1.0;1.0;1.0;1.0;1.0;1;0.28601877032847567;0
602518;2021;3;659.68;98.95;1635.93;0.0;0.0;0.0;0.0;0.0;0.0;0.0;341.37;0.0;0.0;300.0;0.0;0.0;0.0;0.0;0.0;0.0;0.0;0.0;0.0;0.0;0.0;0.0;0.0;0.0;0.0;0.0;1.0;1.0;1.0;1.0;1.0;1.0;1.0;1.0;1.0;1.0;1.0;1.0;1.0;1.0;1.0;1.0;1.0;1.0;1.0;1.0;1.0;1.0;1.0;1.0;1.0;1.0;1.0;1.0;1.0;1.0;1;0.28601877032847567;0
602518;2021;4;659.68;98.95;1635.93;0.0;0.0;0.0;0.0;0.0;0.0;0.0;341.37;0.0;0.0;315.0;0.0;0.0;0.0;0.0;0.0;0.0;0.0;0.0;0.0;0.0;0.0;0.0;0.0;0.0;0.0;0.0;1.0;1.0;1.0;1.0;1.0;1.0;1.0;1.0;1.0;1.0;1.0;1.0;1.0;1.0;1.0;1.0;1.0;1.0;1.0;1.0;1.0;1.0;1.0;1.0;1.0;1.0;1.0;1.0;1.0;1.0;1;0.28601877032847567;0
602518;2021;5;659.68;98.95;1635.93;0.0;0.0;0.0;0.0;0.0;0.0;0.0;341.37;0.0;0.0;315.0;0.0;0.0;0.0;0.0;0.0;0.0;0.0;0.0;0.0;0.0;0.0;0.0;0.0;0.0;0.0;0.0;1.0;1.0;1.0;1.0;1.0;1.0;1.0;1.0;1.0;1.0;1.0;1.0;1.0;1.0;1.0;1.0;1.0;1.0;1.0;1.0;1.0;1.0;1.0;1.0;1.0;1.0;1.0;1.0;1.0;1.0;1;0.28601877032847567;0
602518;2021;6;659.68;98.95;1635.93;0.0;0.0;0.0;0.0;0.0;0.0;0.0;341.37;0.0;0.0;330.0;0.0;0.0;0.0;0.0;0.0;0.0;0.0;0.0;0.0;0.0;0.0;0.0;0.0;0.0;0.0;0.0;1.0;1.0;1.0;1.0;1.0;1.0;1.0;1.0;1.0;1.0;1.0;1.0;1.0;1.0;1.0;1.0;1.0;1.0;1.0;1.0;1.0;1.0;1.0;1.0;1.0;1.0;1.0;1.0;1.0;1.0;1;0.28601877032847567;0
602518;2021;7;659.68;98.95;1635.93;0.0;0.0;0.0;0.0;0.0;0.0;0.0;341.37;0.0;0.0;330.0;0.0;0.0;0.0;0.0;0.0;0.0;0.0;0.0;0.0;0.0;0.0;0.0;0.0;0.0;0.0;0.0;1.0;1.0;1.0;1.0;1.0;1.0;1.0;1.0;1.0;1.0;1.0;1.0;1.0;1.0;1.0;1.0;1.0;1.0;1.0;1.0;1.0;1.0;1.0;1.0;1.0;1.0;1.0;1.0;1.0;1.0;1;0.28601877032847567;0
602518;2021;8;659.68;98.95;1635.93;0.0;0.0;0.0;0.0;0.0;0.0;0.0;341.37;0.0;0.0;0.0;0.0;0.0;0.0;0.0;0.0;0.0;0.0;0.0;0.0;0.0;0.0;0.0;0.0;0.0;0.0;911.98;1.0;1.0;1.0;1.0;1.0;1.0;1.0;1.0;1.0;1.0;1.0;1.0;1.0;1.0;1.0;1.0;1.0;1.0;1.0;1.0;1.0;1.0;1.0;1.0;1.0;1.0;1.0;1.0;1.0;1.0;1;0.28601877032847567;0
602518;2021;9;659.68;98.95;1635.93;0.0;0.0;0.0;0.0;0.0;0.0;0.0;341.37;0.0;0.0;285.0;0.0;0.0;0.0;0.0;0.0;0.0;0.0;0.0;0.0;0.0;0.0;0.0;0.0;0.0;0.0;0.0;1.0;1.0;1.0;1.0;1.0;1.0;1.0;1.0;1.0;1.0;1.0;1.0;1.0;1.0;1.0;1.0;1.0;1.0;1.0;1.0;1.0;1.0;1.0;1.0;1.0;1.0;1.0;1.0;1.0;1.0;1;0.28601877032847567;0
602518;2021;10;659.68;98.95;1635.93;0.0;0.0;0.0;0.0;0.0;0.0;0.0;341.37;0.0;0.0;300.0;0.0;0.0;0.0;0.0;0.0;0.0;0.0;0.0;0.0;0.0;0.0;0.0;0.0;0.0;0.0;0.0;1.0;1.0;1.0;1.0;1.0;1.0;1.0;1.0;1.0;1.0;1.0;1.0;1.0;1.0;1.0;1.0;1.0;1.0;1.0;1.0;1.0;1.0;1.0;1.0;1.0;1.0;1.0;1.0;1.0;1.0;1;0.28601877032847567;0
602518;2021;11;659.68;98.95;1635.93;0.0;0.0;0.0;0.0;0.0;0.0;0.0;341.37;0.0;0.0;315.0;0.0;0.0;0.0;0.0;0.0;0.0;0.0;0.0;0.0;0.0;0.0;0.0;0.0;0.0;0.0;0.0;1.0;1.0;1.0;1.0;1.0;1.0;1.0;1.0;1.0;1.0;1.0;1.0;1.0;1.0;1.0;1.0;1.0;1.0;1.0;1.0;1.0;1.0;1.0;1.0;1.0;1.0;1.0;1.0;1.0;1.0;1;0.28601877032847567;0
602518;2021;12;659.68;98.95;1635.93;0.0;0.0;0.0;0.0;0.0;0.0;0.0;341.37;0.0;0.0;315.0;0.0;0.0;0.0;0.0;0.0;0.0;0.0;0.0;0.0;0.0;0.0;0.0;0.0;0.0;0.0;0.0;1.0;1.0;1.0;1.0;1.0;1.0;1.0;1.0;1.0;1.0;1.0;1.0;1.0;1.0;1.0;1.0;1.0;1.0;1.0;1.0;1.0;1.0;1.0;1.0;1.0;1.0;1.0;1.0;1.0;1.0;1;0.28601877032847567;0
602518;2022;1;695.1;104.27;1723.78;0.0;0.0;0.0;0.0;0.0;0.0;0.0;412.63;0.0;0.0;300.0;0.0;0.0;0.0;0.0;0.0;0.0;0.0;0.0;0.0;0.0;0.0;0.0;0.0;0.0;0.0;0.0;1.0;1.0;1.0;1.0;1.0;1.0;1.0;1.0;1.0;1.0;1.0;1.0;1.0;1.0;1.0;1.0;1.0;1.0;1.0;1.0;1.0;1.0;1.0;1.0;1.0;1.0;1.0;1.0;1.0;1.0;1;0.28601877032847567;0
602518;2022;2;1147.16;172.07;1723.78;1684.48;0.0;0.0;0.0;0.0;0.0;0.0;0.0;0.0;0.0;330.0;0.0;1123.88;0.0;0.0;0.0;0.0;0.0;0.0;0.0;0.0;0.0;0.0;0.0;0.0;0.0;0.0;1.0;1.0;1.0;1.0;1.0;1.0;1.0;1.0;1.0;1.0;1.0;1.0;1.0;1.0;1.0;1.0;1.0;1.0;1.0;1.0;1.0;1.0;1.0;1.0;1.0;1.0;1.0;1.0;1.0;1.0;1;0.28601877032847567;0
602518;2022;3;1147.16;172.07;1723.78;0.0;0.0;0.0;344.15;0.0;0.0;0.0;0.0;0.0;0.0;270.0;172.07;1123.88;0.0;0.0;0.0;0.0;0.0;0.0;0.0;0.0;0.0;0.0;0.0;0.0;0.0;0.0;1.0;1.0;1.0;1.0;1.0;1.0;1.0;1.0;1.0;1.0;1.0;1.0;1.0;1.0;1.0;1.0;1.0;1.0;1.0;1.0;1.0;1.0;1.0;1.0;1.0;1.0;1.0;1.0;1.0;1.0;1;0.28601877032847567;0
602518;2022;4;1147.16;172.07;1723.78;0.0;0.0;0.0;0.0;0.0;0.0;0.0;0.0;0.0;0.0;330.0;172.07;1123.88;0.0;0.0;0.0;0.0;0.0;0.0;0.0;0.0;0.0;0.0;0.0;0.0;0.0;0.0;1.0;1.0;1.0;1.0;1.0;1.0;1.0;1.0;1.0;1.0;1.0;1.0;1.0;1.0;1.0;1.0;1.0;1.0;1.0;1.0;1.0;1.0;1.0;1.0;1.0;1.0;1.0;1.0;1.0;1.0;1;0.28601877032847567;0
602518;2022;5;1205.63;180.84;1811.63;0.0;0.0;0.0;0.0;0.0;0.0;0.0;0.0;0.0;0.0;315.0;180.84;1181.16;0.0;0.0;0.0;0.0;0.0;0.0;0.0;0.0;0.0;0.0;0.0;0.0;0.0;0.0;1.0;1.0;1.0;1.0;1.0;1.0;1.0;1.0;1.0;1.0;1.0;1.0;1.0;1.0;1.0;1.0;1.0;1.0;1.0;1.0;1.0;1.0;1.0;1.0;1.0;1.0;1.0;1.0;1.0;1.0;1;0.28601877032847567;0
602518;2022;6;1205.63;180.84;1811.63;0.0;0.0;0.0;0.0;0.0;0.0;0.0;0.0;0.0;0.0;315.0;180.84;1181.16;0.0;0.0;0.0;0.0;0.0;0.0;0.0;0.0;0.0;0.0;0.0;0.0;0.0;0.0;1.0;1.0;1.0;1.0;1.0;1.0;1.0;1.0;1.0;1.0;1.0;1.0;1.0;1.0;1.0;1.0;1.0;1.0;1.0;1.0;1.0;1.0;1.0;1.0;1.0;1.0;1.0;1.0;1.0;1.0;1;0.28601877032847567;0
602518;2022;7;1205.63;180.84;1811.63;0.0;0.0;0.0;0.0;0.0;0.0;0.0;0.0;0.0;0.0;330.0;180.84;1181.16;0.0;0.0;0.0;0.0;0.0;0.0;0.0;0.0;0.0;0.0;0.0;0.0;0.0;0.0;1.0;1.0;1.0;1.0;1.0;1.0;1.0;1.0;1.0;1.0;1.0;1.0;1.0;1.0;1.0;1.0;1.0;1.0;1.0;1.0;1.0;1.0;1.0;1.0;1.0;1.0;1.0;1.0;1.0;1.0;1;0.28601877032847567;0
602518;2022;8;1205.63;180.84;1811.63;0.0;0.0;0.0;0.0;0.0;0.0;0.0;0.0;0.0;0.0;0.0;180.84;1181.16;0.0;0.0;0.0;0.0;0.0;0.0;0.0;0.0;0.0;0.0;0.0;0.0;0.0;1520.03;1.0;1.0;1.0;1.0;1.0;1.0;1.0;1.0;1.0;1.0;1.0;1.0;1.0;1.0;1.0;1.0;1.0;1.0;1.0;1.0;1.0;1.0;1.0;1.0;1.0;1.0;1.0;1.0;1.0;1.0;1;0.28601877032847567;0
602518;2022;9;1205.63;180.84;1811.63;0.0;0.0;0.0;0.0;0.0;0.0;0.0;0.0;0.0;0.0;285.0;180.84;1181.16;0.0;0.0;0.0;0.0;0.0;0.0;0.0;0.0;0.0;0.0;0.0;0.0;0.0;0.0;1.0;1.0;1.0;1.0;1.0;1.0;1.0;1.0;1.0;1.0;1.0;1.0;1.0;1.0;1.0;1.0;1.0;1.0;1.0;1.0;1.0;1.0;1.0;1.0;1.0;1.0;1.0;1.0;1.0;1.0;1;0.28601877032847567;0
602518;2022;10;1205.63;180.84;1811.63;0.0;0.0;0.0;0.0;0.0;0.0;0.0;0.0;0.0;0.0;300.0;180.84;1181.16;0.0;0.0;0.0;0.0;0.0;0.0;0.0;0.0;0.0;0.0;0.0;0.0;0.0;0.0;1.0;1.0;1.0;1.0;1.0;1.0;1.0;1.0;1.0;1.0;1.0;1.0;1.0;1.0;1.0;1.0;1.0;1.0;1.0;1.0;1.0;1.0;1.0;1.0;1.0;1.0;1.0;1.0;1.0;1.0;1;0.28601877032847567;0
602518;2022;11;1205.63;180.84;1811.63;0.0;0.0;0.0;0.0;0.0;0.0;0.0;0.0;0.0;0.0;330.0;180.84;1181.16;0.0;0.0;0.0;0.0;0.0;0.0;0.0;0.0;0.0;0.0;0.0;0.0;0.0;0.0;1.0;1.0;1.0;1.0;1.0;1.0;1.0;1.0;1.0;1.0;1.0;1.0;1.0;1.0;1.0;1.0;1.0;1.0;1.0;1.0;1.0;1.0;1.0;1.0;1.0;1.0;1.0;1.0;1.0;1.0;1;0.28601877032847567;0
602518;2022;12;1205.63;180.84;1811.63;0.0;0.0;0.0;0.0;0.0;0.0;0.0;0.0;0.0;0.0;330.0;180.84;1181.16;0.0;0.0;0.0;0.0;0.0;0.0;0.0;0.0;0.0;0.0;0.0;0.0;0.0;0.0;1.0;1.0;1.0;1.0;1.0;1.0;1.0;1.0;1.0;1.0;1.0;1.0;1.0;1.0;1.0;1.0;1.0;1.0;1.0;1.0;1.0;1.0;1.0;1.0;1.0;1.0;1.0;1.0;1.0;1.0;1;0.28601877032847567;0
602518;2023;1;1205.63;180.84;0.0;0.0;0.0;0.0;0.0;0.0;0.0;0.0;0.0;0.0;0.0;255.0;180.84;1181.16;0.0;0.0;0.0;0.0;0.0;0.0;0.0;0.0;0.0;0.0;0.0;0.0;0.0;0.0;1.0;1.0;1.0;1.0;1.0;1.0;1.0;1.0;1.0;1.0;1.0;1.0;1.0;1.0;1.0;1.0;1.0;1.0;1.0;1.0;1.0;1.0;1.0;1.0;1.0;1.0;1.0;1.0;1.0;1.0;1;0.28601877032847567;0
602518;2023;2;1205.63;180.84;0.0;0.0;1811.63;0.0;0.0;0.0;0.0;0.0;0.0;0.0;1811.63;345.0;180.84;1718.04;0.0;0.0;0.0;0.0;0.0;0.0;0.0;0.0;0.0;0.0;0.0;0.0;0.0;0.0;1.0;1.0;1.0;1.0;1.0;1.0;1.0;1.0;1.0;1.0;1.0;1.0;1.0;1.0;1.0;1.0;1.0;1.0;1.0;1.0;1.0;1.0;1.0;1.0;1.0;1.0;1.0;1.0;1.0;1.0;1;0.28601877032847567;0
602518;2023;3;1205.63;180.84;0.0;0.0;1811.63;0.0;0.0;0.0;0.0;0.0;0.0;0.0;0.0;270.0;180.84;1718.04;0.0;0.0;0.0;0.0;0.0;0.0;0.0;0.0;0.0;0.0;0.0;0.0;0.0;0.0;1.0;1.0;1.0;1.0;1.0;1.0;1.0;1.0;1.0;1.0;1.0;1.0;1.0;1.0;1.0;1.0;1.0;1.0;1.0;1.0;1.0;1.0;1.0;1.0;1.0;1.0;1.0;1.0;1.0;1.0;1;0.28601877032847567;0
602518;2023;4;1205.63;180.84;0.0;0.0;1811.63;0.0;0.0;0.0;0.0;0.0;0.0;0.0;0.0;330.0;180.84;1718.04;0.0;0.0;0.0;0.0;0.0;0.0;0.0;0.0;0.0;0.0;0.0;0.0;0.0;0.0;1.0;1.0;1.0;1.0;1.0;1.0;1.0;1.0;1.0;1.0;1.0;1.0;1.0;1.0;1.0;1.0;1.0;1.0;1.0;1.0;1.0;1.0;1.0;1.0;1.0;1.0;1.0;1.0;1.0;1.0;1;0.28601877032847567;0
602518;2023;5;1205.63;180.84;0.0;0.0;1811.63;0.0;0.0;0.0;0.0;0.0;0.0;0.0;0.0;315.0;180.84;1718.04;0.0;0.0;0.0;0.0;0.0;0.0;0.0;0.0;0.0;0.0;0.0;0.0;0.0;0.0;1.0;1.0;1.0;1.0;1.0;1.0;1.0;1.0;1.0;1.0;1.0;1.0;1.0;1.0;1.0;1.0;1.0;1.0;1.0;1.0;1.0;1.0;1.0;1.0;1.0;1.0;1.0;1.0;1.0;1.0;1;0.28601877032847567;0
602518;2023;6;1241.8;186.27;1865.98;0.0;0.0;0.0;0.0;0.0;0.0;0.0;0.0;0.0;0.0;333.27;186.27;1769.58;0.0;0.0;0.0;0.0;0.0;0.0;0.0;0.0;0.0;0.0;0.0;0.0;0.0;0.0;1.0;1.0;1.0;1.0;1.0;1.0;1.0;1.0;1.0;1.0;1.0;1.0;1.0;1.0;1.0;1.0;1.0;1.0;1.0;1.0;1.0;1.0;1.0;1.0;1.0;1.0;1.0;1.0;1.0;1.0;1;0.28601877032847567;0
602518;2023;7;1241.8;186.27;1865.98;0.0;0.0;0.0;0.0;0.0;0.0;0.0;0.0;0.0;0.0;349.14;186.27;1769.58;0.0;0.0;0.0;0.0;0.0;0.0;0.0;0.0;0.0;0.0;0.0;0.0;0.0;0.0;1.0;1.0;1.0;1.0;1.0;1.0;1.0;1.0;1.0;1.0;1.0;1.0;1.0;1.0;1.0;1.0;1.0;1.0;1.0;1.0;1.0;1.0;1.0;1.0;1.0;1.0;1.0;1.0;1.0;1.0;1;0.28601877032847567;0
602518;2023;8;1275.56;191.33;1916.7;0.0;0.0;0.0;0.0;0.0;0.0;0.0;0.0;0.0;0.0;0.0;191.33;1817.69;0.0;0.0;0.0;0.0;0.0;0.0;0.0;0.0;0.0;0.0;0.0;0.0;0.0;1797.54;1.0;1.0;1.0;1.0;1.0;1.0;1.0;1.0;1.0;1.0;1.0;1.0;1.0;1.0;1.0;1.0;1.0;1.0;1.0;1.0;1.0;1.0;1.0;1.0;1.0;1.0;1.0;1.0;1.0;1.0;1;0.28601877032847567;0
602518;2023;9;1275.56;191.33;1916.7;0.0;0.0;0.0;0.0;0.0;0.0;0.0;0.0;0.0;0.0;333.27;191.33;1817.69;0.0;0.0;0.0;0.0;0.0;0.0;0.0;0.0;0.0;0.0;0.0;0.0;0.0;0.0;1.0;1.0;1.0;1.0;1.0;1.0;1.0;1.0;1.0;1.0;1.0;1.0;1.0;1.0;1.0;1.0;1.0;1.0;1.0;1.0;1.0;1.0;1.0;1.0;1.0;1.0;1.0;1.0;1.0;1.0;1;0.28601877032847567;0
602518;2023;10;1275.56;191.33;1916.7;0.0;0.0;0.0;0.0;0.0;0.0;0.0;0.0;0.0;0.0;317.4;191.33;1817.69;0.0;0.0;0.0;0.0;0.0;0.0;0.0;0.0;0.0;0.0;0.0;0.0;0.0;0.0;1.0;1.0;1.0;1.0;1.0;1.0;1.0;1.0;1.0;1.0;1.0;1.0;1.0;1.0;1.0;1.0;1.0;1.0;1.0;1.0;1.0;1.0;1.0;1.0;1.0;1.0;1.0;1.0;1.0;1.0;1;0.28601877032847567;0
602518;2023;11;1275.56;191.33;1916.7;0.0;0.0;0.0;0.0;0.0;0.0;0.0;0.0;0.0;0.0;317.4;191.33;1817.69;0.0;0.0;0.0;0.0;0.0;0.0;0.0;0.0;0.0;476.74;271.75;0.0;0.0;0.0;1.0;1.0;1.0;1.0;1.0;1.0;1.0;1.0;1.0;1.0;1.0;1.0;1.0;1.0;1.0;1.0;1.0;1.0;1.0;1.0;1.0;1.0;1.0;1.0;1.0;1.0;1.0;1.0;1.0;1.0;1;0.28601877032847567;0
602518;2023;12;1275.56;191.33;1916.7;0.0;0.0;0.0;0.0;0.0;0.0;0.0;0.0;0.0;0.0;349.14;191.33;1817.69;0.0;0.0;0.0;0.0;0.0;0.0;0.0;0.0;0.0;0.0;0.0;0.0;0.0;0.0;1.0;1.0;1.0;1.0;1.0;1.0;1.0;1.0;1.0;1.0;1.0;1.0;1.0;1.0;1.0;1.0;1.0;1.0;1.0;1.0;1.0;1.0;1.0;1.0;1.0;1.0;1.0;1.0;1.0;1.0;1;0.28601877032847567;0
602518;2024;1;1275.56;191.33;1916.7;0.0;0.0;0.0;0.0;0.0;0.0;0.0;0.0;0.0;0.0;285.66;191.33;1817.69;0.0;0.0;0.0;0.0;0.0;0.0;0.0;0.0;0.0;0.0;0.0;0.0;0.0;0.0;1.0;1.0;1.0;1.0;1.0;1.0;1.0;1.0;1.0;1.0;1.0;1.0;1.0;1.0;1.0;1.0;1.0;1.0;1.0;1.0;1.0;1.0;1.0;1.0;1.0;1.0;1.0;1.0;1.0;1.0;1;0.28601877032847567;0
602518;2024;2;1275.56;191.33;1916.7;0.0;0.0;0.0;0.0;0.0;0.0;0.0;0.0;0.0;0.0;269.79;191.33;1817.69;0.0;0.0;0.0;0.0;0.0;0.0;0.0;0.0;0.0;0.0;0.0;0.0;0.0;0.0;1.0;1.0;1.0;1.0;1.0;1.0;1.0;1.0;1.0;1.0;1.0;1.0;1.0;1.0;1.0;1.0;1.0;1.0;1.0;1.0;1.0;1.0;1.0;1.0;1.0;1.0;1.0;1.0;1.0;1.0;1;0.28601877032847567;0
602518;2024;3;1275.56;191.33;1916.7;0.0;0.0;0.0;0.0;0.0;0.0;0.0;0.0;0.0;0.0;349.14;191.33;1817.69;0.0;0.0;0.0;0.0;0.0;0.0;0.0;0.0;0.0;0.0;0.0;0.0;0.0;0.0;1.0;1.0;1.0;1.0;1.0;1.0;1.0;1.0;1.0;1.0;1.0;1.0;1.0;1.0;1.0;1.0;1.0;1.0;1.0;1.0;1.0;1.0;1.0;1.0;1.0;1.0;1.0;1.0;1.0;1.0;1;0.28601877032847567;0
602518;2024;4;1275.56;191.33;1916.7;0.0;0.0;0.0;0.0;0.0;0.0;0.0;0.0;0.0;0.0;333.27;191.33;1817.69;0.0;0.0;0.0;0.0;0.0;0.0;0.0;0.0;0.0;0.0;0.0;0.0;0.0;0.0;1.0;1.0;1.0;1.0;1.0;1.0;1.0;1.0;1.0;1.0;1.0;1.0;1.0;1.0;1.0;1.0;1.0;1.0;1.0;1.0;1.0;1.0;1.0;1.0;1.0;1.0;1.0;1.0;1.0;1.0;1;0.28601877032847567;0
602518;2024;5;1275.56;191.33;1916.7;0.0;0.0;0.0;0.0;0.0;0.0;0.0;0.0;0.0;0.0;317.4;191.33;1817.69;0.0;0.0;0.0;0.0;0.0;0.0;0.0;0.0;0.0;0.0;0.0;0.0;0.0;0.0;1.0;1.0;1.0;1.0;1.0;1.0;1.0;1.0;1.0;1.0;1.0;1.0;1.0;1.0;1.0;1.0;1.0;1.0;1.0;1.0;1.0;1.0;1.0;1.0;1.0;1.0;1.0;1.0;1.0;1.0;1;0.28601877032847567;0
602518;2024;6;1275.56;191.33;1916.7;0.0;0.0;821.54;0.0;0.0;0.0;0.0;0.0;0.0;1013.23;0.0;191.33;1817.69;0.0;0.0;0.0;486.63;0.0;0.0;0.0;0.0;0.0;0.0;0.0;0.0;0.0;0.0;1.0;1.0;1.0;1.0;1.0;1.0;1.0;1.0;1.0;1.0;1.0;1.0;1.0;1.0;1.0;1.0;1.0;1.0;1.0;1.0;1.0;1.0;1.0;1.0;1.0;1.0;1.0;1.0;1.0;1.0;1;0.28601877032847567;0
602518;2024;7;1347.25;202.09;2024.42;0.0;0.0;867.71;0.0;0.0;0.0;0.0;0.0;0.0;0.0;0.0;202.09;1919.84;0.0;0.0;0.0;513.98;746.17;0.0;0.0;0.0;0.0;0.0;0.0;0.0;0.0;0.0;1.0;1.0;1.0;1.0;1.0;1.0;1.0;1.0;1.0;1.0;1.0;1.0;1.0;1.0;1.0;1.0;1.0;1.0;1.0;1.0;1.0;1.0;1.0;1.0;1.0;1.0;1.0;1.0;1.0;1.0;1;0.28601877032847567;0
602518;2024;8;1347.25;202.09;2024.42;0.0;0.0;0.0;0.0;0.0;0.0;0.0;0.0;0.0;0.0;0.0;202.09;1919.84;0.0;0.0;0.0;513.98;0.0;0.0;0.0;0.0;0.0;0.0;0.0;0.0;0.0;1898.56;1.0;1.0;1.0;1.0;1.0;1.0;1.0;1.0;1.0;1.0;1.0;1.0;1.0;1.0;1.0;1.0;1.0;1.0;1.0;1.0;1.0;1.0;1.0;1.0;1.0;1.0;1.0;1.0;1.0;1.0;1;0.28601877032847567;0
602518;2024;9;1347.25;202.09;2024.42;0.0;0.0;0.0;0.0;0.0;0.0;0.0;0.0;0.0;0.0;0.0;202.09;1919.84;0.0;0.0;0.0;513.98;0.0;0.0;0.0;0.0;0.0;0.0;0.0;0.0;0.0;0.0;1.0;1.0;1.0;1.0;1.0;1.0;1.0;1.0;1.0;1.0;1.0;1.0;1.0;1.0;1.0;1.0;1.0;1.0;1.0;1.0;1.0;1.0;1.0;1.0;1.0;1.0;1.0;1.0;1.0;1.0;1;0.28601877032847567;0
