isn_vinculo;num_ano;num_mes;15;160;207;1367;1369;15_yoy;160_yoy;207_yoy;1367_yoy;1369_yoy;IF_label;IF_score;anomalo
296953;2007;3;191.65;0.0;689.92;0.0;0.0;1.0;1.0;1.0;1.0;1.0;1;0.2612021039259671;0
296953;2007;4;191.65;0.0;689.92;0.0;0.0;1.0;1.0;1.0;1.0;1.0;1;0.2612021039259671;0
296953;2007;5;191.65;0.0;689.92;0.0;0.0;1.0;1.0;1.0;1.0;1.0;1;0.2612021039259671;0
296953;2007;6;191.65;0.0;689.92;0.0;0.0;1.0;1.0;1.0;1.0;1.0;1;0.2612021039259671;0
296953;2007;7;198.45;0.0;714.41;0.0;0.0;1.0;1.0;1.0;1.0;1.0;1;0.2612021039259671;0
296953;2007;8;198.45;0.0;714.41;0.0;0.0;1.0;1.0;1.0;1.0;1.0;1;0.2612021039259671;0
296953;2007;9;198.45;0.0;714.41;0.0;0.0;1.0;1.0;1.0;1.0;1.0;1;0.2612021039259671;0
296953;2007;10;198.45;0.0;714.41;0.0;0.0;1.0;1.0;1.0;1.0;1.0;1;0.2612021039259671;0
296953;2007;11;198.45;0.0;714.41;0.0;0.0;1.0;1.0;1.0;1.0;1.0;1;0.2612021039259671;0
296953;2007;12;198.45;0.0;714.41;0.0;0.0;1.0;1.0;1.0;1.0;1.0;1;0.2612021039259671;0
296953;2008;1;198.45;0.0;714.41;0.0;0.0;1.0;1.0;1.0;1.0;1.0;1;0.2612021039259671;0
296953;2008;2;198.45;0.0;714.41;0.0;0.0;1.0;1.0;1.0;1.0;1.0;1;0.2612021039259671;0
296953;2008;3;198.45;0.0;714.41;0.0;0.0;1.0;1.0;1.0;1.0;1.0;1;0.2612021039259671;0
296953;2008;4;198.45;0.0;714.41;0.0;0.0;0.9422629504771852;1.0;0.9422323630656414;1.0;1.0;1;0.0028549217179140163;0
296953;2008;5;198.45;0.0;714.41;0.0;0.0;0.8889137737961925;1.0;0.8889013313425407;1.0;1.0;-1;-0.04048053363682835;1
296953;2008;6;198.45;0.0;714.41;0.0;0.0;0.8074951171875;1.0;0.8074892905180111;1.0;1.0;-1;-0.08027689975621688;1
296953;2008;7;210.61;0.0;758.21;0.0;0.0;0.800920292059629;1.0;0.8009316967020895;1.0;1.0;-1;-0.09680975473309161;1
296953;2008;8;210.61;0.0;758.21;0.0;0.0;1.0;1.0;1.0;1.0;1.0;1;0.2612021039259671;0
296953;2008;9;210.61;0.0;758.21;0.0;0.0;1.0;1.0;1.0;1.0;1.0;1;0.2612021039259671;0
296953;2008;10;210.61;0.0;758.21;0.0;0.0;1.0;1.0;1.0;1.0;1.0;1;0.2612021039259671;0
296953;2008;11;210.61;0.0;758.21;0.0;0.0;1.0;1.0;1.0;1.0;1.0;1;0.2612021039259671;0
296953;2008;12;210.61;0.0;758.21;0.0;0.0;1.0;1.0;1.0;1.0;1.0;1;0.2612021039259671;0
296953;2009;1;210.61;0.0;758.21;0.0;0.0;1.0;1.0;1.0;1.0;1.0;1;0.2612021039259671;0
296953;2009;2;210.61;0.0;758.21;0.0;0.0;1.0;1.0;1.0;1.0;1.0;1;0.2612021039259671;0
296953;2009;3;210.61;0.0;758.21;0.0;0.0;1.0;1.0;1.0;1.0;1.0;1;0.2612021039259671;0
296953;2009;4;210.61;0.0;758.21;0.0;0.0;1.0;1.0;1.0;1.0;1.0;1;0.2612021039259671;0
296953;2009;5;210.61;0.0;758.21;0.0;0.0;1.0;1.0;1.0;1.0;1.0;1;0.2612021039259671;0
296953;2009;6;210.61;0.0;758.21;0.0;0.0;1.0;1.0;1.0;1.0;1.0;1;0.2612021039259671;0
296953;2009;7;223.25;0.0;803.7;0.0;0.0;1.0;1.0;1.0;1.0;1.0;1;0.2612021039259671;0
296953;2009;8;223.25;0.0;803.7;0.0;0.0;1.124968505920887;1.0;1.1249842527400233;1.0;1.0;1;0.04688712435795617;0
296953;2009;9;223.25;0.0;803.7;0.0;0.0;1.0600161435829256;1.0;1.059996570870867;1.0;1.0;1;0.023770050594111414;0
296953;2009;10;223.25;0.0;803.7;0.0;0.0;1.0;1.0;1.0;1.0;1.0;1;0.2612021039259671;0
296953;2009;11;223.25;0.0;803.7;0.0;0.0;0.9084065755208334;1.0;0.9084127360889763;1.0;1.0;-1;-0.01878175503031221;1
296953;2009;12;223.25;0.0;803.7;0.0;0.0;0.8489884393063585;1.0;0.8489848520060002;1.0;1.0;-1;-0.06781012297519728;1
296953;2010;1;223.25;0.0;803.7;0.0;0.0;1.0;1.0;1.0;1.0;1.0;1;0.2612021039259671;0
296953;2010;2;223.25;0.0;803.7;0.0;0.0;1.0;1.0;1.0;1.0;1.0;1;0.2612021039259671;0
296953;2010;3;223.25;0.0;803.7;0.0;0.0;1.0;1.0;1.0;1.0;1.0;1;0.2612021039259671;0
296953;2010;4;223.25;0.0;803.7;0.0;0.0;1.0;1.0;1.0;1.0;1.0;1;0.2612021039259671;0
296953;2010;5;223.25;0.0;803.7;0.0;0.0;1.0;1.0;1.0;1.0;1.0;1;0.2612021039259671;0
296953;2010;6;223.25;0.0;803.7;0.0;0.0;1.0;1.0;1.0;1.0;1.0;1;0.2612021039259671;0
296953;2010;7;234.06;0.0;842.6;0.0;0.0;1.0;1.0;1.0;1.0;1.0;1;0.2612021039259671;0
296953;2010;8;234.06;0.0;842.6;0.0;0.0;1.0;1.0;1.0;1.0;1.0;1;0.2612021039259671;0
296953;2010;9;234.06;0.0;842.6;0.0;0.0;1.0;1.0;1.0;1.0;1.0;1;0.2612021039259671;0
296953;2010;10;234.06;0.0;842.6;0.0;0.0;1.0;1.0;1.0;1.0;1.0;1;0.2612021039259671;0
296953;2010;11;234.06;0.0;842.6;0.0;0.0;1.0;1.0;1.0;1.0;1.0;1;0.2612021039259671;0
296953;2010;12;234.06;0.0;842.6;0.0;0.0;1.0;1.0;1.0;1.0;1.0;1;0.2612021039259671;0
296953;2011;1;245.76;0.0;884.73;0.0;0.0;1.282337594573441;1.0;1.2823660714285716;1.0;1.0;1;0.06684617784038416;0
296953;2011;2;245.76;0.0;884.73;0.0;0.0;1.238397581254724;1.0;1.2384065172659957;1.0;1.0;1;0.05188938494925022;0
296953;2011;3;245.76;0.0;884.73;0.0;0.0;1.166896158776886;1.0;1.1668666991994303;1.0;1.0;1;0.04908061547673337;0
296953;2011;4;245.76;0.0;884.73;0.0;0.0;1.100828667413214;1.0;1.1008212019410226;1.0;1.0;1;0.03955277027123694;0
296953;2011;5;245.76;0.0;884.73;0.0;0.0;1.0;1.0;1.0;1.0;1.0;1;0.2612021039259671;0
296953;2011;6;245.76;0.0;884.73;0.0;0.0;0.9345908122908427;1.0;0.9345805252149664;1.0;1.0;1;0.0;0
296953;2011;7;245.76;0.0;884.73;0.0;0.0;1.0;1.0;1.0;1.0;1.0;1;0.2612021039259671;0
296953;2011;8;245.76;0.0;884.73;0.0;0.0;1.0;1.0;1.0;1.0;1.0;1;0.2612021039259671;0
296953;2011;9;245.76;0.0;884.73;0.0;0.0;1.0;1.0;1.0;1.0;1.0;1;0.2612021039259671;0
296953;2011;10;245.76;0.0;884.73;0.0;0.0;1.0;1.0;1.0;1.0;1.0;1;0.2612021039259671;0
296953;2011;11;245.76;0.0;884.73;0.0;0.0;1.0;1.0;1.0;1.0;1.0;1;0.2612021039259671;0
296953;2011;12;245.76;0.0;884.73;0.0;0.0;1.0;1.0;1.0;1.0;1.0;1;0.2612021039259671;0
296953;2012;1;262.96;0.0;946.66;0.0;0.0;1.0;1.0;1.0;1.0;1.0;1;0.2612021039259671;0
296953;2012;2;262.96;0.0;946.66;0.0;0.0;1.0;1.0;1.0;1.0;1.0;1;0.2612021039259671;0
296953;2012;3;262.96;0.0;946.66;0.0;0.0;1.0;1.0;1.0;1.0;1.0;1;0.2612021039259671;0
296953;2012;4;262.96;0.0;946.66;0.0;0.0;1.0;1.0;1.0;1.0;1.0;1;0.2612021039259671;0
296953;2012;5;262.96;0.0;946.66;0.0;0.0;1.0;1.0;1.0;1.0;1.0;1;0.2612021039259671;0
296953;2012;6;262.96;0.0;946.66;0.0;0.0;1.0;1.0;1.0;1.0;1.0;1;0.2612021039259671;0
296953;2012;7;262.96;0.0;946.66;0.0;0.0;1.3720845290894859;1.0;1.3721301020408163;1.0;1.0;1;0.04947840909342949;0
296953;2012;8;262.96;0.0;946.66;0.0;0.0;1.3250692869740488;1.0;1.3250934337425289;1.0;1.0;1;0.06977371634094576;0
296953;2012;9;262.96;0.0;946.66;0.0;0.0;1.2485636959308672;1.0;1.2485459173579878;1.0;1.0;1;0.07652415917518163;0
296953;2012;10;262.96;0.0;946.66;0.0;0.0;1.1778723404255318;1.0;1.1778773174069925;1.0;1.0;1;0.06539190225059055;0
296953;2012;11;262.96;0.0;946.66;0.0;0.0;1.0699869791666665;1.0;1.0699987566828297;1.0;1.0;1;0.02833637426774771;0
296953;2012;12;262.96;0.0;946.66;0.0;0.0;1.0;1.0;1.0;1.0;1.0;1;0.2612021039259671;0
296953;2013;1;277.63;0.0;999.48;0.0;0.0;1.0;1.0;1.0;1.0;1.0;1;0.2612021039259671;0
296953;2013;2;277.63;0.0;999.48;0.0;0.0;1.0;1.0;1.0;1.0;1.0;1;0.2612021039259671;0
296953;2013;3;277.63;0.0;999.48;0.0;0.0;1.0;1.0;1.0;1.0;1.0;1;0.2612021039259671;0
296953;2013;4;277.63;0.0;999.48;0.0;0.0;1.0;1.0;1.0;1.0;1.0;1;0.2612021039259671;0
296953;2013;5;277.63;0.0;999.48;0.0;0.0;1.0;1.0;1.0;1.0;1.0;1;0.2612021039259671;0
296953;2013;6;277.63;0.0;999.48;0.0;0.0;1.0;1.0;1.0;1.0;1.0;1;0.2612021039259671;0
296953;2013;7;277.63;0.0;999.48;0.0;0.0;1.0;1.0;1.0;1.0;1.0;1;0.2612021039259671;0
296953;2013;8;277.63;0.0;999.48;0.0;0.0;1.0;1.0;1.0;1.0;1.0;1;0.2612021039259671;0
296953;2013;9;277.63;0.0;999.48;0.0;0.0;1.0;1.0;1.0;1.0;1.0;1;0.2612021039259671;0
296953;2013;10;277.63;0.0;999.48;0.0;0.0;1.0;1.0;1.0;1.0;1.0;1;0.2612021039259671;0
296953;2013;11;277.63;0.0;999.48;0.0;0.0;1.0;1.0;1.0;1.0;1.0;1;0.2612021039259671;0
296953;2013;12;277.63;0.0;999.48;0.0;0.0;1.0;1.0;1.0;1.0;1.0;1;0.2612021039259671;0
296953;2014;1;293.46;0.0;1056.45;0.0;0.0;1.5312288025045655;1.0;1.5312644944341374;1.0;1.0;1;0.025503809157137458;0
296953;2014;2;293.46;0.0;1056.45;0.0;0.0;1.4787603930461073;1.0;1.4787726935513221;1.0;1.0;1;0.07049495576502363;0
296953;2014;3;293.46;0.0;1056.45;0.0;0.0;1.3933811310004272;1.0;1.3933474894818059;1.0;1.0;1;0.07024208382774355;0
296953;2014;4;293.46;0.0;1056.45;0.0;0.0;1.3144904815229563;1.0;1.3144830160507652;1.0;1.0;1;0.06661336769018344;0
296953;2014;5;293.46;0.0;1056.45;0.0;0.0;1.194091796875;1.0;1.1940931131531654;1.0;1.0;1;0.06886072137279253;0
296953;2014;6;293.46;0.0;1056.45;0.0;0.0;1.1159872223912382;1.0;1.1159761688462595;1.0;1.0;1;0.052766632719174256;0
296953;2014;7;293.46;0.0;1056.45;0.0;0.0;1.0;1.0;1.0;1.0;1.0;1;0.2612021039259671;0
296953;2014;8;293.46;0.0;1056.45;0.0;0.0;1.0;1.0;1.0;1.0;1.0;1;0.2612021039259671;0
296953;2014;9;293.46;0.0;1056.45;0.0;0.0;1.0;1.0;1.0;1.0;1.0;1;0.2612021039259671;0
296953;2014;10;293.46;0.0;1056.45;0.0;0.0;1.0;1.0;1.0;1.0;1.0;1;0.2612021039259671;0
296953;2014;11;293.46;0.0;1056.45;0.0;0.0;1.0;1.0;1.0;1.0;1.0;1;0.2612021039259671;0
296953;2014;12;293.46;0.0;1056.45;0.0;0.0;1.0;1.0;1.0;1.0;1.0;1;0.2612021039259671;0
296953;2015;1;312.39;0.0;1124.59;0.0;0.0;1.0;1.0;1.0;1.0;1.0;1;0.2612021039259671;0
296953;2015;2;312.39;0.0;1124.59;0.0;0.0;1.0;1.0;1.0;1.0;1.0;1;0.2612021039259671;0
296953;2015;3;312.39;0.0;1124.59;0.0;0.0;1.0;1.0;1.0;1.0;1.0;1;0.2612021039259671;0
296953;2015;4;312.39;0.0;1124.59;0.0;0.0;1.0;1.0;1.0;1.0;1.0;1;0.2612021039259671;0
296953;2015;5;312.39;0.0;1124.59;0.0;0.0;1.0;1.0;1.0;1.0;1.0;1;0.2612021039259671;0
296953;2015;6;312.39;0.0;1124.59;0.0;0.0;1.0;1.0;1.0;1.0;1.0;1;0.2612021039259671;0
296953;2015;7;312.39;0.0;1124.59;0.0;0.0;1.6300026089225148;1.0;1.63002956864564;1.0;1.0;1;0.01769077391267826;0
296953;2015;8;312.39;0.0;1124.59;0.0;0.0;1.5741496598639455;1.0;1.574152097535029;1.0;1.0;1;0.05010581127914571;0
296953;2015;9;312.39;0.0;1124.59;0.0;0.0;1.483262902996059;1.0;1.4832170506851663;1.0;1.0;1;0.07127507594599936;0
296953;2015;10;312.39;0.0;1124.59;0.0;0.0;1.3992833146696528;1.0;1.39926589523454;1.0;1.0;1;0.09661240602544263;0
296953;2015;11;312.39;0.0;1124.59;0.0;0.0;1.2711181640625;1.0;1.2711109604059994;1.0;1.0;1;0.06110984875245917;0
296953;2015;12;312.39;0.0;1124.59;0.0;0.0;1.1879753574688166;1.0;1.1879555489827394;1.0;1.0;1;0.07406867237955872;0
296953;2016;1;312.39;0.0;1124.59;0.0;0.0;1.0;1.0;1.0;1.0;1.0;1;0.2612021039259671;0
296953;2016;2;312.39;0.0;1124.59;0.0;0.0;1.0;1.0;1.0;1.0;1.0;1;0.2612021039259671;0
296953;2016;3;312.39;0.0;1124.59;0.0;0.0;1.0;1.0;1.0;1.0;1.0;1;0.2612021039259671;0
296953;2016;4;312.39;0.0;1124.59;0.0;0.0;1.0;1.0;1.0;1.0;1.0;1;0.2612021039259671;0
296953;2016;5;312.39;0.0;1124.59;0.0;0.0;1.0;1.0;1.0;1.0;1.0;1;0.2612021039259671;0
296953;2016;6;312.39;0.0;1124.59;0.0;0.0;1.0;1.0;1.0;1.0;1.0;1;0.2612021039259671;0
296953;2016;7;312.39;0.0;1124.59;0.0;0.0;1.0;1.0;1.0;1.0;1.0;1;0.2612021039259671;0
296953;2016;8;312.39;0.0;1124.59;0.0;0.0;1.0;1.0;1.0;1.0;1.0;1;0.2612021039259671;0
296953;2016;9;312.39;0.0;1124.59;0.0;0.0;1.0;1.0;1.0;1.0;1.0;1;0.2612021039259671;0
296953;2016;10;312.39;0.0;1124.59;0.0;0.0;1.0;1.0;1.0;1.0;1.0;1;0.2612021039259671;0
296953;2016;11;312.39;0.0;1124.59;0.0;0.0;1.0;1.0;1.0;1.0;1.0;1;0.2612021039259671;0
296953;2016;12;312.39;0.0;1124.59;0.0;0.0;1.0;1.0;1.0;1.0;1.0;1;0.2612021039259671;0
296953;2017;1;312.39;0.0;1124.59;0.0;0.0;1.5741496598639455;1.0;1.574152097535029;1.0;1.0;1;0.05010581127914571;0
296953;2017;2;312.39;0.0;1124.59;0.0;0.0;1.483262902996059;1.0;1.4832170506851663;1.0;1.0;1;0.07127507594599936;0
296953;2017;3;312.39;0.0;1124.59;0.0;0.0;1.3992833146696528;1.0;1.39926589523454;1.0;1.0;1;0.09661240602544263;0
296953;2017;4;318.63;0.0;1147.08;57.48;28.74;1.361317610869008;1.0;1.3613577023498693;1.0;1.0;1;0.05382516865541498;0
296953;2017;5;318.63;0.0;1147.08;0.0;0.0;1.2965087890625;1.0;1.2965311450951136;1.0;1.0;1;0.06253131905868958;0
296953;2017;6;318.63;0.0;1147.08;0.0;0.0;1.2117052023121389;1.0;1.2117127585405532;1.0;1.0;1;0.047089970630908695;0
296953;2017;7;318.63;0.0;1147.08;0.0;0.0;1.0;1.0;1.0;1.0;1.0;1;0.2612021039259671;0
296953;2017;8;318.63;0.0;1147.08;0.0;0.0;1.0;1.0;1.0;1.0;1.0;1;0.2612021039259671;0
296953;2017;9;318.63;0.0;1147.08;0.0;0.0;1.0;1.0;1.0;1.0;1.0;1;0.2612021039259671;0
296953;2017;10;318.63;0.0;1147.08;0.0;0.0;1.0;1.0;1.0;1.0;1.0;1;0.2612021039259671;0
296953;2017;11;318.63;0.0;1147.08;0.0;0.0;1.0;1.0;1.0;1.0;1.0;1;0.2612021039259671;0
296953;2017;12;318.63;0.0;1147.08;0.0;0.0;1.0;1.0;1.0;1.0;1.0;1;0.2612021039259671;0
296953;2018;1;318.63;0.0;1147.08;0.0;0.0;1.0;1.0;1.0;1.0;1.0;1;0.2612021039259671;0
296953;2018;2;318.63;0.0;1147.08;0.0;0.0;1.0;1.0;1.0;1.0;1.0;1;0.2612021039259671;0
296953;2018;3;328.19;0.0;1181.49;0.0;0.0;1.0;1.0;1.0;1.0;1.0;1;0.2612021039259671;0
296953;2018;4;328.19;0.0;1181.49;0.0;0.0;1.0;1.0;1.0;1.0;1.0;1;0.2612021039259671;0
296953;2018;5;328.19;0.0;1181.49;0.0;0.0;1.0;1.0;1.0;1.0;1.0;1;0.2612021039259671;0
296953;2018;6;328.19;0.0;1181.49;0.0;0.0;1.0;1.0;1.0;1.0;1.0;1;0.2612021039259671;0
296953;2018;7;328.19;0.0;1181.49;0.0;0.0;1.65376669186193;1.0;1.6537982391063957;1.0;1.0;1;0.022962340578368434;0
296953;2018;8;328.19;0.0;1181.49;0.0;0.0;1.5582830824747163;1.0;1.5582622228670158;1.0;1.0;1;0.05886690133936334;0
296953;2018;9;328.19;0.0;1181.49;0.0;0.0;1.4700559910414333;1.0;1.4700634565136244;1.0;1.0;1;0.045305510041531716;0
296953;2018;10;328.19;0.0;1181.49;0.0;0.0;1.4021618388447405;1.0;1.4021955850937573;1.0;1.0;1;0.07622439995172015;0
296953;2018;11;328.19;0.0;1181.49;0.0;0.0;1.3354085286458335;1.0;1.3354243667559593;1.0;1.0;1;0.07050844639829545;0
296953;2018;12;328.19;0.0;1181.49;0.0;0.0;1.2480605415272286;1.0;1.2480616060676484;1.0;1.0;1;0.07803462209209988;0
296953;2019;1;328.19;0.0;1181.49;0.0;0.0;1.0;1.0;1.0;1.0;1.0;1;0.2612021039259671;0
296953;2019;2;328.19;0.0;1181.49;0.0;0.0;1.0;1.0;1.0;1.0;1.0;1;0.2612021039259671;0
296953;2019;3;328.19;0.0;1181.49;0.0;0.0;1.0;1.0;1.0;1.0;1.0;1;0.2612021039259671;0
296953;2019;4;328.19;0.0;1181.49;0.0;0.0;1.0;1.0;1.0;1.0;1.0;1;0.2612021039259671;0
296953;2019;5;328.19;0.0;1181.49;0.0;0.0;1.0;1.0;1.0;1.0;1.0;1;0.2612021039259671;0
296953;2019;6;328.19;0.0;1181.49;0.0;0.0;1.0;1.0;1.0;1.0;1.0;1;0.2612021039259671;0
296953;2019;7;328.19;0.0;1181.49;0.0;0.0;1.0;1.0;1.0;1.0;1.0;1;0.2612021039259671;0
296953;2019;8;328.19;0.0;1181.49;0.0;0.0;1.0;1.0;1.0;1.0;1.0;1;0.2612021039259671;0
296953;2019;9;328.19;0.0;1181.49;0.0;0.0;1.0;1.0;1.0;1.0;1.0;1;0.2612021039259671;0
296953;2019;10;328.19;0.0;1181.49;0.0;0.0;1.0;1.0;1.0;1.0;1.0;1;0.2612021039259671;0
296953;2019;11;328.19;0.0;1181.49;0.0;0.0;1.0;1.0;1.0;1.0;1.0;1;0.2612021039259671;0
296953;2019;12;328.19;0.0;1181.49;0.0;0.0;1.0;1.0;1.0;1.0;1.0;1;0.2612021039259671;0
296953;2020;1;328.19;0.0;1181.49;0.0;0.0;1.65376669186193;1.0;1.6537982391063957;1.0;1.0;1;0.022962340578368434;0
296953;2020;2;328.19;0.0;1181.49;0.0;0.0;1.5582830824747163;1.0;1.5582622228670158;1.0;1.0;1;0.05886690133936334;0
296953;2020;3;328.19;0.0;1181.49;0.0;0.0;1.4700559910414333;1.0;1.4700634565136244;1.0;1.0;1;0.045305510041531716;0
296953;2020;4;328.19;0.0;1181.49;0.0;0.0;1.4021618388447405;1.0;1.4021955850937573;1.0;1.0;1;0.07622439995172015;0
296953;2020;5;328.19;0.0;1181.49;0.0;0.0;1.3354085286458335;1.0;1.3354243667559593;1.0;1.0;1;0.07050844639829545;0
296953;2020;6;328.19;0.0;1181.49;0.0;0.0;1.2480605415272286;1.0;1.2480616060676484;1.0;1.0;1;0.07803462209209988;0
296953;2020;7;328.19;0.0;1181.49;0.0;0.0;1.0;1.0;1.0;1.0;1.0;1;0.2612021039259671;0
296953;2020;8;328.19;0.0;1181.49;0.0;0.0;1.0;1.0;1.0;1.0;1.0;1;0.2612021039259671;0
296953;2020;9;328.19;0.0;1181.49;0.0;0.0;1.0;1.0;1.0;1.0;1.0;1;0.2612021039259671;0
296953;2020;10;328.19;0.0;1181.49;0.0;0.0;1.0;1.0;1.0;1.0;1.0;1;0.2612021039259671;0
296953;2020;11;328.19;0.0;1181.49;0.0;0.0;1.0;1.0;1.0;1.0;1.0;1;0.2612021039259671;0
296953;2020;12;328.19;0.0;1181.49;0.0;0.0;1.0;1.0;1.0;1.0;1.0;1;0.2612021039259671;0
296953;2021;1;328.19;0.0;1181.49;0.0;0.0;1.0;1.0;1.0;1.0;1.0;1;0.2612021039259671;0
296953;2021;2;328.19;0.0;1181.49;0.0;0.0;1.0;1.0;1.0;1.0;1.0;1;0.2612021039259671;0
296953;2021;3;328.19;0.0;1181.49;0.0;0.0;1.0;1.0;1.0;1.0;1.0;1;0.2612021039259671;0
296953;2021;4;328.19;0.0;1181.49;0.0;0.0;1.0;1.0;1.0;1.0;1.0;1;0.2612021039259671;0
296953;2021;5;328.19;0.0;1181.49;0.0;0.0;1.0;1.0;1.0;1.0;1.0;1;0.2612021039259671;0
296953;2021;6;328.19;0.0;1181.49;0.0;0.0;1.0;1.0;1.0;1.0;1.0;1;0.2612021039259671;0
296953;2021;7;328.19;0.0;1181.49;0.0;0.0;1.65376669186193;1.0;1.6537982391063957;1.0;1.0;1;0.022962340578368434;0
296953;2021;8;328.19;0.0;1181.49;0.0;0.0;1.5582830824747163;1.0;1.5582622228670158;1.0;1.0;1;0.05886690133936334;0
296953;2021;9;328.19;0.0;1181.49;0.0;0.0;1.4700559910414333;1.0;1.4700634565136244;1.0;1.0;1;0.045305510041531716;0
296953;2021;10;328.19;0.0;1181.49;0.0;0.0;1.4021618388447405;1.0;1.4021955850937573;1.0;1.0;1;0.07622439995172015;0
296953;2021;11;328.19;0.0;1181.49;0.0;0.0;1.3354085286458335;1.0;1.3354243667559593;1.0;1.0;1;0.07050844639829545;0
296953;2021;12;328.19;0.0;1181.49;0.0;0.0;1.0;1.0;1.0;1.0;1.0;1;0.2612021039259671;0
296953;2022;1;345.82;0.0;1244.94;0.0;0.0;1.0;1.0;1.0;1.0;1.0;1;0.2612021039259671;0
296953;2022;2;345.82;0.0;1244.94;0.0;0.0;1.0;1.0;1.0;1.0;1.0;1;0.2612021039259671;0
296953;2022;3;345.82;0.0;1244.94;0.0;0.0;1.0;1.0;1.0;1.0;1.0;1;0.2612021039259671;0
296953;2022;4;345.82;0.0;1244.94;0.0;0.0;1.0;1.0;1.0;1.0;1.0;1;0.2612021039259671;0
296953;2022;5;363.44;0.0;1308.38;0.0;0.0;1.0;1.0;1.0;1.0;1.0;1;0.2612021039259671;0
296953;2022;6;363.44;0.0;1308.38;0.0;0.0;1.0;1.0;1.0;1.0;1.0;1;0.2612021039259671;0
296953;2022;7;363.44;0.0;1308.38;0.0;0.0;1.0;1.0;1.0;1.0;1.0;1;0.2612021039259671;0
296953;2022;8;363.44;0.0;1308.38;0.0;0.0;1.0;1.0;1.0;1.0;1.0;1;0.2612021039259671;0
296953;2022;9;363.44;0.0;1308.38;0.0;0.0;1.0;1.0;1.0;1.0;1.0;1;0.2612021039259671;0
296953;2022;10;363.44;0.0;1308.38;0.0;0.0;1.0;1.0;1.0;1.0;1.0;1;0.2612021039259671;0
296953;2022;11;363.44;0.0;1308.38;0.0;0.0;1.0;1.0;1.0;1.0;1.0;1;0.2612021039259671;0
296953;2022;12;363.44;0.0;1308.38;0.0;0.0;1.8313932980599648;1.0;1.8314133340798704;1.0;1.0;-1;-0.08899243138695201;1
296953;2023;1;363.44;0.0;1308.38;0.0;0.0;1.7256540525141255;1.0;1.725616913520001;1.0;1.0;-1;-0.06342391365455036;1
296953;2023;2;363.44;0.0;1308.38;0.0;0.0;1.6279507278835386;1.0;1.6279457509020778;1.0;1.0;1;0.0002923265005493336;0
296953;2023;3;363.44;0.0;1308.38;0.0;0.0;1.5527642484832949;1.0;1.5527889864704487;1.0;1.0;1;0.03922550361975752;0
296953;2023;4;363.44;0.0;1308.38;0.0;0.0;1.4788411458333335;1.0;1.4788466537813798;1.0;1.0;1;0.06844148398609273;0
296953;2023;5;363.44;0.0;1308.38;0.0;0.0;1.0;1.0;1.0;1.0;1.0;1;0.2612021039259671;0
296953;2023;6;374.34;0.0;1347.63;0.0;0.0;1.0;1.0;1.0;1.0;1.0;1;0.2612021039259671;0
296953;2023;7;374.34;0.0;1347.63;0.0;0.0;1.0;1.0;1.0;1.0;1.0;1;0.2612021039259671;0
296953;2023;8;384.52;0.0;1384.27;0.0;0.0;1.0;1.0;1.0;1.0;1.0;1;0.2612021039259671;0
296953;2023;9;384.52;0.0;1384.27;0.0;0.0;1.0;1.0;1.0;1.0;1.0;1;0.2612021039259671;0
296953;2023;10;384.52;0.0;1384.27;0.0;0.0;1.0;1.0;1.0;1.0;1.0;1;0.2612021039259671;0
296953;2023;11;384.52;0.0;1384.27;250.75;0.0;1.0;1.0;1.0;1.0;1.0;1;0.2612021039259671;0
296953;2023;12;384.52;0.0;1384.27;0.0;0.0;1.0;1.0;1.0;1.0;1.0;1;0.2612021039259671;0
296953;2024;1;384.52;0.0;1384.27;0.0;0.0;1.0;1.0;1.0;1.0;1.0;1;0.2612021039259671;0
296953;2024;2;384.52;0.0;1384.27;0.0;0.0;1.0;1.0;1.0;1.0;1.0;1;0.2612021039259671;0
296953;2024;3;384.52;0.0;1384.27;0.0;0.0;1.0;1.0;1.0;1.0;1.0;1;0.2612021039259671;0
296953;2024;4;384.52;0.0;1384.27;0.0;0.0;1.0;1.0;1.0;1.0;1.0;1;0.2612021039259671;0
296953;2024;5;384.52;0.0;1384.27;0.0;0.0;1.9376165280927187;1.0;1.9376408504920144;1.0;1.0;-1;-0.17455162940517632;1
296953;2024;6;384.52;0.0;1384.27;0.0;0.0;1.825744266654005;1.0;1.82570791733161;1.0;1.0;-1;-0.07546232202244407;1
296953;2024;7;406.13;0.0;1462.07;0.0;0.0;1.819171332586786;1.0;1.8191738210775164;1.0;1.0;-1;-0.0847859305773141;1
296953;2024;8;406.13;0.0;1462.07;0.0;0.0;1.7351533794753482;1.0;1.7351887016377876;1.0;1.0;-1;-0.06421535766527797;1
296953;2024;9;406.13;0.0;1462.07;0.0;0.0;1.6525472005208335;1.0;1.6525606682264644;1.0;1.0;1;0.0013723114553715332;0
297604;2007;3;60.07;0.0;540.59;0.0;0.0;1.0;1.0;1.0;1.0;1.0;1;0.2612021039259671;0
297604;2007;4;60.07;0.0;540.59;0.0;0.0;1.0;1.0;1.0;1.0;1.0;1;0.2612021039259671;0
297604;2007;5;60.07;0.0;540.59;0.0;0.0;1.0;1.0;1.0;1.0;1.0;1;0.2612021039259671;0
297604;2007;6;60.07;0.0;540.59;0.0;0.0;1.0;1.0;1.0;1.0;1.0;1;0.2612021039259671;0
297604;2007;7;62.2;0.0;559.77;0.0;0.0;1.0;1.0;1.0;1.0;1.0;1;0.2612021039259671;0
297604;2007;8;62.2;0.0;559.77;0.0;0.0;1.0;1.0;1.0;1.0;1.0;1;0.2612021039259671;0
297604;2007;9;62.2;0.0;559.77;0.0;0.0;1.0;1.0;1.0;1.0;1.0;1;0.2612021039259671;0
297604;2007;10;62.2;0.0;559.77;0.0;0.0;1.0;1.0;1.0;1.0;1.0;1;0.2612021039259671;0
297604;2007;11;62.2;0.0;559.77;0.0;0.0;1.0;1.0;1.0;1.0;1.0;1;0.2612021039259671;0
297604;2007;12;62.2;0.0;559.77;0.0;0.0;1.0;1.0;1.0;1.0;1.0;1;0.2612021039259671;0
297604;2008;1;62.2;0.0;559.77;0.0;0.0;1.0;1.0;1.0;1.0;1.0;1;0.2612021039259671;0
297604;2008;2;62.2;0.0;559.77;0.0;0.0;1.0;1.0;1.0;1.0;1.0;1;0.2612021039259671;0
297604;2008;3;62.2;0.0;559.77;0.0;0.0;1.0;1.0;1.0;1.0;1.0;1;0.2612021039259671;0
297604;2008;4;62.2;0.0;559.77;0.0;0.0;0.942281472504166;1.0;0.942230975104782;1.0;1.0;1;0.0028549217179140163;0
297604;2008;5;62.2;0.0;559.77;0.0;0.0;0.8889524081749322;1.0;0.8888906532854829;1.0;1.0;-1;-0.04048053363682835;1
297604;2008;6;62.2;0.0;559.77;0.0;0.0;0.8074776061274829;1.0;0.8074809226375085;1.0;1.0;-1;-0.08027689975621688;1
297604;2008;7;66.01;0.0;594.09;0.0;0.0;0.800897840330017;1.0;0.800919434857636;1.0;1.0;-1;-0.09705272599764192;1
297604;2008;8;66.01;0.0;594.09;0.0;0.0;1.0;1.0;1.0;1.0;1.0;1;0.2612021039259671;0
297604;2008;9;66.01;0.0;594.09;0.0;0.0;1.0;1.0;1.0;1.0;1.0;1;0.2612021039259671;0
297604;2008;10;66.01;0.0;594.09;0.0;0.0;1.0;1.0;1.0;1.0;1.0;1;0.2612021039259671;0
297604;2008;11;66.01;0.0;594.09;0.0;0.0;1.0;1.0;1.0;1.0;1.0;1;0.2612021039259671;0
297604;2008;12;66.01;0.0;594.09;0.0;0.0;1.0;1.0;1.0;1.0;1.0;1;0.2612021039259671;0
297604;2009;1;66.01;0.0;594.09;0.0;0.0;1.0;1.0;1.0;1.0;1.0;1;0.2612021039259671;0
297604;2009;2;66.01;0.0;594.09;0.0;0.0;1.0;1.0;1.0;1.0;1.0;1;0.2612021039259671;0
297604;2009;3;66.01;0.0;594.09;0.0;0.0;1.0;1.0;1.0;1.0;1.0;1;0.2612021039259671;0
297604;2009;4;66.01;0.0;594.09;0.0;0.0;1.0;1.0;1.0;1.0;1.0;1;0.2612021039259671;0
297604;2009;5;66.01;0.0;594.09;0.0;0.0;1.0;1.0;1.0;1.0;1.0;1;0.2612021039259671;0
297604;2009;6;66.01;0.0;594.09;0.0;0.0;1.0;1.0;1.0;1.0;1.0;1;0.2612021039259671;0
297604;2009;7;69.97;0.0;629.74;0.0;0.0;1.0;1.0;1.0;1.0;1.0;1;0.2612021039259671;0
297604;2009;8;69.97;0.0;629.74;0.0;0.0;1.1249196141479099;1.0;1.1249977669399933;1.0;1.0;1;0.04688712435795617;0
297604;2009;9;69.97;0.0;629.74;0.0;0.0;1.059990910468111;1.0;1.0600077429345722;1.0;1.0;1;0.023770050594111414;0
297604;2009;10;69.97;0.0;629.74;0.0;0.0;1.0;1.0;1.0;1.0;1.0;1;0.2612021039259671;0
297604;2009;11;69.97;0.0;629.74;0.0;0.0;0.9083473971180059;1.0;0.9084142348138424;1.0;1.0;-1;-0.01878175503031221;1
297604;2009;12;69.97;0.0;629.74;0.0;0.0;0.8489444309633584;1.0;0.8489808024158758;1.0;1.0;-1;-0.06781012297519728;1
297604;2010;1;69.97;0.0;629.74;0.0;0.0;1.0;1.0;1.0;1.0;1.0;1;0.2612021039259671;0
297604;2010;2;69.97;0.0;629.74;0.0;0.0;1.0;1.0;1.0;1.0;1.0;1;0.2612021039259671;0
297604;2010;3;69.97;0.0;629.74;0.0;0.0;1.0;1.0;1.0;1.0;1.0;1;0.2612021039259671;0
297604;2010;4;69.97;0.0;629.74;0.0;0.0;1.0;1.0;1.0;1.0;1.0;1;0.2612021039259671;0
297604;2010;5;69.97;0.0;629.74;0.0;0.0;1.0;1.0;1.0;1.0;1.0;1;0.2612021039259671;0
297604;2010;6;69.97;0.0;629.74;0.0;0.0;1.0;1.0;1.0;1.0;1.0;1;0.2612021039259671;0
297604;2010;7;73.36;0.0;660.22;0.0;0.0;1.0;1.0;1.0;1.0;1.0;1;0.2612021039259671;0
297604;2010;8;73.36;0.0;660.22;0.0;0.0;1.0;1.0;1.0;1.0;1.0;1;0.2612021039259671;0
297604;2010;9;73.36;0.0;660.22;0.0;0.0;1.0;1.0;1.0;1.0;1.0;1;0.2612021039259671;0
297604;2010;10;73.36;0.0;660.22;0.0;0.0;1.0;1.0;1.0;1.0;1.0;1;0.2612021039259671;0
297604;2010;11;73.36;0.0;660.22;0.0;0.0;1.0;1.0;1.0;1.0;1.0;1;0.2612021039259671;0
297604;2010;12;73.36;0.0;660.22;0.0;0.0;1.0;1.0;1.0;1.0;1.0;1;0.2612021039259671;0
297604;2011;1;77.03;0.0;693.23;0.0;0.0;1.2823372731812885;1.0;1.282358164227973;1.0;1.0;1;0.06684617784038416;0
297604;2011;2;77.03;0.0;693.23;0.0;0.0;1.2384244372990354;1.0;1.238419350804795;1.0;1.0;1;0.05188938494925022;0
297604;2011;3;77.03;0.0;693.23;0.0;0.0;1.1669444023632782;1.0;1.166877072497433;1.0;1.0;1;0.04908061547673337;0
297604;2011;4;77.03;0.0;693.23;0.0;0.0;1.1009003858796627;1.0;1.1008193857782578;1.0;1.0;1;0.03955277027123694;0
297604;2011;5;77.03;0.0;693.23;0.0;0.0;1.0;1.0;1.0;1.0;1.0;1;0.2612021039259671;0
297604;2011;6;77.03;0.0;693.23;0.0;0.0;0.934603251637952;1.0;0.9345745254529767;1.0;1.0;1;0.0;0
297604;2011;7;77.03;0.0;693.23;0.0;0.0;1.0;1.0;1.0;1.0;1.0;1;0.2612021039259671;0
297604;2011;8;77.03;0.0;693.23;0.0;0.0;1.0;1.0;1.0;1.0;1.0;1;0.2612021039259671;0
297604;2011;9;77.03;0.0;693.23;0.0;0.0;1.0;1.0;1.0;1.0;1.0;1;0.2612021039259671;0
297604;2011;10;77.03;0.0;693.23;0.0;0.0;1.0;1.0;1.0;1.0;1.0;1;0.2612021039259671;0
297604;2011;11;77.03;0.0;693.23;0.0;0.0;1.0;1.0;1.0;1.0;1.0;1;0.2612021039259671;0
297604;2011;12;77.03;0.0;693.23;0.0;0.0;1.0;1.0;1.0;1.0;1.0;1;0.2612021039259671;0
297604;2012;1;82.42;0.0;741.76;0.0;0.0;1.0;1.0;1.0;1.0;1.0;1;0.2612021039259671;0
297604;2012;2;82.42;0.0;741.76;0.0;0.0;1.0;1.0;1.0;1.0;1.0;1;0.2612021039259671;0
297604;2012;3;82.42;0.0;741.76;0.0;0.0;1.0;1.0;1.0;1.0;1.0;1;0.2612021039259671;0
297604;2012;4;82.42;0.0;741.76;0.0;0.0;1.0;1.0;1.0;1.0;1.0;1;0.2612021039259671;0
297604;2012;5;82.42;0.0;741.76;0.0;0.0;1.0;1.0;1.0;1.0;1.0;1;0.2612021039259671;0
297604;2012;6;82.42;0.0;741.76;0.0;0.0;1.0;1.0;1.0;1.0;1.0;1;0.2612021039259671;0
297604;2012;7;82.42;0.0;741.76;0.0;0.0;1.3720659230897287;1.0;1.3721304500638192;1.0;1.0;1;0.04947840909342949;0
297604;2012;8;82.42;0.0;741.76;0.0;0.0;1.32508038585209;1.0;1.3251156725083517;1.0;1.0;1;0.06977371634094576;0
297604;2012;9;82.42;0.0;741.76;0.0;0.0;1.248598697167096;1.0;1.2485650322341733;1.0;1.0;1;0.07611720140855915;0
297604;2012;10;82.42;0.0;741.76;0.0;0.0;1.1779334000285837;1.0;1.1778829358147807;1.0;1.0;1;0.06501565806728893;0
297604;2012;11;82.42;0.0;741.76;0.0;0.0;1.069972737894327;1.0;1.0700056258384663;1.0;1.0;1;0.028135746244141058;0
297604;2012;12;82.42;0.0;741.76;0.0;0.0;1.0;1.0;1.0;1.0;1.0;1;0.2612021039259671;0
297604;2013;1;87.02;0.0;783.15;0.0;0.0;1.0;1.0;1.0;1.0;1.0;1;0.2612021039259671;0
297604;2013;2;87.02;0.0;783.15;0.0;0.0;1.0;1.0;1.0;1.0;1.0;1;0.2612021039259671;0
297604;2013;3;87.02;0.0;783.15;0.0;0.0;1.0;1.0;1.0;1.0;1.0;1;0.2612021039259671;0
297604;2013;4;87.02;0.0;783.15;0.0;0.0;1.0;1.0;1.0;1.0;1.0;1;0.2612021039259671;0
297604;2013;5;87.02;0.0;783.15;0.0;0.0;1.0;1.0;1.0;1.0;1.0;1;0.2612021039259671;0
297604;2013;6;87.02;0.0;783.15;0.0;0.0;1.0;1.0;1.0;1.0;1.0;1;0.2612021039259671;0
297604;2013;7;87.02;0.0;783.15;0.0;0.0;1.0;1.0;1.0;1.0;1.0;1;0.2612021039259671;0
297604;2013;8;87.02;0.0;783.15;0.0;0.0;1.0;1.0;1.0;1.0;1.0;1;0.2612021039259671;0
297604;2013;9;87.02;0.0;783.15;0.0;0.0;1.0;1.0;1.0;1.0;1.0;1;0.2612021039259671;0
297604;2013;10;87.02;0.0;783.15;0.0;0.0;1.0;1.0;1.0;1.0;1.0;1;0.2612021039259671;0
297604;2013;11;87.02;0.0;783.15;0.0;0.0;1.0;1.0;1.0;1.0;1.0;1;0.2612021039259671;0
297604;2013;12;87.02;0.0;783.15;0.0;0.0;1.0;1.0;1.0;1.0;1.0;1;0.2612021039259671;0
297604;2014;1;91.98;0.0;827.79;0.0;0.0;1.5312135841518228;1.0;1.5312713886679368;1.0;1.0;1;0.024958029637331514;0
297604;2014;2;91.98;0.0;827.79;0.0;0.0;1.4787781350482314;1.0;1.4788037944155634;1.0;1.0;1;0.07328285827505832;0
297604;2014;3;91.98;0.0;827.79;0.0;0.0;1.393425238600212;1.0;1.393374741200828;1.0;1.0;1;0.07024208382774355;0
297604;2014;4;91.98;0.0;827.79;0.0;0.0;1.3145633843075604;1.0;1.314494870899101;1.0;1.0;1;0.06698853125062731;0
297604;2014;5;91.98;0.0;827.79;0.0;0.0;1.1940802284824095;1.0;1.1941058523145276;1.0;1.0;1;0.06886072137279253;0
297604;2014;6;91.98;0.0;827.79;0.0;0.0;1.1159912642562486;1.0;1.1159809102674718;1.0;1.0;1;0.052766632719174256;0
297604;2014;7;91.98;0.0;827.79;0.0;0.0;1.0;1.0;1.0;1.0;1.0;1;0.2612021039259671;0
297604;2014;8;91.98;0.0;827.79;0.0;0.0;1.0;1.0;1.0;1.0;1.0;1;0.2612021039259671;0
297604;2014;9;91.98;0.0;827.79;0.0;0.0;1.0;1.0;1.0;1.0;1.0;1;0.2612021039259671;0
297604;2014;10;91.98;0.0;827.79;0.0;0.0;1.0;1.0;1.0;1.0;1.0;1;0.2612021039259671;0
297604;2014;11;91.98;0.0;827.79;0.0;0.0;1.0;1.0;1.0;1.0;1.0;1;0.2612021039259671;0
297604;2014;12;91.98;0.0;827.79;0.0;0.0;1.0;1.0;1.0;1.0;1.0;1;0.2612021039259671;0
297604;2015;1;97.91;0.0;881.19;0.0;0.0;1.0;1.0;1.0;1.0;1.0;1;0.2612021039259671;0
297604;2015;2;97.91;0.0;881.19;0.0;0.0;1.0;1.0;1.0;1.0;1.0;1;0.2612021039259671;0
297604;2015;3;97.91;0.0;881.19;0.0;0.0;1.0;1.0;1.0;1.0;1.0;1;0.2612021039259671;0
297604;2015;4;97.91;0.0;881.19;0.0;0.0;1.0;1.0;1.0;1.0;1.0;1;0.2612021039259671;0
297604;2015;5;97.91;0.0;881.19;0.0;0.0;1.0;1.0;1.0;1.0;1.0;1;0.2612021039259671;0
297604;2015;6;97.91;0.0;881.19;0.0;0.0;1.0;1.0;1.0;1.0;1.0;1;0.2612021039259671;0
297604;2015;7;97.91;0.0;881.19;0.0;0.0;1.629931746295988;1.0;1.6300523502099558;1.0;1.0;1;0.017894934801349627;0
297604;2015;8;97.91;0.0;881.19;0.0;0.0;1.5741157556270096;1.0;1.5742001179055685;1.0;1.0;1;0.05068520613661731;0
297604;2015;9;97.91;0.0;881.19;0.0;0.0;1.4832601121042264;1.0;1.4832601121042266;1.0;1.0;1;0.07220463067438843;0
297604;2015;10;97.91;0.0;881.19;0.0;0.0;1.3993139917107331;1.0;1.3992917712071649;1.0;1.0;1;0.09643487922347549;0
297604;2015;11;97.91;0.0;881.19;0.0;0.0;1.2710632221212514;1.0;1.271136563622463;1.0;1.0;1;0.06092030964656603;0
297604;2015;12;97.91;0.0;881.19;0.0;0.0;1.187939820431934;1.0;1.187971850733391;1.0;1.0;1;0.07406867237955872;0
297604;2016;1;97.91;0.0;881.19;0.0;0.0;1.0;1.0;1.0;1.0;1.0;1;0.2612021039259671;0
297604;2016;2;97.91;0.0;881.19;0.0;0.0;1.0;1.0;1.0;1.0;1.0;1;0.2612021039259671;0
297604;2016;3;97.91;0.0;881.19;0.0;0.0;1.0;1.0;1.0;1.0;1.0;1;0.2612021039259671;0
297604;2016;4;97.91;0.0;881.19;0.0;0.0;1.0;1.0;1.0;1.0;1.0;1;0.2612021039259671;0
297604;2016;5;97.91;0.0;881.19;0.0;0.0;1.0;1.0;1.0;1.0;1.0;1;0.2612021039259671;0
297604;2016;6;97.91;0.0;881.19;0.0;0.0;1.0;1.0;1.0;1.0;1.0;1;0.2612021039259671;0
297604;2016;7;97.91;0.0;881.19;0.0;0.0;1.0;1.0;1.0;1.0;1.0;1;0.2612021039259671;0
297604;2016;8;97.91;0.0;881.19;0.0;0.0;1.0;1.0;1.0;1.0;1.0;1;0.2612021039259671;0
297604;2016;9;97.91;0.0;881.19;0.0;0.0;1.0;1.0;1.0;1.0;1.0;1;0.2612021039259671;0
297604;2016;10;97.91;0.0;881.19;0.0;0.0;1.0;1.0;1.0;1.0;1.0;1;0.2612021039259671;0
297604;2016;11;97.91;0.0;881.19;0.0;0.0;1.0;1.0;1.0;1.0;1.0;1;0.2612021039259671;0
297604;2016;12;97.91;0.0;881.19;0.0;0.0;1.0;1.0;1.0;1.0;1.0;1;0.2612021039259671;0
297604;2017;1;97.91;0.0;881.19;0.0;0.0;1.5741157556270096;1.0;1.5742001179055685;1.0;1.0;1;0.05068520613661731;0
297604;2017;2;97.91;0.0;881.19;0.0;0.0;1.4832601121042264;1.0;1.4832601121042266;1.0;1.0;1;0.07220463067438843;0
297604;2017;3;97.91;0.0;881.19;0.0;0.0;1.3993139917107331;1.0;1.3992917712071649;1.0;1.0;1;0.09643487922347549;0
297604;2017;4;99.87;0.0;898.81;39.16;19.58;1.3613685932388224;1.0;1.361379540153282;1.0;1.0;1;0.05382516865541498;0
297604;2017;5;99.87;0.0;898.81;0.0;0.0;1.296507854082825;1.0;1.2965538133087142;1.0;1.0;1;0.06253131905868958;0
297604;2017;6;99.87;0.0;898.81;0.0;0.0;1.2117204561999515;1.0;1.211726164797239;1.0;1.0;1;0.047089970630908695;0
297604;2017;7;99.87;0.0;898.81;0.0;0.0;1.0;1.0;1.0;1.0;1.0;1;0.2612021039259671;0
297604;2017;8;99.87;0.0;898.81;0.0;0.0;1.0;1.0;1.0;1.0;1.0;1;0.2612021039259671;0
297604;2017;9;99.87;0.0;898.81;0.0;0.0;1.0;1.0;1.0;1.0;1.0;1;0.2612021039259671;0
297604;2017;10;99.87;0.0;898.81;0.0;0.0;1.0;1.0;1.0;1.0;1.0;1;0.2612021039259671;0
297604;2017;11;99.87;0.0;898.81;0.0;0.0;1.0;1.0;1.0;1.0;1.0;1;0.2612021039259671;0
297604;2017;12;99.87;0.0;898.81;0.0;0.0;1.0;1.0;1.0;1.0;1.0;1;0.2612021039259671;0
297604;2018;1;99.87;0.0;898.81;0.0;0.0;1.0;1.0;1.0;1.0;1.0;1;0.2612021039259671;0
297604;2018;2;99.87;0.0;898.81;0.0;0.0;1.0;1.0;1.0;1.0;1.0;1;0.2612021039259671;0
297604;2018;3;102.86;0.0;925.78;0.0;0.0;1.0;1.0;1.0;1.0;1.0;1;0.2612021039259671;0
297604;2018;4;102.86;0.0;925.78;0.0;0.0;1.0;1.0;1.0;1.0;1.0;1;0.2612021039259671;0
297604;2018;5;102.86;0.0;925.78;0.0;0.0;1.0;1.0;1.0;1.0;1.0;1;0.2612021039259671;0
297604;2018;6;102.86;0.0;925.78;0.0;0.0;1.0;1.0;1.0;1.0;1.0;1;0.2612021039259671;0
297604;2018;7;102.86;0.0;925.78;0.0;0.0;1.6536977491961413;1.0;1.6538578344677277;1.0;1.0;1;0.02206806715392151;0
297604;2018;8;102.86;0.0;925.78;0.0;0.0;1.5582487501893652;1.0;1.5583160800552103;1.0;1.0;1;0.05882744027779241;0
297604;2018;9;102.86;0.0;925.78;0.0;0.0;1.4700585965413748;1.0;1.4700987709213325;1.0;1.0;1;0.045265097487296346;0
297604;2018;10;102.86;0.0;925.78;0.0;0.0;1.4021264994547438;1.0;1.4022295598436885;1.0;1.0;1;0.0767773010359617;0
297604;2018;11;102.86;0.0;925.78;0.0;0.0;1.3353238997793067;1.0;1.3354586500872725;1.0;1.0;1;0.07050844639829545;0
297604;2018;12;102.86;0.0;925.78;0.0;0.0;1.2479980587236108;1.0;1.2480856341673856;1.0;1.0;1;0.07803462209209988;0
297604;2019;1;102.86;0.0;925.78;0.0;0.0;1.0;1.0;1.0;1.0;1.0;1;0.2612021039259671;0
297604;2019;2;102.86;0.0;925.78;0.0;0.0;1.0;1.0;1.0;1.0;1.0;1;0.2612021039259671;0
297604;2019;3;102.86;0.0;925.78;0.0;0.0;1.0;1.0;1.0;1.0;1.0;1;0.2612021039259671;0
297604;2019;4;102.86;0.0;925.78;0.0;0.0;1.0;1.0;1.0;1.0;1.0;1;0.2612021039259671;0
297604;2019;5;102.86;0.0;925.78;0.0;0.0;1.0;1.0;1.0;1.0;1.0;1;0.2612021039259671;0
297604;2019;6;102.86;0.0;925.78;0.0;0.0;1.0;1.0;1.0;1.0;1.0;1;0.2612021039259671;0
297604;2019;7;102.86;0.0;925.78;0.0;0.0;1.0;1.0;1.0;1.0;1.0;1;0.2612021039259671;0
297604;2019;8;102.86;0.0;925.78;0.0;0.0;1.0;1.0;1.0;1.0;1.0;1;0.2612021039259671;0
297604;2019;9;102.86;0.0;925.78;0.0;0.0;1.0;1.0;1.0;1.0;1.0;1;0.2612021039259671;0
297604;2019;10;102.86;0.0;925.78;0.0;0.0;1.0;1.0;1.0;1.0;1.0;1;0.2612021039259671;0
297604;2019;11;102.86;0.0;925.78;0.0;0.0;1.0;1.0;1.0;1.0;1.0;1;0.2612021039259671;0
297604;2019;12;102.86;0.0;925.78;0.0;0.0;1.0;1.0;1.0;1.0;1.0;1;0.2612021039259671;0
297604;2020;1;102.86;10.36;925.78;0.0;0.0;1.6536977491961413;1.0;1.6538578344677277;1.0;1.0;1;0.02206806715392151;0
297604;2020;2;102.86;16.36;925.78;0.0;0.0;1.5582487501893652;1.0;1.5583160800552103;1.0;1.0;1;0.05882744027779241;0
297604;2020;3;102.86;16.36;925.78;0.0;0.0;1.4700585965413748;1.0;1.4700987709213325;1.0;1.0;1;0.045265097487296346;0
297604;2020;4;102.86;16.36;925.78;0.0;0.0;1.4021264994547438;1.0;1.4022295598436885;1.0;1.0;1;0.0767773010359617;0
297604;2020;5;102.86;16.36;925.78;0.0;0.0;1.3353238997793067;1.0;1.3354586500872725;1.0;1.0;1;0.07050844639829545;0
297604;2020;6;102.86;16.36;925.78;0.0;0.0;1.2479980587236108;1.0;1.2480856341673856;1.0;1.0;1;0.07803462209209988;0
297604;2020;7;102.86;16.36;925.78;0.0;0.0;1.0;1.0;1.0;1.0;1.0;1;0.2612021039259671;0
297604;2020;8;102.86;16.36;925.78;0.0;0.0;1.0;1.0;1.0;1.0;1.0;1;0.2612021039259671;0
297604;2020;9;102.86;16.36;925.78;0.0;0.0;1.0;1.0;1.0;1.0;1.0;1;0.2612021039259671;0
297604;2020;10;102.86;16.36;925.78;0.0;0.0;1.0;1.0;1.0;1.0;1.0;1;0.2612021039259671;0
297604;2020;11;102.86;16.36;925.78;0.0;0.0;1.0;1.0;1.0;1.0;1.0;1;0.2612021039259671;0
297604;2020;12;102.86;16.36;925.78;0.0;0.0;1.0;1.0;1.0;1.0;1.0;1;0.2612021039259671;0
297604;2021;1;102.86;71.36;925.78;0.0;0.0;1.0;1.0;1.0;1.0;1.0;1;0.2612021039259671;0
297604;2021;2;102.86;71.36;925.78;0.0;0.0;1.0;1.0;1.0;1.0;1.0;1;0.2612021039259671;0
297604;2021;3;102.86;71.36;925.78;0.0;0.0;1.0;1.0;1.0;1.0;1.0;1;0.2612021039259671;0
297604;2021;4;102.86;71.36;925.78;0.0;0.0;1.0;1.0;1.0;1.0;1.0;1;0.2612021039259671;0
297604;2021;5;102.86;71.36;925.78;0.0;0.0;1.0;1.0;1.0;1.0;1.0;1;0.2612021039259671;0
297604;2021;6;102.86;71.36;925.78;0.0;0.0;1.0;1.0;1.0;1.0;1.0;1;0.2612021039259671;0
297604;2021;7;102.86;71.36;925.78;0.0;0.0;1.6536977491961413;1.0;1.6538578344677277;1.0;1.0;1;0.02206806715392151;0
297604;2021;8;102.86;71.36;925.78;0.0;0.0;1.5582487501893652;1.0;1.5583160800552103;1.0;1.0;1;0.05882744027779241;0
297604;2021;9;102.86;71.36;925.78;0.0;0.0;1.4700585965413748;1.0;1.4700987709213325;1.0;1.0;1;0.045265097487296346;0
297604;2021;10;102.86;71.36;925.78;0.0;0.0;1.4021264994547438;1.0;1.4022295598436885;1.0;1.0;1;0.0767773010359617;0
297604;2021;11;102.86;71.36;925.78;0.0;0.0;1.3353238997793067;1.0;1.3354586500872725;1.0;1.0;1;0.07050844639829545;0
297604;2021;12;102.86;71.36;925.78;0.0;0.0;1.0;1.0;1.0;1.0;1.0;1;0.2612021039259671;0
297604;2022;1;108.39;128.12;975.49;0.0;0.0;1.0;1.0;1.0;1.0;1.0;1;0.2612021039259671;0
297604;2022;2;108.39;128.12;975.49;0.0;0.0;1.0;1.0;1.0;1.0;1.0;1;0.2612021039259671;0
297604;2022;3;108.39;128.12;975.49;0.0;0.0;1.0;1.0;1.0;1.0;1.0;1;0.2612021039259671;0
297604;2022;4;108.39;128.12;975.49;0.0;0.0;1.0;1.0;1.0;1.0;1.0;1;0.2612021039259671;0
297604;2022;5;113.91;72.88;1025.21;0.0;0.0;1.0;1.0;1.0;1.0;1.0;1;0.2612021039259671;0
297604;2022;6;113.91;72.88;1025.21;0.0;0.0;1.0;1.0;1.0;1.0;1.0;1;0.2612021039259671;0
297604;2022;7;113.91;72.88;1025.21;0.0;0.0;1.0;1.0;1.0;1.0;1.0;1;0.2612021039259671;0
297604;2022;8;113.91;72.88;1025.21;0.0;0.0;1.0;1.0;1.0;1.0;1.0;1;0.2612021039259671;0
297604;2022;9;113.91;72.88;1025.21;0.0;0.0;1.0;1.0;1.0;1.0;1.0;1;0.2612021039259671;0
297604;2022;10;113.91;72.88;1025.21;0.0;0.0;1.0;1.0;1.0;1.0;1.0;1;0.2612021039259671;0
297604;2022;11;113.91;72.88;1025.21;0.0;0.0;1.0;1.0;1.0;1.0;1.0;1;0.2612021039259671;0
297604;2022;12;113.91;72.88;1025.21;0.0;0.0;1.8313504823151123;1.0;1.8314843596477126;1.0;1.0;-1;-0.08899243138695201;1
297604;2023;1;113.91;162.88;1025.21;0.0;0.0;1.7256476291470988;1.0;1.7256812940800215;1.0;1.0;-1;-0.06342391365455036;1
297604;2023;2;113.91;162.88;1025.21;0.0;0.0;1.6279834214663427;1.0;1.6279893289293994;1.0;1.0;1;0.0002923265005493336;0
297604;2023;3;113.91;162.88;1025.21;0.0;0.0;1.5527535441657578;1.0;1.552830874556966;1.0;1.0;1;0.03922550361975752;0
297604;2023;4;113.91;162.88;1025.21;0.0;0.0;1.478774503440218;1.0;1.4788886805245012;1.0;1.0;1;0.07086749398433034;0
297604;2023;5;113.91;180.88;1025.21;0.0;0.0;1.0;1.0;1.0;1.0;1.0;1;0.2612021039259671;0
297604;2023;6;117.33;146.71;1055.96;0.0;0.0;1.0;1.0;1.0;1.0;1.0;1;0.2612021039259671;0
297604;2023;7;117.33;146.71;1055.96;0.0;0.0;1.0;1.0;1.0;1.0;1.0;1;0.2612021039259671;0
297604;2023;8;120.52;114.81;1084.67;0.0;0.0;1.0;1.0;1.0;1.0;1.0;1;0.2612021039259671;0
297604;2023;9;120.52;114.81;1084.67;0.0;0.0;1.0;1.0;1.0;1.0;1.0;1;0.2612021039259671;0
297604;2023;10;120.52;114.81;1084.67;0.0;0.0;1.0;1.0;1.0;1.0;1.0;1;0.2612021039259671;0
297604;2023;11;120.52;114.81;1084.67;0.0;0.0;1.0;1.0;1.0;1.0;1.0;1;0.2612021039259671;0
297604;2023;12;120.52;114.81;1084.67;0.0;0.0;1.0;1.0;1.0;1.0;1.0;1;0.2612021039259671;0
297604;2024;1;120.52;206.81;1084.67;0.0;0.0;1.0;1.0;1.0;1.0;1.0;1;0.2612021039259671;0
297604;2024;2;120.52;206.81;1084.67;0.0;0.0;1.0;1.0;1.0;1.0;1.0;1;0.2612021039259671;0
297604;2024;3;120.52;206.81;1084.67;0.0;0.0;1.0;1.0;1.0;1.0;1.0;1;0.2612021039259671;0
297604;2024;4;120.52;206.81;1084.67;0.0;0.0;1.0;1.0;1.0;1.0;1.0;1;0.2612021039259671;0
297604;2024;5;120.52;206.81;1084.67;0.0;0.0;1.9376205787781349;1.0;1.937706558050628;1.0;1.0;-1;-0.17455162940517632;1
297604;2024;6;120.52;206.81;1084.67;0.0;0.0;1.8257839721254354;1.0;1.8257671396589743;1.0;1.0;-1;-0.07522665340853896;1
297604;2024;7;127.29;139.08;1145.63;0.0;0.0;1.8192082320994714;1.0;1.819211102994887;1.0;1.0;-1;-0.08430836696869293;1
297604;2024;8;127.29;139.08;1145.63;0.0;0.0;1.7351417666303164;1.0;1.735224622095665;1.0;1.0;-1;-0.06421535766527797;1
297604;2024;9;127.29;139.08;1145.63;0.0;0.0;1.652473062443204;1.0;1.6525972620919465;1.0;1.0;1;0.0013723114553715332;0
