isn_vinculo,cod_cargo,num_ano,num_mes,94,97,101,140,204,302,303,316,317,1236,1367,1369
18427,V010,2008,2,0.0,0.0,0.0,0.0,0.0,0.0,0.0,0.12005909153665609,0.0,0.0,0.0,0.0
297006,V010,2008,7,0.0,0.0,0.0,0.0,0.0,0.5536760310818889,0.0,0.0,0.0,0.0,0.0,0.0
144752,V010,2008,8,0.0,0.0,0.0,0.0,0.0,0.0,0.0,0.10085268535137375,0.0,0.0,0.0,0.0
297612,V010,2008,6,0.0,0.0,0.0,0.0,0.0,0.1030831228428745,0.0,0.0,0.0,0.0,0.0,0.0
167298,V010,2008,7,0.0,0.0,0.0,0.0,0.0,0.0,0.0,0.11516112108242442,0.0,0.0,0.0,0.0
320503,V010,2008,2,0.0,0.0,0.0,0.0,0.0,0.0,0.0,0.11475907773022229,0.0,0.0,0.0,0.0
297006,V010,2008,5,0.0,0.0,0.0,0.0,0.0,0.5224572431213004,0.0,0.0,0.0,0.0,0.0,0.0
140996,V010,2008,10,0.0,0.0,0.0,0.0,0.0,0.0,0.0,0.14262156564959272,0.0,0.0,0.0,0.0
297006,V010,2008,1,0.0,0.0,0.0,0.0,0.0,0.5224572431213004,0.0,0.0,0.0,0.0,0.0,0.0
296991,V010,2008,10,0.0,0.0,0.0,0.0,0.0,0.34940323544723606,0.0,0.0,0.0,0.0,0.0,0.0
131980,V010,2008,10,0.0,0.0,0.0,0.0,0.0,0.0,0.0,0.11135993372911777,0.0,0.0,0.0,0.0
18427,V010,2008,8,0.0,0.0,0.0,0.0,0.0,0.0,0.0,0.1216843849233743,0.0,0.0,0.0,0.0
297083,V010,2008,11,0.0,0.0,0.0,0.0,0.0,0.5384108131037542,0.0,0.0,0.0,0.0,0.0,0.0
130706,V010,2008,1,0.0,0.0,0.0,0.0,0.0,0.0,0.0,0.24204997929034933,0.0,0.0,0.0,0.0
130706,V010,2008,6,0.0,0.0,0.0,0.0,0.0,0.0,0.0,0.24204997929034933,0.0,0.0,0.0,0.0
130920,V010,2008,11,0.0,0.0,0.0,0.0,0.0,0.0,0.0,0.11570785586083115,0.0,0.0,0.0,0.0
131980,V010,2008,2,0.0,0.0,0.0,0.0,0.0,0.0,0.0,0.11033052602512772,0.0,0.0,0.0,0.0
296991,V010,2008,11,0.0,0.0,0.0,0.0,0.0,0.34940323544723606,0.0,0.0,0.0,0.0,0.0,0.0
144751,V010,2008,1,0.0,0.0,0.0,0.0,0.0,0.0,0.0,0.10043020847715035,0.0,0.0,0.0,0.0
296906,V010,2008,12,0.0,0.0,0.0,0.0,0.0,0.0,0.0,0.12214496755488058,0.0,0.0,0.0,0.0
140996,V010,2008,3,0.0,0.0,0.0,0.0,0.0,0.0,0.0,0.13978682866215658,0.0,0.0,0.0,0.0
18427,V010,2008,11,0.0,0.0,0.0,0.0,0.0,0.0,0.0,0.1216843849233743,0.0,0.0,0.0,0.0
296991,V010,2008,2,0.0,0.0,0.0,0.0,0.0,0.32997898309006424,0.0,0.0,0.0,0.0,0.0,0.0
167298,V010,2008,11,0.0,0.0,0.0,0.0,0.0,0.0,0.0,0.11516112108242442,0.0,0.0,0.0,0.0
144750,V010,2008,8,0.0,0.0,0.0,0.0,0.0,0.0,0.0,0.10816236366146625,0.0,0.0,0.0,0.0
140996,V010,2008,6,0.0,0.0,0.0,0.0,0.0,0.0,0.0,0.13978682866215658,0.0,0.0,0.0,0.0
297083,V010,2008,4,0.0,0.0,0.0,0.0,0.0,0.5080712646780943,0.0,0.0,0.0,0.0,0.0,0.0
296991,V010,2008,7,0.0,0.0,0.0,0.0,0.0,0.34940323544723606,0.0,0.0,0.0,0.0,0.0,0.0
320503,V010,2008,8,0.0,0.0,0.0,0.0,0.0,0.0,0.0,0.11605964379400802,0.0,0.0,0.0,0.0
144751,V010,2008,4,0.0,0.0,0.0,0.0,0.0,0.0,0.0,0.10043020847715035,0.0,0.0,0.0,0.0
144752,V010,2008,6,0.0,0.0,0.0,0.0,0.0,0.0,0.0,0.10043020847715035,0.0,0.0,0.0,0.0
140985,V010,2008,11,0.0,0.0,0.0,0.0,0.0,0.0,0.0,0.3353345298909292,0.0,0.0,0.0,0.0
18427,V010,2008,9,0.0,0.0,0.0,0.0,0.0,0.0,0.0,0.1216843849233743,0.0,0.0,0.0,0.0
297083,V010,2008,9,0.0,0.0,0.0,0.0,0.0,0.5384108131037542,0.0,0.0,0.0,0.0,0.0,0.0
297083,V010,2008,12,0.0,0.0,0.0,0.0,0.0,0.5384108131037542,0.0,0.0,0.0,0.0,0.0,0.0
144752,V010,2008,5,0.0,0.0,0.0,0.0,0.0,0.0,0.0,0.10043020847715035,0.0,0.0,0.0,0.0
297083,V010,2008,6,0.0,0.0,0.0,0.0,0.0,0.5080712646780943,0.0,0.0,0.0,0.0,0.0,0.0
144752,V010,2008,2,0.0,0.0,0.0,0.0,0.0,0.0,0.0,0.10043020847715035,0.0,0.0,0.0,0.0
144751,V010,2008,11,0.0,0.0,0.0,0.0,0.0,0.0,0.0,0.10085268535137375,0.0,0.0,0.0,0.0
167298,V010,2008,3,0.0,0.0,0.0,0.0,0.0,0.0,0.0,0.11391246720971973,0.0,0.0,0.0,0.0
167244,V010,2008,12,0.0,0.0,0.0,0.0,0.0,0.0,0.0,0.2255501863868563,0.0,0.0,0.0,0.0
297612,V010,2008,12,0.0,0.0,0.0,0.0,0.0,0.1085957233480516,0.0,0.0,0.0,0.0,0.0,0.0
167298,V010,2008,2,0.0,0.0,0.0,0.0,0.0,0.0,0.0,0.11391246720971973,0.0,0.0,0.0,0.0
320503,V010,2008,10,0.0,0.0,0.0,0.0,0.0,0.0,0.0,0.11605964379400802,0.0,0.0,0.0,0.0
167298,V010,2008,1,0.0,0.0,0.0,0.0,0.0,0.0,0.0,0.11391246720971973,0.0,0.0,0.0,0.0
296906,V010,2008,10,0.0,0.0,0.0,0.0,0.0,0.0,0.0,0.12214496755488058,0.0,0.0,0.0,0.0
297612,V010,2009,11,0.0,0.0,0.0,0.0,0.0,0.11432234926633632,0.0,0.0,0.0,0.0,0.0,0.0
297006,V010,2009,8,0.0,0.0,0.0,0.0,0.0,0.5861095578736286,0.0,0.0,0.0,0.0,0.0,0.0
296906,V010,2009,11,0.0,0.0,0.0,0.0,0.0,0.0,0.0,0.12386138340466658,0.0,0.0,0.0,0.0
167298,V010,2009,1,0.0,0.0,0.0,0.0,0.0,0.0,0.0,0.11516112108242442,0.0,0.0,0.0,0.0
140985,V010,2009,2,0.0,0.0,0.0,0.0,0.0,0.0,0.0,0.3353345298909292,0.0,0.0,0.0,0.0
167198,V010,2009,9,0.0,0.0,0.0,0.0,0.0,0.0,0.0,0.1221709236504211,0.0,0.0,0.0,0.0
167298,V010,2009,8,0.0,0.0,0.0,0.0,0.0,0.0,0.0,0.11645837360209858,0.0,0.0,0.0,0.0
320503,V010,2009,11,0.0,0.0,0.0,0.0,0.0,0.0,0.0,0.117410465276819,0.0,0.0,0.0,0.0
11699,V010,2009,10,0.0,0.0,0.0,0.0,0.0,0.0,0.0,0.20396741681623637,0.0,0.0,0.0,0.0
144752,V010,2009,10,0.0,0.0,0.0,0.0,0.0,0.0,0.0,0.10129117768880298,0.0,0.0,0.0,0.0
14990,V010,2009,8,0.0,0.0,0.0,0.0,0.0,0.0,0.0,0.11828303189286207,0.12051780933253714,0.0,0.0,0.0
297083,V010,2009,6,0.0,0.0,0.0,0.0,0.0,0.5384108131037542,0.0,0.0,0.0,0.0,0.0,0.0
131686,V010,2009,6,0.0,0.0,0.0,0.0,0.0,0.0,0.0,0.13996907358829214,0.0,0.0,0.0,0.0
296991,V010,2009,11,0.0,0.0,0.0,0.0,0.0,0.36957946898559674,0.0,0.0,0.0,0.0,0.0,0.0
296906,V010,2009,9,0.0,0.0,0.0,0.0,0.0,0.0,0.0,0.12386138340466658,0.0,0.0,0.0,0.0
320503,V010,2009,4,0.0,0.0,0.0,0.0,0.0,0.0,0.0,0.11605964379400802,0.0,0.0,0.0,0.0
140996,V010,2009,11,0.0,0.0,0.0,0.0,0.0,0.0,0.0,0.14556620185006214,0.0,0.0,0.0,0.0
11699,V010,2009,7,0.0,0.0,0.0,0.0,0.0,0.0,0.0,0.20396741681623637,0.0,0.0,0.0,0.0
297006,V010,2009,2,0.0,0.0,0.0,0.0,0.0,0.5536760310818889,0.0,0.0,0.0,0.0,0.0,0.0
140985,V010,2009,3,0.0,0.0,0.0,0.0,0.0,0.0,0.0,0.3353345298909292,0.0,0.0,0.0,0.0
167198,V010,2009,12,0.0,0.0,0.0,0.0,0.0,0.0,0.0,0.1221709236504211,0.0,0.0,0.0,0.0
167224,V010,2009,6,0.0,0.0,0.0,0.0,0.0,0.0,0.0,0.12644042523816099,0.0,0.0,0.0,0.0
12198,V010,2009,8,0.0,0.0,0.0,0.0,0.0,0.0,0.0,0.1486986055501864,0.0,0.0,0.0,0.0
297006,V010,2009,6,0.0,0.0,0.0,0.0,0.0,0.5536760310818889,0.0,0.0,0.0,0.0,0.0,0.0
144752,V010,2009,7,0.0,0.0,0.0,0.0,0.0,0.0,0.0,0.10129117768880298,0.0,0.0,0.0,0.0
167224,V010,2009,10,0.0,0.0,0.0,0.0,0.0,0.0,0.0,0.12841419301394452,0.0,0.0,0.0,0.0
140996,V010,2009,10,0.0,0.0,0.0,0.0,0.0,0.0,0.0,0.14556620185006214,0.0,0.0,0.0,0.0
140985,V010,2009,4,0.0,0.0,0.0,0.0,0.0,0.0,0.0,0.3353345298909292,0.0,0.0,0.0,0.0
144750,V010,2009,10,0.0,0.0,0.0,0.0,0.0,0.0,0.0,0.10903934833632473,0.0,0.0,0.0,0.0
12198,V010,2009,4,0.0,0.0,0.0,0.0,0.0,0.0,0.0,0.14557669473974874,0.0,0.0,0.0,0.0
18427,V010,2009,2,0.0,0.0,0.0,0.0,0.0,0.0,0.0,0.1216843849233743,0.0,0.0,0.0,0.0
296906,V010,2009,10,0.0,0.0,0.0,0.0,0.0,0.0,0.0,0.12386138340466658,0.0,0.0,0.0,0.0
297083,V010,2009,11,0.0,0.0,0.0,0.0,0.0,0.5699246090661936,0.0,0.0,0.0,0.0,0.0,0.0
144752,V010,2009,5,0.0,0.0,0.0,0.0,0.0,0.0,0.0,0.10085268535137375,0.0,0.0,0.0,0.0
130920,V010,2009,3,0.0,0.0,0.0,0.0,0.0,0.0,0.0,0.11570785586083115,0.0,0.0,0.0,0.0
296906,V010,2009,2,0.0,0.0,0.0,0.0,0.0,0.0,0.0,0.12214496755488058,0.0,0.0,0.0,0.0
140996,V010,2009,5,0.0,0.0,0.0,0.0,0.0,0.0,0.0,0.14262156564959272,0.0,0.0,0.0,0.0
297612,V010,2009,1,0.0,0.0,0.0,0.0,0.0,0.1085957233480516,0.0,0.0,0.0,0.0,0.0,0.0
297006,V010,2009,1,0.0,0.0,0.0,0.0,0.0,0.5536760310818889,0.0,0.0,0.0,0.0,0.0,0.0
11699,V010,2009,11,0.0,0.0,0.0,0.0,0.0,0.0,0.0,0.20396741681623637,0.0,0.0,0.0,0.0
297612,V010,2009,12,0.0,0.0,0.0,0.0,0.0,0.11432234926633632,0.0,0.0,0.0,0.0,0.0,0.0
131686,V010,2009,5,0.0,0.0,0.0,0.0,0.0,0.0,0.0,0.13996907358829214,0.0,0.0,0.0,0.0
147878,V010,2009,1,0.0,0.0,0.0,0.0,0.0,0.0,0.0,0.12190197432003314,0.0,0.0,0.0,0.0
140996,V010,2009,7,0.0,0.0,0.0,0.0,0.0,0.0,0.0,0.14556620185006214,0.0,0.0,0.0,0.0
14990,V010,2009,9,0.0,0.0,0.0,0.0,0.0,0.0,0.0,0.11828303189286207,0.0,0.0,0.0,0.0
167244,V010,2009,7,0.0,0.0,0.0,0.0,0.0,0.0,0.0,0.23347066132817895,0.0,0.0,0.0,0.0
297271,V010,2009,10,0.0,0.0,0.0,0.0,0.0,0.0,0.0,0.1419456026508353,0.0,0.0,0.0,0.0
12198,V010,2009,7,0.0,0.0,0.0,0.0,0.0,0.0,0.0,0.1486986055501864,0.0,0.0,0.0,0.0
144750,V010,2009,6,0.0,0.0,0.0,0.0,0.0,0.0,0.0,0.10816236366146625,0.0,0.0,0.0,0.0
167224,V010,2009,1,0.0,0.0,0.0,0.0,0.0,0.0,0.0,0.12644042523816099,0.0,0.0,0.0,0.0
297612,V010,2009,9,0.0,0.0,0.0,0.0,0.0,0.11432234926633632,0.0,0.0,0.0,0.0,0.0,0.0
167298,V010,2009,3,0.0,0.0,0.0,0.0,0.0,0.0,0.0,0.11516112108242442,0.0,0.0,0.0,0.0
144752,V010,2009,9,0.0,0.0,0.0,0.0,0.0,0.0,0.0,0.10129117768880298,0.0,0.0,0.0,0.0
14990,V010,2010,7,0.0,0.0,0.0,0.0,0.0,0.0,0.0,0.11948032583183765,0.0,0.0,0.0,0.0
167224,V010,2010,12,0.0,0.0,0.0,0.0,0.0,0.0,0.0,0.13010189148143037,0.0,0.0,0.0,0.0
144752,V010,2010,6,0.0,0.0,0.0,0.0,0.0,0.0,0.0,0.10129117768880298,0.0,0.0,0.0,0.0
167298,V010,2010,1,0.0,0.0,0.0,0.0,0.0,0.0,0.0,0.11645837360209858,0.0,0.0,0.0,0.0
296991,V010,2010,11,0.0,0.0,0.0,0.0,0.0,0.3868287603879452,0.0,0.0,0.0,0.0,0.0,0.0
167298,V010,2010,11,0.0,0.0,0.0,0.0,0.0,0.0,0.0,0.11756730636476599,0.0,0.0,0.0,0.0
297006,V010,2010,12,0.0,0.0,0.0,0.0,0.0,0.6138403100476255,0.0,0.0,0.0,0.0,0.0,0.0
131686,V010,2010,9,0.0,0.0,0.0,0.0,0.0,0.0,0.0,0.1451365456302637,0.0,0.0,0.0,0.0
173124,V010,2010,8,0.0,0.0,0.0,0.0,0.0,0.0,0.0,0.12493718072621843,0.0,0.0,0.0,0.0
297612,V010,2010,2,0.0,0.0,0.0,0.0,0.0,0.11432234926633632,0.0,0.0,0.0,0.0,0.0,0.0
296906,V010,2010,10,0.0,0.0,0.0,0.0,0.0,0.0,0.0,0.12532873118873394,0.0,0.0,0.0,0.0
320503,V010,2010,11,0.0,0.0,0.0,0.0,0.0,0.0,0.0,0.1185657876570482,0.0,0.0,0.0,0.0
297271,V010,2010,6,0.0,0.0,0.0,0.0,0.0,0.0,0.0,0.1419456026508353,0.0,0.0,0.0,0.0
144752,V010,2010,9,0.0,0.0,0.0,0.0,0.0,0.0,0.0,0.10166616043076074,0.0,0.0,0.0,0.0
174067,V010,2010,12,0.0,0.0,0.0,0.0,0.0,0.0,0.0,0.10521386165953335,0.1130795595458519,0.0,0.0,0.0
296991,V010,2010,9,0.0,0.0,0.0,0.0,0.0,0.3868287603879452,0.0,0.0,0.0,0.0,0.0,0.0
297271,V010,2010,5,0.0,0.0,0.0,0.0,0.0,0.0,0.0,0.1419456026508353,0.0,0.0,0.0,0.0
173079,V010,2010,8,0.0,0.0,0.0,0.0,0.0,0.0,0.0,0.12493718072621843,0.0,0.0,0.0,0.0
167198,V010,2010,7,0.0,0.0,0.0,0.0,0.0,0.0,0.0,0.12355653734640343,0.0,0.0,0.0,0.0
144750,V010,2010,11,0.0,0.0,0.0,0.0,0.0,0.0,0.0,0.10978931382024024,0.0,0.0,0.0,0.0
297083,V010,2010,12,0.0,0.0,0.0,0.0,0.0,0.5968744577058791,0.0,0.0,0.0,0.0,0.0,0.0
320503,V010,2010,9,0.0,0.0,0.0,0.0,0.0,0.0,0.0,0.1185657876570482,0.0,0.0,0.0,0.0
131686,V010,2010,10,0.0,0.0,0.0,0.0,0.0,0.0,0.0,0.1451365456302637,0.0,0.0,0.0,0.0
131686,V010,2010,6,0.0,0.0,0.0,0.0,0.0,0.0,0.0,0.14275465967140688,0.0,0.0,0.0,0.0
296906,V010,2010,12,0.0,0.0,0.0,0.0,0.0,0.0,0.0,0.12532873118873394,0.0,0.0,0.0,0.0
11699,V010,2010,10,0.0,0.0,0.0,0.0,0.0,0.0,0.0,0.2093121634681762,0.0,0.0,0.0,0.0
12901,V010,2010,11,0.0,0.0,0.0,0.0,0.0,0.0,0.0,0.11607400248515809,0.19643499747158308,0.0,0.0,0.0
297006,V010,2010,2,0.0,0.0,0.0,0.0,0.0,0.5861095578736286,0.0,0.0,0.0,0.0,0.0,0.0
167224,V010,2010,5,0.0,0.0,0.0,0.0,0.0,0.0,0.0,0.12841419301394452,0.0,0.0,0.0,0.0
14990,V010,2010,1,0.0,0.0,0.0,0.0,0.0,0.0,0.0,0.11828303189286207,0.0,0.0,0.0,0.0
167224,V010,2010,9,0.0,0.0,0.0,0.0,0.0,0.0,0.0,0.13010189148143037,0.0,0.0,0.0,0.0
144751,V010,2010,7,0.0,0.0,0.0,0.0,0.0,0.0,0.0,0.10166616043076074,0.0,0.0,0.0,0.0
173079,V010,2010,6,0.0,0.0,0.0,0.0,0.0,0.0,0.0,0.12348805743476461,0.0,0.0,0.0,0.0
297271,V010,2010,3,0.0,0.0,0.0,0.0,0.0,0.0,0.0,0.1419456026508353,0.0,0.0,0.0,0.0
297612,V010,2010,7,0.0,0.0,0.0,0.0,0.0,0.11922179588531323,0.0,0.0,0.0,0.0,0.0,0.0
11699,V010,2010,7,0.0,0.0,0.0,0.0,0.0,0.0,0.0,0.2093121634681762,0.0,0.0,0.0,0.0
167245,V010,2010,4,0.0,0.0,0.0,0.0,0.0,0.0,0.0,0.3100786966726495,0.0,0.0,0.0,0.0
144751,V010,2010,6,0.0,0.0,0.0,0.0,0.0,0.0,0.0,0.10129117768880298,0.0,0.0,0.0,0.0
167245,V010,2010,3,0.0,0.0,0.0,0.0,0.0,0.0,0.0,0.3100786966726495,0.0,0.0,0.0,0.0
167245,V010,2010,2,0.0,0.0,0.0,0.0,0.0,0.0,0.0,0.3100786966726495,0.0,0.0,0.0,0.0
14990,V010,2010,2,0.0,0.0,0.0,0.0,0.0,0.0,0.0,0.11828303189286207,0.0,0.0,0.0,0.0
167245,V010,2010,9,0.0,0.0,0.0,0.0,0.0,0.0,0.0,0.3205588844401491,0.0,0.0,0.0,0.0
297272,V010,2010,11,0.0,0.0,0.0,0.0,0.0,0.0,0.0,0.14428827833770538,0.0,0.0,0.0,0.0
12198,V010,2010,8,0.0,0.0,0.0,0.0,0.0,0.0,0.0,0.15136821758939667,0.0,0.0,0.0,0.0
144752,V010,2010,4,0.0,0.0,0.0,0.0,0.0,0.0,0.0,0.10129117768880298,0.0,0.0,0.0,0.0
297083,V010,2010,7,0.0,0.0,0.0,0.0,0.0,0.5968744577058791,0.0,0.0,0.0,0.0,0.0,0.0
147878,V010,2010,5,0.0,0.0,0.0,0.0,0.0,0.0,0.0,0.12360347922131715,0.0,0.0,0.0,0.0
297006,V010,2010,11,0.0,0.0,0.0,0.0,0.0,0.6138403100476255,0.0,0.0,0.0,0.0,0.0,0.0
147878,V010,2010,8,0.0,0.0,0.0,0.0,0.0,0.0,0.0,0.12505867734364215,0.0,0.0,0.0,0.0
296906,V010,2010,7,0.0,0.0,0.0,0.0,0.0,0.0,0.0,0.12532873118873394,0.0,0.0,0.0,0.0
12198,V010,2010,4,0.0,0.0,0.0,0.0,0.0,0.0,0.0,0.1486986055501864,0.0,0.0,0.0,0.0
173124,V010,2010,2,0.0,0.0,0.0,0.0,0.0,0.0,0.0,0.12348805743476461,0.0,0.0,0.0,0.0
297271,V010,2010,11,0.0,0.0,0.0,0.0,0.0,0.0,0.0,0.14428827833770538,0.0,0.0,0.0,0.0
297612,V010,2010,5,0.0,0.0,0.0,0.0,0.0,0.11432234926633632,0.0,0.0,0.0,0.0,0.0,0.0
80205,V010,2011,6,0.0,0.0,0.0,0.0,0.0,0.0,0.0,0.12800552257351927,0.0,0.0,0.0,0.0
11699,V010,2011,7,0.0,0.0,0.0,0.0,0.0,0.0,0.0,0.21510092503106448,0.0,0.0,0.0,0.0
320503,V010,2011,3,0.0,0.0,0.0,0.0,0.0,0.0,0.0,0.11981720281651251,0.0,0.0,0.0,0.0
297612,V010,2011,4,0.0,0.0,0.0,0.0,0.0,0.12452615544800726,0.0,0.0,0.0,0.0,0.0,0.0
331385,V010,2011,8,0.0,0.0,0.0,0.0,0.0,0.0,0.0,0.23681181830733128,0.28548995754611584,0.0,0.0,0.0
297083,V010,2011,10,0.0,0.0,0.0,0.0,0.0,0.6260628964772574,0.0,0.0,0.0,0.0,0.0,0.0
297272,V010,2011,10,0.0,0.0,0.0,0.0,0.0,0.0,0.0,0.14682534861245342,0.0,0.0,0.0,0.0
320503,V010,2011,1,0.0,0.0,0.0,0.0,0.0,0.0,0.0,0.11981720281651251,0.0,0.0,0.0,0.0
11699,V010,2011,10,0.0,0.0,0.0,0.0,0.0,0.0,0.0,0.21510092503106448,0.0,0.0,0.0,0.0
174184,V010,2011,8,0.0,0.0,0.0,0.0,0.0,0.0,0.0,0.16198591743752588,0.0,0.0,0.0,0.0
173079,V010,2011,1,0.0,0.0,0.0,0.0,0.0,0.0,0.0,0.12650669612039211,0.0,0.0,0.0,0.0
297612,V010,2011,3,0.0,0.0,0.0,0.0,0.0,0.12452615544800726,0.0,0.0,0.0,0.0,0.0,0.0
320503,V010,2011,6,0.0,0.0,0.0,0.0,0.0,0.0,0.0,0.11981720281651251,0.0,0.0,0.0,0.0
297612,V010,2011,5,0.0,0.0,0.0,0.0,0.0,0.12452615544800726,0.0,0.0,0.0,0.0,0.0,0.0
173997,V010,2011,8,0.0,0.0,0.0,0.0,0.0,0.0,0.0,0.13690570205715866,0.0,0.0,0.0,0.0
296991,V010,2011,5,0.0,0.0,0.0,0.0,0.0,0.4055126005051772,0.0,0.0,0.0,0.0,0.0,0.0
297271,V010,2011,11,0.0,0.0,0.0,0.0,0.0,0.0,0.0,0.14682534861245342,0.0,0.0,0.0,0.0
12901,V010,2011,4,0.0,0.0,0.0,0.0,0.0,0.0,0.0,0.11720060748308712,0.0,0.0,0.0,0.0
173124,V010,2011,10,0.0,0.0,0.0,0.0,0.0,0.0,0.0,0.12650669612039211,0.0,0.0,0.0,0.0
190573,V010,2011,12,0.0,0.0,0.0,0.0,0.0,0.0,0.0,0.12500842192461686,0.0,0.0,0.0,0.0
144751,V010,2011,1,0.0,0.0,0.0,0.0,0.0,0.0,0.0,0.10207262184177827,0.0,0.0,0.0,0.0
80205,V010,2011,1,0.0,0.0,0.0,0.0,0.0,0.0,0.0,0.12800552257351927,0.1,0.0,0.0,0.0
174181,V010,2011,10,0.0,0.0,0.0,0.0,0.0,0.0,0.0,0.16198702195222975,0.0,0.0,0.0,0.0
80205,V010,2011,12,0.0,0.0,0.0,0.0,0.0,0.0,0.0,0.12800552257351927,0.0,0.0,0.0,0.0
297271,V010,2011,8,0.0,0.0,0.0,0.0,0.0,0.0,0.0,0.14682534861245342,0.0,0.0,0.0,0.0
297083,V010,2011,7,0.0,0.0,0.0,0.0,0.0,0.6260628964772574,0.0,0.0,0.0,0.0,0.0,0.0
11699,V010,2011,11,0.0,0.0,0.0,0.0,0.0,0.0,0.0,0.21510092503106448,0.0,0.0,0.0,0.0
173854,V010,2011,11,0.0,0.0,0.0,0.0,0.0,0.0,0.0,0.13273781582217314,0.0,0.0,0.0,0.0
174067,V010,2011,7,0.0,0.0,0.0,0.0,0.0,0.0,0.0,0.10579759768051913,0.0,0.0,0.0,0.0
297006,V010,2011,3,0.0,0.0,0.0,0.0,0.0,0.6438732815301855,0.0,0.0,0.0,0.0,0.0,0.0
174184,V010,2011,6,0.0,0.0,0.0,0.0,0.0,0.0,0.0,0.16198591743752588,0.18982289321456525,0.0,0.0,0.0
297612,V010,2011,11,0.0,0.0,0.0,0.0,0.0,0.12452615544800726,0.0,0.0,0.0,0.0,0.0,0.0
80205,V010,2011,7,0.0,0.0,0.0,0.0,0.1,0.0,0.0,0.12800552257351927,0.0,0.0,0.0,0.0
173124,V010,2011,4,0.0,0.0,0.0,0.0,0.0,0.0,0.0,0.12650669612039211,0.0,0.0,0.0,0.0
14990,V010,2011,1,0.0,0.0,0.0,0.0,0.0,0.0,0.0,0.12077702609415988,0.0,0.0,0.0,0.0
190573,V010,2011,11,0.0,0.0,0.0,0.0,0.0,0.0,0.0,0.12500842192461686,0.0,0.0,0.0,0.0
174067,V010,2011,10,0.0,0.0,0.0,0.0,0.0,0.0,0.0,0.10579759768051913,0.0,0.0,0.0,0.0
297272,V010,2011,7,0.0,0.0,0.0,0.0,0.0,0.0,0.0,0.14682534861245342,0.0,0.0,0.0,0.0
296906,V010,2011,10,0.0,0.0,0.0,0.0,0.0,0.0,0.0,0.12691812784757697,0.0,0.0,0.0,0.0
331385,V010,2011,10,0.0,0.0,0.0,0.0,0.0,0.0,0.0,0.23681181830733128,0.0,0.0,0.0,0.0
173997,V010,2011,1,0.0,0.0,0.0,0.0,0.0,0.0,0.0,0.13690570205715866,0.0,0.0,0.0,0.0
174184,V010,2011,12,0.0,0.0,0.0,0.0,0.0,0.0,0.0,0.16198591743752588,0.0,0.0,0.0,0.0
174184,V010,2011,7,0.0,0.0,0.0,0.0,0.0,0.0,0.0,0.16198591743752588,0.0,0.0,0.0,0.0
12901,V010,2011,5,0.0,0.0,0.0,0.0,0.0,0.0,0.0,0.11720060748308712,0.0,0.0,0.0,0.0
297272,V010,2011,6,0.0,0.0,0.0,0.0,0.0,0.0,0.0,0.14682534861245342,0.0,0.0,0.0,0.0
173124,V010,2011,11,0.0,0.0,0.0,0.0,0.0,0.0,0.0,0.12650669612039211,0.0,0.0,0.0,0.0
320503,V010,2011,8,0.0,0.0,0.0,0.0,0.0,0.0,0.0,0.11981720281651251,0.0,0.0,0.0,0.0
167224,V010,2011,2,0.0,0.0,0.0,0.0,0.0,0.0,0.0,0.1319298633163054,0.0,0.0,0.0,0.0
297271,V010,2011,3,0.0,0.0,0.0,0.0,0.0,0.0,0.0,0.14682534861245342,0.0,0.0,0.0,0.0
297272,V010,2012,3,0.0,0.0,0.0,0.0,0.0,0.0,0.0,0.1505552947673616,0.0,0.0,0.0,0.0
173124,V010,2012,9,0.0,0.0,0.0,0.0,0.0,0.0,0.0,0.12881402733673894,0.0,0.0,0.0,0.0
297612,V010,2012,8,0.0,0.0,0.0,0.0,0.0,0.13232362184987373,0.0,0.0,0.0,0.0,0.0,0.0
296991,V010,2012,6,0.0,0.0,0.0,0.0,0.0,0.43297726703044565,0.0,0.0,0.0,0.0,0.0,0.0
173854,V010,2012,7,0.0,0.0,0.0,0.0,0.0,0.0,0.0,0.1354814303465415,0.0,0.0,0.0,0.0
331342,V010,2012,2,0.0,0.0,0.0,0.0,0.0,0.0,0.0,0.11932735054535415,0.0,0.0,0.0,0.0
172902,V010,2012,6,0.0,0.0,0.0,0.0,0.0,0.0,0.0,0.14805412122048878,0.0,0.0,0.0,0.0
173854,V010,2012,8,0.0,0.0,0.0,0.0,0.0,0.0,0.0,0.1354814303465415,0.0,0.0,0.0,0.0
190573,V010,2012,10,0.0,0.0,0.0,0.0,0.0,0.0,0.0,0.12721082424409774,0.0,0.0,0.0,0.0
320503,V010,2012,5,0.0,0.0,0.0,0.0,0.0,0.0,0.0,0.12165621979842607,0.0,0.0,0.0,0.0
174067,V010,2012,9,0.0,0.0,0.0,0.0,0.0,0.0,0.0,0.1066552533480602,0.0,0.0,0.0,0.0
296941,V010,2012,4,0.0,0.0,0.0,0.0,0.0,0.0,0.0,0.12379676929449124,0.0,0.0,0.0,0.0
331385,V010,2012,9,0.0,0.0,0.0,0.0,0.0,0.0,0.0,0.24684081181830736,0.0,0.0,0.0,0.0
320535,V010,2012,9,0.0,0.0,0.0,0.0,0.0,0.0,0.0,0.24521827971834875,0.0,0.0,0.0,0.0
174283,V010,2012,5,0.0,0.0,0.0,0.0,0.0,0.0,0.0,0.18062736435178794,0.0,0.0,0.0,0.0
331342,V010,2012,3,0.0,0.0,0.0,0.0,0.0,0.0,0.0,0.11932735054535415,0.0,0.0,0.0,0.0
320542,V010,2012,6,0.0,0.0,0.0,0.0,0.0,0.0,0.0,0.185798702195223,0.0,0.0,0.0,0.0
218864,V010,2012,6,0.0,0.0,0.0,0.0,0.0,0.0,0.0,0.1485307193152009,0.0,0.0,0.0,0.0
331342,V010,2012,9,0.0,0.0,0.0,0.0,0.0,0.0,0.0,0.11932735054535415,0.0,0.0,0.0,0.0
320503,V010,2012,10,0.0,0.0,0.0,0.0,0.0,0.0,0.0,0.12165621979842607,0.0,0.0,0.0,0.0
174283,V010,2012,12,0.0,0.0,0.0,0.0,0.0,0.0,0.0,0.18062736435178794,0.0,0.0,0.0,0.0
297271,V010,2012,7,0.0,0.0,0.0,0.0,0.0,0.0,0.0,0.1505552947673616,0.0,0.0,0.0,0.0
297334,V010,2012,3,0.0,0.0,0.0,0.0,0.0,0.0,0.0,0.32530222283584154,0.0,0.0,0.0,0.0
173079,V010,2012,12,0.0,0.0,0.0,0.0,0.0,0.0,0.0,0.12881402733673894,0.0,0.0,0.0,0.0
296906,V010,2012,7,0.0,0.0,0.0,0.0,0.0,0.0,0.0,0.12925472870357588,0.0,0.0,0.0,0.0
297334,V010,2012,9,0.0,0.0,0.0,0.0,0.0,0.0,0.0,0.32530222283584154,0.0,0.0,0.0,0.0
305902,V010,2012,7,0.0,0.0,0.0,0.0,0.0,0.0,0.0,0.12085931243959686,0.0,0.0,0.0,0.0
320542,V010,2012,9,0.0,0.0,0.0,0.0,0.0,0.0,0.0,0.16466105205025544,0.0,0.0,0.0,0.0
173079,V010,2012,4,0.0,0.0,0.0,0.0,0.0,0.0,0.0,0.12881402733673894,0.0,0.0,0.0,0.0
173997,V010,2012,12,0.0,0.0,0.0,0.0,0.0,0.0,0.0,0.13994090846334392,0.0,0.0,0.0,0.0
297083,V010,2012,10,0.0,0.0,0.0,0.0,0.0,0.6689663150993965,0.0,0.0,0.0,0.0,0.0,0.0
80205,V010,2012,5,0.0,0.0,0.0,0.0,0.0,0.0,0.0,0.13041778268673204,0.0,0.0,0.0,0.0
331342,V010,2012,12,0.0,0.0,0.0,0.0,0.0,0.0,0.0,0.11932735054535415,0.0,0.0,0.0,0.0
218864,V010,2012,8,0.0,0.0,0.0,0.0,0.0,0.0,0.0,0.1485307193152009,0.0,0.0,0.0,0.0
190573,V010,2012,9,0.0,0.0,0.0,0.0,0.0,0.0,0.0,0.12721082424409774,0.0,0.0,0.0,0.0
173124,V010,2012,6,0.0,0.0,0.0,0.0,0.0,0.0,0.0,0.12881402733673894,0.0,0.0,0.0,0.0
173079,V010,2012,1,0.0,0.0,0.0,0.0,0.0,0.0,0.0,0.12881402733673894,0.0,0.0,0.0,0.0
297006,V010,2012,6,0.0,0.0,0.0,0.0,0.0,0.688026145807223,0.0,0.0,0.0,0.0,0.0,0.0
174181,V010,2012,4,0.0,0.0,0.0,0.0,0.0,0.0,0.0,0.16677840673753971,0.0,0.0,0.0,0.0
174068,V010,2012,12,0.0,0.0,0.0,0.0,0.0,0.0,0.0,0.10665249206130058,0.0,0.0,0.0,0.0
296991,V010,2012,1,0.0,0.0,0.0,0.0,0.0,0.43297726703044565,0.0,0.0,0.0,0.0,0.0,0.0
173079,V010,2012,9,0.0,0.0,0.0,0.0,0.0,0.0,0.0,0.12881402733673894,0.0,0.0,0.0,0.0
320535,V010,2012,2,0.0,0.0,0.0,0.0,0.0,0.0,0.0,0.24521827971834875,1.0,0.0,0.0,0.0
312126,V010,2012,9,0.0,0.0,0.0,0.0,0.0,0.0,0.0,0.3520176722352617,0.0,0.0,0.0,0.0
331385,V010,2012,4,0.0,0.0,0.0,0.0,0.0,0.0,0.0,0.24684081181830736,0.0,0.0,0.0,0.0
296941,V010,2012,8,0.0,0.0,0.0,0.0,0.0,0.0,0.0,0.12379676929449124,0.0,0.0,0.0,0.0
173854,V010,2012,6,0.0,0.0,0.0,0.0,0.0,0.0,0.0,0.1354814303465415,0.0,0.0,0.0,0.0
80205,V010,2012,1,0.0,0.0,0.0,0.0,0.0,0.0,0.0,0.13041778268673204,0.0,0.0,0.0,0.0
173124,V010,2012,12,0.0,0.0,0.0,0.0,0.0,0.0,0.0,0.12881402733673894,0.0,0.0,0.0,0.0
297271,V010,2012,11,0.0,0.0,0.0,0.0,0.0,0.0,0.0,0.1505552947673616,0.0,0.0,0.0,0.0
331342,V010,2012,4,0.0,0.0,0.0,0.0,0.0,0.0,0.0,0.11932735054535415,0.0,0.0,0.0,0.0
297272,V010,2012,9,0.0,0.0,0.0,0.0,0.0,0.0,0.0,0.1505552947673616,0.0,0.0,0.0,0.0
297334,V010,2012,4,0.0,0.0,0.0,0.0,0.0,0.0,0.0,0.32530222283584154,0.0,0.0,0.0,0.0
174067,V010,2012,5,0.0,0.0,0.0,0.0,0.0,0.0,0.0,0.1066552533480602,0.0,0.0,0.0,0.0
329685,V010,2012,10,0.0,0.0,0.0,0.0,0.0,0.0,0.0,0.32507303603479226,0.0,0.0,0.0,0.0
331385,V010,2012,2,0.0,0.0,0.0,0.0,0.0,0.0,0.0,0.24684081181830736,0.0,0.0,0.0,0.0
14091,V010,2012,5,0.0,0.0,0.0,0.0,0.0,0.0,0.0,0.20602733673892035,0.0,0.0,0.0,0.0
297083,V010,2012,11,0.0,0.0,0.0,0.0,0.0,0.6689663150993965,0.0,0.0,0.0,0.0,0.0,0.0
174067,V010,2012,3,0.0,0.0,0.0,0.0,0.0,0.0,0.0,0.1066552533480602,0.0,0.0,0.0,0.0
297334,V010,2012,10,0.0,0.0,0.0,0.0,0.0,0.0,0.0,0.32530222283584154,0.0,0.0,0.0,0.0
173997,V010,2012,2,0.0,0.0,0.0,0.0,0.0,0.0,0.0,0.13994090846334392,0.0,0.0,0.0,0.0
173709,V010,2012,9,0.0,0.0,0.0,0.0,0.0,0.0,0.0,0.13362418887201438,0.13685197066252364,0.0,0.0,0.0
297083,V010,2012,8,0.0,0.0,0.0,0.0,0.0,0.6689663150993965,0.0,0.0,0.0,0.0,0.0,0.0
174067,V010,2012,4,0.0,0.0,0.0,0.0,0.0,0.0,0.0,0.1066552533480602,0.0,0.0,0.0,0.0
173997,V010,2012,11,0.0,0.0,0.0,0.0,0.0,0.0,0.0,0.13994090846334392,0.0,0.0,0.0,0.0
174067,V010,2012,11,0.0,0.0,0.0,0.0,0.0,0.0,0.0,0.1066552533480602,0.0,0.0,0.0,0.0
331385,V010,2012,1,0.0,0.0,0.0,0.0,0.0,0.0,0.0,0.24684081181830736,0.0,0.0,0.0,0.0
297006,V010,2012,8,0.0,0.0,0.0,0.0,0.0,0.688026145807223,0.0,0.0,0.0,0.0,0.0,0.0
297334,V010,2012,8,0.0,0.0,0.0,0.0,0.0,0.0,0.0,0.32530222283584154,0.0,0.0,0.0,0.0
174181,V010,2012,3,0.0,0.0,0.0,0.0,0.0,0.0,0.0,0.16677840673753971,0.0,0.0,0.0,0.0
297612,V010,2012,7,0.0,0.0,0.0,0.0,0.0,0.13232362184987373,0.0,0.0,0.0,0.0,0.0,0.0
297612,V010,2007,4,0.0,0.0,0.0,0.0,0.0,0.1,0.0,0.0,0.0,0.0,0.0,0.0
18687,V010,2007,9,0.0,0.0,0.0,0.0,0.0,0.0,0.0,0.13547811680242994,0.0,0.0,0.0,0.0
167223,V010,2007,5,0.0,0.0,0.0,0.0,0.0,0.0,0.0,0.10601463481982604,0.0,0.0,0.0,0.0
130920,V010,2007,7,0.0,0.0,0.0,0.0,0.0,0.0,0.0,0.1144277233190667,0.0,0.0,0.0,0.0
167426,V010,2007,6,0.0,0.0,0.0,0.0,0.0,0.0,0.0,0.27947756454507805,0.0,0.0,0.0,0.0
296991,V010,2007,9,0.0,0.0,0.0,0.0,0.0,0.32997898309006424,0.0,0.0,0.0,0.0,0.0,0.0
18687,V010,2007,8,0.0,0.0,0.0,0.0,0.0,0.0,0.0,0.13547811680242994,0.0,0.0,0.0,0.0
17170,V010,2007,3,0.0,0.0,0.0,0.0,0.0,0.0,0.0,0.13440618528234158,0.0,0.0,0.0,0.0
167426,V010,2007,5,0.0,0.0,0.0,0.0,0.0,0.0,0.0,0.27947756454507805,0.0,0.0,0.0,0.0
167298,V010,2007,10,0.0,0.0,0.0,0.0,0.0,0.0,0.0,0.11391246720971973,0.0,0.0,0.0,0.0
296906,V010,2007,6,0.0,0.0,0.0,0.0,0.0,0.0,0.0,0.1195686870081458,0.0,0.0,0.0,0.0
140998,V010,2007,4,0.0,0.0,0.0,0.0,0.0,0.0,0.0,0.20072953196189425,0.0,0.0,0.0,0.0
140996,V010,2007,10,0.0,0.0,0.0,0.0,0.0,0.0,0.0,0.13978682866215658,0.0,0.0,0.0,0.0
18687,V010,2007,5,0.0,0.0,0.0,0.0,0.0,0.0,0.0,0.13404059091536658,0.0,0.0,0.0,0.0
18427,V010,2007,8,0.0,0.0,0.0,0.0,0.0,0.0,0.0,0.12005909153665609,0.0,0.0,0.0,0.0
14097,V010,2007,12,0.0,0.0,0.0,0.0,0.0,0.0,0.0,0.1965947811680243,0.0,0.0,0.0,0.0
167426,V010,2007,3,0.0,0.0,0.0,0.0,0.0,0.0,0.0,0.27947756454507805,0.0,0.0,0.0,0.0
130920,V010,2007,3,0.0,0.0,0.0,0.0,0.0,0.0,0.0,0.11371144553361867,0.0,0.0,0.0,0.0
17695,V010,2007,10,0.0,0.0,0.0,0.0,0.0,0.0,0.0,0.14387077177964933,0.0,0.0,0.0,0.0
297083,V010,2007,5,0.0,0.0,0.0,0.0,0.0,0.49110541233634775,0.0,0.0,0.0,0.0,0.0,0.0
167224,V010,2007,5,0.0,0.0,0.0,0.0,0.0,0.0,0.0,0.11150352064061854,0.0,0.0,0.0,0.0
18687,V010,2007,12,0.0,0.0,0.0,0.0,0.0,0.0,0.0,0.13547811680242994,0.0,0.0,0.0,0.0
297006,V010,2007,8,0.0,0.0,0.0,0.0,0.0,0.5224572431213004,0.0,0.0,0.0,0.0,0.0,0.0
18427,V010,2007,6,0.0,0.0,0.0,0.0,0.0,0.0,0.0,0.1191500759353859,0.0,0.0,0.0,0.0
130706,V010,2007,12,0.0,0.0,0.0,0.0,0.0,0.0,0.0,0.24204997929034933,0.0,0.0,0.0,0.0
130920,V010,2007,12,0.0,0.0,0.0,0.0,0.0,0.0,0.0,0.1144277233190667,0.0,0.0,0.0,0.0
297006,V010,2007,5,0.0,0.0,0.0,0.0,0.0,0.5049939263058443,0.0,0.0,0.0,0.0,0.0,0.0
17695,V010,2007,5,0.0,0.0,0.0,0.0,0.0,0.0,0.0,0.1421455198122325,0.0,0.0,0.0,0.0
17170,V010,2007,4,0.0,0.0,0.0,0.0,0.0,0.0,0.0,0.11533618666298495,0.0,0.0,0.0,0.0
297006,V010,2007,3,0.0,0.0,0.0,0.0,0.0,0.5049939263058443,0.0,0.0,0.0,0.0,0.0,0.0
18427,V010,2007,7,0.0,0.0,0.0,0.0,0.0,0.0,0.0,0.12005909153665609,0.0,0.0,0.0,0.0
17695,V010,2007,4,0.0,0.0,0.0,0.0,0.0,0.0,0.0,0.1421455198122325,0.0,0.0,0.0,0.0
14184,V010,2007,5,0.0,0.0,0.0,0.0,0.0,0.0,0.0,0.16432196603617288,0.0,0.0,0.0,0.0
296991,V010,2007,11,0.0,0.0,0.0,0.0,0.0,0.32997898309006424,0.0,0.0,0.0,0.0,0.0,0.0
167426,V010,2007,7,0.0,0.0,0.0,0.0,0.0,0.0,0.0,0.28607814441529755,0.0,0.0,0.0,0.0
305902,V010,2013,7,0.0,0.0,0.0,0.0,0.0,0.0,0.0,0.12238354273091262,0.0,0.0,0.0,0.0
305902,V010,2013,3,0.0,0.0,0.0,0.0,0.0,0.0,0.0,0.12238354273091262,0.0,0.0,0.0,0.0
173124,V010,2013,10,0.0,0.0,0.0,0.0,0.0,0.0,0.0,0.13078227253900318,0.0,0.0,0.0,0.0
297083,V010,2013,1,0.0,0.0,0.0,0.0,0.0,0.7055588762701734,0.0,0.0,0.0,0.0,0.0,0.0
174181,V010,2013,3,0.0,0.0,0.0,0.0,0.0,0.0,0.0,0.1708651111417921,0.0,0.0,0.0,0.0
174068,V010,2013,6,0.0,0.0,0.0,0.0,0.0,0.0,0.0,0.10738423305260252,0.0,0.0,0.0,0.0
370032,V010,2013,8,0.0,0.0,0.0,0.0,0.0,0.0,0.0,0.16249620323070552,0.16759281642125123,0.0,0.0,0.0
174181,V010,2013,4,0.0,0.0,0.0,0.0,0.0,0.0,0.0,0.1708651111417921,0.0,0.0,0.0,0.0
297271,V010,2013,3,0.0,0.0,0.0,0.0,0.0,0.0,0.0,0.15373684937180726,0.0,0.0,0.0,0.0
176071,V010,2013,12,0.0,0.0,0.0,0.0,0.0,0.0,0.0,0.13423388098854067,0.0,0.0,0.0,0.0
172902,V010,2013,10,0.0,0.0,0.0,0.0,0.0,0.0,0.0,0.15109595471489717,0.0,0.0,0.0,0.0
333596,V010,2013,9,0.0,0.0,0.0,0.0,0.0,0.0,0.0,0.21903410189148143,0.0,0.0,0.0,0.0
173997,V010,2013,2,0.0,0.0,0.0,0.0,0.0,0.0,0.0,0.142529890929173,0.0,0.0,0.0,0.0
174067,V010,2013,6,0.0,0.0,0.0,0.0,0.0,0.0,0.0,0.10738699433936215,0.0,0.0,0.0,0.0
190573,V010,2013,6,0.0,0.0,0.0,0.0,0.0,0.0,0.0,0.12908960375535,0.0,0.0,0.0,0.0
173709,V010,2013,7,0.0,0.0,0.0,0.0,0.0,0.0,0.0,0.13586083114731465,0.0,0.0,0.0,0.0
297612,V010,2013,1,0.0,0.0,0.0,0.0,0.0,0.13897576306808324,0.0,0.0,0.0,0.0,0.0,0.0
305869,V010,2013,11,0.0,0.0,0.0,0.0,0.0,0.0,0.0,0.125485020019329,0.0,0.0,0.0,0.0
297271,V010,2013,10,0.0,0.0,0.0,0.0,0.0,0.0,0.0,0.15373684937180726,0.0,0.0,0.0,0.0
297006,V010,2013,10,0.0,0.0,0.0,0.0,0.0,0.7256830495729134,0.0,0.0,0.0,0.0,0.0,0.0
174067,V010,2013,11,0.0,0.0,0.0,0.0,0.0,0.0,0.0,0.10738699433936215,0.0,0.0,0.0,0.0
173079,V010,2013,4,0.0,0.0,0.0,0.0,0.0,0.0,0.0,0.13078227253900318,0.0,0.0,0.0,0.0
370032,V010,2013,10,0.0,0.0,0.0,0.0,0.0,0.0,0.0,0.1280193290073174,0.0,0.0,0.0,0.0
331385,V010,2013,6,0.0,0.0,0.0,0.0,0.0,0.0,0.0,0.2553947259422891,0.0,0.0,0.0,0.0
172902,V010,2013,1,0.0,0.0,0.0,0.0,0.0,0.0,0.0,0.15109595471489717,0.0,0.0,0.0,0.0
375130,V010,2013,12,0.0,0.0,0.0,0.0,0.0,0.0,0.0,0.3154488471627779,0.0,0.0,0.0,0.0
174283,V010,2013,12,0.0,0.0,0.0,0.0,0.0,0.0,0.0,0.1854866767913848,0.0,0.0,0.0,0.0
320542,V010,2013,3,0.0,0.0,0.0,0.0,0.0,0.0,0.0,0.16862957338119566,0.0,0.0,0.0,0.0
350843,V010,2013,11,0.0,0.0,0.0,0.0,0.0,0.0,0.0,0.31509595471489715,0.0,0.0,0.0,0.0
174283,V010,2013,2,0.0,0.0,0.0,0.0,0.0,0.0,0.0,0.1854866767913848,0.0,0.0,0.0,0.0
375130,V010,2013,11,0.0,0.0,0.0,0.0,0.0,0.0,0.0,0.3154488471627779,0.0,0.0,0.0,0.0
296991,V010,2013,8,0.0,0.0,0.0,0.0,0.0,0.4564043730597922,0.0,0.0,0.0,0.0,0.0,0.0
297612,V010,2013,8,0.0,0.0,0.0,0.0,0.0,0.13897576306808324,0.0,0.0,0.0,0.0,0.0,0.0
173997,V010,2013,3,0.0,0.0,0.0,0.0,0.0,0.0,0.0,0.142529890929173,0.0,0.0,0.0,0.0
329685,V010,2013,2,0.0,0.0,0.0,0.0,0.0,0.0,0.0,0.33799254452574906,0.0,0.0,0.0,0.0
176071,V010,2013,2,0.0,0.0,0.0,0.0,0.0,0.0,0.0,0.13423388098854067,0.0,0.0,0.0,0.0
174283,V010,2013,11,0.0,0.0,0.0,0.0,0.0,0.0,0.0,0.1854866767913848,0.0,0.0,0.0,0.0
377068,V010,2013,11,0.0,0.0,0.0,0.0,0.0,0.0,0.0,0.12801877674996548,0.0,0.0,0.0,0.0
296906,V010,2013,8,0.0,0.0,0.0,0.0,0.0,0.0,0.0,0.1312472732293249,0.0,0.0,0.0,0.0
218864,V010,2013,3,0.0,0.0,0.0,0.0,0.0,0.0,0.0,0.15159906116250174,0.0,0.0,0.0,0.0
329685,V010,2013,3,0.0,0.0,0.0,0.0,0.0,0.0,0.0,0.33799254452574906,0.0,0.0,0.0,0.0
173997,V010,2013,1,0.0,0.0,0.0,0.0,0.0,0.0,0.0,0.142529890929173,0.0,0.0,0.0,0.0
174067,V010,2013,10,0.0,0.0,0.0,0.0,0.0,0.0,0.0,0.10738699433936215,0.0,0.0,0.0,0.0
173124,V010,2013,2,0.0,0.0,0.0,0.0,0.0,0.0,0.0,0.13078227253900318,0.0,0.0,0.0,0.0
174068,V010,2013,4,0.0,0.0,0.0,0.0,0.0,0.0,0.0,0.10738423305260252,0.0,0.0,0.0,0.0
350848,V010,2013,6,0.0,0.0,0.0,0.0,0.0,0.0,0.0,0.15448129228220353,0.0,0.0,0.0,0.0
218864,V010,2013,10,0.0,0.0,0.0,0.0,0.0,0.0,0.0,0.15159906116250174,0.0,0.0,0.0,0.0
296941,V010,2013,7,0.0,0.0,0.0,0.0,0.0,0.0,0.0,0.125485020019329,0.0,0.0,0.0,0.0
173079,V010,2013,11,0.0,0.0,0.0,0.0,0.0,0.0,0.0,0.13078227253900318,0.0,0.0,0.0,0.0
296908,V010,2013,11,0.0,0.0,0.0,0.0,0.0,0.0,0.0,0.15752809609277924,0.0,0.0,0.0,0.0
173854,V010,2013,4,0.0,0.0,0.0,0.0,0.0,0.0,0.0,0.13782189700400388,0.0,0.0,0.0,0.0
312126,V010,2013,6,0.0,0.0,0.0,0.0,0.0,0.0,0.0,0.36644042523816106,0.0,0.0,0.0,0.0
331385,V010,2013,4,0.0,0.0,0.0,0.0,0.0,0.0,0.0,0.2553947259422891,0.0,0.0,0.0,0.0
174067,V010,2013,4,0.0,0.0,0.0,0.0,0.0,0.0,0.0,0.10738699433936215,0.0,0.0,0.0,0.0
375130,V010,2013,10,0.0,0.0,0.0,0.0,0.0,0.0,0.0,0.3154488471627779,0.5667163638881956,0.0,0.0,0.0
173709,V010,2013,4,0.0,0.0,0.0,0.0,0.0,0.0,0.0,0.13586083114731465,0.0,0.0,0.0,0.0
297272,V010,2013,5,0.0,0.0,0.0,0.0,0.0,0.0,0.0,0.15373684937180726,0.0,0.0,0.0,0.0
296908,V010,2013,10,0.0,0.0,0.0,0.0,0.0,0.0,0.0,0.15752809609277924,0.0,0.0,0.0,0.0
173124,V010,2013,7,0.0,0.0,0.0,0.0,0.0,0.0,0.0,0.13078227253900318,0.0,0.0,0.0,0.0
296906,V010,2013,2,0.0,0.0,0.0,0.0,0.0,0.0,0.0,0.1312472732293249,0.0,0.0,0.0,0.0
176071,V010,2013,10,0.0,0.0,0.0,0.0,0.0,0.0,0.0,0.13423388098854067,0.0,0.0,0.0,0.0
297334,V010,2013,11,0.0,0.0,0.0,0.0,0.0,0.0,0.0,0.33823443324589264,0.0,0.0,0.0,0.0
305902,V010,2013,4,0.0,0.0,0.0,0.0,0.0,0.0,0.0,0.12238354273091262,0.0,0.0,0.0,0.0
174067,V010,2013,12,0.0,0.0,0.0,0.0,0.0,0.0,0.0,0.10738699433936215,0.0,0.0,0.0,0.0
174184,V010,2013,3,0.0,0.0,0.0,0.0,0.0,0.0,0.0,0.17086345436973632,0.0,0.0,0.0,0.0
173124,V010,2013,8,0.0,0.0,0.0,0.0,0.0,0.0,0.0,0.13078227253900318,0.0,0.0,0.0,0.0
305869,V010,2013,8,0.0,0.0,0.0,0.0,0.0,0.0,0.0,0.125485020019329,0.0,0.0,0.0,0.0
297083,V010,2013,12,0.0,0.0,0.0,0.0,0.0,0.7055588762701734,0.0,0.0,0.0,0.0,0.0,0.0
297272,V010,2013,1,0.0,0.0,0.0,0.0,0.0,0.0,0.0,0.15373684937180726,0.0,0.0,0.0,0.0
174067,V010,2013,7,0.0,0.0,0.0,0.0,0.0,0.0,0.0,0.10738699433936215,0.0,0.0,0.0,0.0
305902,V010,2013,9,0.0,0.0,0.0,0.0,0.0,0.0,0.0,0.12238354273091262,0.0,0.0,0.0,0.0
218864,V010,2013,2,0.0,0.0,0.0,0.0,0.0,0.0,0.0,0.15159906116250174,0.0,0.0,0.0,0.0
172902,V010,2013,6,0.0,0.0,0.0,0.0,0.0,0.0,0.0,0.15109595471489717,0.0,0.0,0.0,0.0
173854,V010,2013,3,0.0,0.0,0.0,0.0,0.0,0.0,0.0,0.13782189700400388,0.0,0.0,0.0,0.0
350848,V010,2013,12,0.0,0.0,0.0,0.0,0.0,0.0,0.0,0.15448129228220353,0.0,0.0,0.0,0.0
297334,V010,2013,5,0.0,0.0,0.0,0.0,0.0,0.0,0.0,0.33823443324589264,0.0,0.0,0.0,0.0
297271,V010,2013,6,0.0,0.0,0.0,0.0,0.0,0.0,0.0,0.15373684937180726,0.0,0.0,0.0,0.0
346181,V010,2013,9,0.0,0.0,0.0,0.0,0.0,0.0,0.0,0.5255164986883888,0.0,0.0,0.0,0.0
296941,V010,2013,2,0.0,0.0,0.0,0.0,0.0,0.0,0.0,0.125485020019329,0.0,0.0,0.0,0.0
305869,V010,2013,6,0.0,0.0,0.0,0.0,0.0,0.0,0.0,0.125485020019329,0.0,0.0,0.0,0.0
172902,V010,2013,4,0.0,0.0,0.0,0.0,0.0,0.0,0.0,0.15109595471489717,0.0,0.0,0.0,0.0
297612,V010,2014,3,0.0,0.0,0.0,0.0,0.0,0.14614850664250045,0.0,0.0,0.0,0.0,0.0,0.0
297006,V010,2014,4,0.0,0.0,0.0,0.0,0.0,0.7662958178277386,0.0,0.0,0.0,0.0,0.0,0.0
296991,V010,2014,5,0.0,0.0,0.0,0.0,0.0,0.4816709407477393,0.0,0.0,0.0,0.0,0.0,0.0
296906,V010,2014,9,0.0,0.0,0.0,0.0,0.0,0.0,0.0,0.13339665884302085,0.0,0.0,0.0,0.0
190573,V010,2014,11,0.0,0.0,0.0,0.0,0.0,0.0,0.0,0.1311158359795665,0.0,0.0,0.0,0.0
173997,V010,2014,8,0.0,0.0,0.0,0.0,0.0,0.0,0.0,0.14532210410051086,0.0,0.0,0.0,0.0
459366,V010,2014,9,0.0,0.0,0.0,0.0,0.0,0.0,0.0,0.29699792903493033,0.0,0.0,0.0,0.0
320535,V010,2014,12,0.0,0.0,0.0,0.0,0.0,0.0,0.0,0.2628093331492476,0.0,0.0,0.0,0.0
383676,V010,2014,12,0.0,0.0,0.0,0.0,0.0,0.0,0.0,0.11322380229186801,0.0,0.0,0.0,0.0
320542,V010,2014,4,0.0,0.0,0.0,0.0,0.0,0.0,0.0,0.17290956785862213,0.0,0.0,0.0,0.0
296991,V010,2014,11,0.0,0.0,0.0,0.0,0.0,0.4816709407477393,0.0,0.0,0.0,0.0,0.0,0.0
320535,V010,2014,11,0.0,0.0,0.0,0.0,0.0,0.0,0.0,0.2628093331492476,0.0,0.0,0.0,0.0
350848,V010,2014,5,0.0,0.0,0.0,0.0,0.0,0.0,0.0,0.15795499102581806,0.0,0.0,0.0,0.0
383676,V010,2014,2,0.0,0.0,0.0,0.0,0.0,0.0,0.0,0.11322380229186801,0.0,0.0,0.0,0.0
297083,V010,2014,12,0.0,0.0,0.0,0.0,0.0,0.7450263193413418,0.0,0.0,0.0,0.0,0.0,0.0
296906,V010,2014,5,0.0,0.0,0.0,0.0,0.0,0.0,0.0,0.13339665884302085,0.0,0.0,0.0,0.0
459149,V010,2014,5,0.0,0.0,0.0,0.0,0.0,0.0,0.0,0.11325693773298358,0.0,0.0,0.0,0.0
218864,V010,2014,5,0.0,0.0,0.0,0.0,0.0,0.0,0.0,0.15490818721524233,0.0,0.0,0.0,0.0
172902,V010,2014,10,0.0,0.0,0.0,0.0,0.0,0.0,0.0,0.15437636338533758,0.0,0.0,0.0,0.0
218864,V010,2014,4,0.0,0.0,0.0,0.0,0.0,0.0,0.0,0.15490818721524233,0.0,0.0,0.0,0.0
375130,V010,2014,7,0.0,0.0,0.0,0.0,0.0,0.0,0.0,0.32809774955129095,0.0,0.0,0.0,0.0
329685,V010,2014,3,0.0,0.0,0.0,0.0,0.0,0.0,0.0,0.35192599751484194,0.0,0.0,0.0,0.0
173997,V010,2014,5,0.0,0.0,0.0,0.0,0.0,0.0,0.0,0.14532210410051086,0.0,0.0,0.0,0.0
190573,V010,2014,12,0.0,0.0,0.0,0.0,0.0,0.0,0.0,0.1311158359795665,0.0,0.0,0.0,0.0
312126,V010,2014,4,0.0,0.0,0.0,0.0,0.0,0.0,0.0,0.38199585806986064,0.0,0.0,0.0,0.0
176071,V010,2014,7,0.0,0.0,0.0,0.0,0.0,0.0,0.0,0.13655336186662986,0.0,0.0,0.0,0.0
459365,V010,2014,9,0.0,0.0,0.0,0.0,0.0,0.0,0.0,0.1879293110589535,0.0,0.0,0.0,0.0
305869,V010,2014,12,0.0,0.0,0.0,0.0,0.0,0.0,0.0,0.12730581250862905,0.0,0.0,0.0,0.0
350843,V010,2014,10,0.0,0.0,0.0,0.0,0.0,0.0,0.0,0.327724423581389,0.0,0.0,0.0,0.0
296908,V010,2014,7,0.0,0.0,0.0,0.0,0.0,0.0,0.0,0.16117520364489854,0.0,0.0,0.0,0.0
599312,V010,2014,10,0.0,0.0,0.0,0.0,0.0,0.0,0.0,0.1996680933314925,0.0,0.0,0.0,0.0
312126,V010,2014,12,0.0,0.0,0.0,0.0,0.0,0.0,0.0,0.4668921717520365,0.3133625201064679,0.0,0.0,0.0
320542,V010,2014,6,0.0,0.0,0.0,0.0,0.0,0.0,0.0,0.17290956785862213,0.0,0.0,0.0,0.0
173079,V010,2014,4,0.0,0.0,0.0,0.0,0.0,0.0,0.0,0.11325693773298358,0.0,0.0,0.0,0.0
333596,V010,2014,1,0.0,0.0,0.0,0.0,0.0,0.0,0.0,0.22618693911362697,0.0,0.0,0.0,0.0
172902,V010,2014,1,0.0,0.0,0.0,0.0,0.0,0.0,0.0,0.15437636338533758,0.0,0.0,0.0,0.0
370032,V010,2014,9,0.0,0.0,0.0,0.0,0.0,0.0,0.0,0.12998481292282205,0.0,0.0,0.0,0.0
375130,V010,2014,11,0.0,0.0,0.0,0.0,0.0,0.0,0.0,0.32809774955129095,0.0,0.0,0.0,0.0
296941,V010,2014,1,0.0,0.0,0.0,0.0,0.0,0.0,0.0,0.12730581250862905,0.0,0.0,0.0,0.0
346181,V010,2014,7,0.0,0.0,0.0,0.0,0.0,0.0,0.0,0.5501388927240094,0.0,0.0,0.0,0.0
218864,V010,2014,11,0.0,0.0,0.0,0.0,0.0,0.0,0.0,0.15490818721524233,0.0,0.0,0.0,0.0
320535,V010,2014,9,0.0,0.0,0.0,0.0,0.0,0.0,0.0,0.2628093331492476,0.0,0.0,0.0,0.0
594946,V010,2014,12,0.0,0.0,0.0,0.0,0.0,0.0,0.0,0.12730581250862905,0.0,0.0,0.0,0.0
459365,V010,2014,12,0.0,0.0,0.0,0.0,0.0,0.0,0.0,0.1879293110589535,0.0,0.0,0.0,0.0
176071,V010,2014,6,0.0,0.0,0.0,0.0,0.0,0.0,0.0,0.13655336186662986,0.0,0.0,0.0,0.0
346181,V010,2014,9,0.0,0.0,0.0,0.0,0.0,0.0,0.0,0.5501388927240094,0.0,0.0,0.0,0.0
383676,V010,2014,7,0.0,0.0,0.0,0.0,0.0,0.0,0.0,0.11322380229186801,0.0,0.0,0.0,0.0
459149,V010,2014,6,0.0,0.0,0.0,0.0,0.0,0.0,0.0,0.11325693773298358,0.0,0.0,0.0,0.0
174283,V010,2014,5,0.0,0.0,0.0,0.0,0.0,0.0,0.0,0.19072759906116252,0.0,0.0,0.0,0.0
383676,V010,2014,3,0.0,0.0,0.0,0.0,0.0,0.0,0.0,0.11322380229186801,0.0,0.0,0.0,0.0
190573,V010,2014,9,0.0,0.0,0.0,0.0,0.0,0.0,0.0,0.1311158359795665,0.0,0.0,0.0,0.0
174283,V010,2014,2,0.0,0.0,0.0,0.0,0.0,0.0,0.0,0.19072759906116252,0.0,0.0,0.0,0.0
218864,V010,2014,9,0.0,0.0,0.0,0.0,0.0,0.0,0.0,0.15490818721524233,0.0,0.0,0.0,0.0
173854,V010,2014,6,0.0,0.0,0.0,0.0,0.0,0.0,0.0,0.14034571310230567,0.0,0.0,0.0,0.0
305902,V010,2014,1,0.0,0.0,0.0,0.0,0.0,0.0,0.0,0.12402761286759631,0.0,0.0,0.0,0.0
297083,V010,2014,10,0.0,0.0,0.0,0.0,0.0,0.7450263193413418,0.0,0.0,0.0,0.0,0.0,0.0
297334,V010,2014,8,0.0,0.0,0.0,0.0,0.0,0.0,0.0,0.3521816926687837,0.0,0.0,0.0,0.0
459149,V010,2014,8,0.0,0.0,0.0,0.0,0.0,0.0,0.0,0.11325693773298358,0.0,0.0,0.0,0.0
173854,V010,2014,3,0.0,0.0,0.0,0.0,0.0,0.0,0.0,0.14034571310230567,0.0,0.0,0.0,0.0
320542,V010,2014,10,0.0,0.0,0.0,0.0,0.0,0.0,0.0,0.17290956785862213,0.0,0.0,0.0,0.0
174283,V010,2014,9,0.0,0.0,0.0,0.0,0.0,0.0,0.0,0.19072759906116252,0.0,0.0,0.0,0.0
599313,V010,2014,12,0.0,0.0,0.0,0.0,0.0,0.0,0.0,0.3411696810713793,0.0,0.0,0.0,0.0
383677,V010,2014,12,0.0,0.0,0.0,0.0,0.0,0.0,0.0,0.11322380229186801,0.0,0.0,0.0,0.0
218864,V010,2014,3,0.0,0.0,0.0,0.0,0.0,0.0,0.0,0.15490818721524233,0.0,0.0,0.0,0.0
383677,V010,2014,1,0.0,0.0,0.0,0.0,0.0,0.0,0.0,0.11322380229186801,0.13382669041331452,0.0,0.0,0.0
176071,V010,2014,8,0.0,0.0,0.0,0.0,0.0,0.0,0.0,0.13655336186662986,0.0,0.0,0.0,0.0
305869,V010,2014,3,0.0,0.0,0.0,0.0,0.0,0.0,0.0,0.12730581250862905,0.0,0.0,0.0,0.0
173854,V010,2014,5,0.0,0.0,0.0,0.0,0.0,0.0,0.0,0.14034571310230567,0.0,0.0,0.0,0.0
173079,V010,2014,6,0.0,0.0,0.0,0.0,0.0,0.0,0.0,0.11325693773298358,0.0,0.0,0.0,0.0
297334,V010,2014,10,0.0,0.0,0.0,0.0,0.0,0.0,0.0,0.3521816926687837,0.0,0.0,0.0,0.0
333596,V010,2014,8,0.0,0.0,0.0,0.0,0.0,0.0,0.0,0.22618693911362697,0.0,0.0,0.0,0.0
173997,V010,2014,6,0.0,0.0,0.0,0.0,0.0,0.0,0.0,0.14532210410051086,0.0,0.0,0.0,0.0
350843,V010,2014,7,0.0,0.0,0.0,0.0,0.0,0.0,0.0,0.327724423581389,0.0,0.0,0.0,0.0
599251,V010,2014,9,0.0,0.0,0.0,0.0,0.0,0.0,0.0,0.20115035206406187,0.0,0.0,0.0,0.0
305869,V010,2014,11,0.0,0.0,0.0,0.0,0.0,0.0,0.0,0.12730581250862905,0.0,0.0,0.0,0.0
459365,V010,2014,2,0.0,0.0,0.0,0.0,0.0,0.0,0.0,0.1879293110589535,0.28499544623618683,0.0,0.0,0.0
377068,V010,2014,3,0.0,0.0,0.0,0.0,0.0,0.0,0.0,0.12998370840811818,0.0,0.0,0.0,0.0
297083,V010,2014,7,0.0,0.0,0.0,0.0,0.0,0.7450263193413418,0.0,0.0,0.0,0.0,0.0,0.0
172902,V010,2014,6,0.0,0.0,0.0,0.0,0.0,0.0,0.0,0.15437636338533758,0.0,0.0,0.0,0.0
174283,V010,2014,8,0.0,0.0,0.0,0.0,0.0,0.0,0.0,0.19072759906116252,0.0,0.0,0.0,0.0
296906,V010,2014,8,0.0,0.0,0.0,0.0,0.0,0.0,0.0,0.13339665884302085,0.0,0.0,0.0,0.0
350848,V010,2014,3,0.0,0.0,0.0,0.0,0.0,0.0,0.0,0.15795499102581806,0.0,0.0,0.0,0.0
297083,V010,2015,6,0.0,0.0,0.0,0.0,0.0,0.792233384108131,0.0,0.0,0.0,0.0,0.0,0.0
176071,V010,2015,6,0.0,0.0,0.0,0.0,0.0,0.0,0.0,0.13932735054535414,0.0,0.0,0.0,0.0
329685,V010,2015,3,0.0,0.0,0.0,0.0,0.0,0.0,0.0,0.3685920198812647,0.0,0.0,0.0,0.0
750877,V010,2015,9,0.0,0.0,0.0,0.0,0.0,0.0,0.0,0.16020433522021263,0.0,0.0,0.0,0.0
305869,V010,2015,4,0.0,0.0,0.0,0.0,0.0,0.0,0.0,0.12948336324727322,0.0,0.0,0.0,0.0
346181,V010,2015,5,0.0,0.0,0.0,0.0,0.0,0.0,0.0,0.579589672787519,0.0,0.0,0.0,0.0
734431,V010,2015,9,0.0,0.0,0.0,0.0,0.0,0.0,0.0,0.2821554604445672,0.0,0.0,0.0,0.0
383677,V010,2015,4,0.0,0.0,0.0,0.0,0.0,0.0,0.0,0.11449344194394588,0.0,0.0,0.0,0.0
346181,V010,2015,2,0.0,0.0,0.0,0.0,0.0,0.0,0.0,0.579589672787519,0.0,0.0,0.0,0.0
296908,V010,2015,3,0.0,0.0,0.0,0.0,0.0,0.0,0.0,0.165537484467762,0.0,0.0,0.0,0.0
751546,V010,2015,11,0.0,0.0,0.0,0.0,0.0,0.0,0.0,0.13932514151594644,0.0,0.0,0.0,0.0
599251,V010,2015,2,0.0,0.0,0.0,0.0,0.0,0.0,0.0,0.2080911224630678,0.0,0.0,0.0,0.0
296908,V010,2015,6,0.0,0.0,0.0,0.0,0.0,0.0,0.0,0.165537484467762,0.0,0.0,0.0,0.0
594946,V010,2015,4,0.0,0.0,0.0,0.0,0.0,0.0,0.0,0.12948336324727322,0.0,0.0,0.0,0.0
370032,V010,2015,1,0.0,0.0,0.0,0.0,0.0,0.0,0.0,0.1323352202126191,0.0,0.0,0.0,0.0
734432,V010,2015,10,0.0,0.0,0.0,0.0,0.0,0.0,0.0,0.15115559850890517,0.0,0.0,0.0,0.0
333596,V010,2015,2,0.0,0.0,0.0,0.0,0.0,0.0,0.0,0.2347425100096645,0.0,0.0,0.0,0.0
370032,V010,2015,4,0.0,0.0,0.0,0.0,0.0,0.0,0.0,0.1323352202126191,0.0,0.0,0.0,0.0
751545,V010,2015,12,0.0,0.0,0.0,0.0,0.0,0.0,0.0,0.18676018224492616,0.0,0.0,0.0,0.0
172902,V010,2015,1,0.0,0.0,0.0,0.0,0.0,0.0,0.0,0.1583001518707718,0.0,0.0,0.0,0.0
296906,V010,2015,10,0.0,0.0,0.0,0.0,0.0,0.0,0.0,0.13596741681623636,0.0,0.0,0.0,0.0
375130,V010,2015,6,0.0,0.0,0.0,0.0,0.0,0.0,0.0,0.34322683970730367,0.0,0.0,0.0,0.0
753882,V010,2015,11,0.0,0.0,0.0,0.0,0.0,0.0,0.0,0.15506337153113353,0.0,0.0,0.0,0.0
190573,V010,2015,3,0.0,0.0,0.0,0.0,0.0,0.0,0.0,0.13353914123981775,0.0,0.0,0.0,0.0
329685,V010,2015,12,0.0,0.0,0.0,0.0,0.0,0.0,0.0,0.3685920198812647,0.0,0.0,0.0,0.0
459365,V010,2015,1,0.0,0.0,0.0,0.0,0.0,0.0,0.0,0.1940173961065857,0.0,0.0,0.0,0.0
296906,V010,2015,12,0.0,0.0,0.0,0.0,0.0,0.0,0.0,0.13596741681623636,0.0,0.0,0.0,0.0
296908,V010,2015,10,0.0,0.0,0.0,0.0,0.0,0.0,0.0,0.165537484467762,0.0,0.0,0.0,0.0
297083,V010,2015,8,0.0,0.0,0.0,0.0,0.0,0.792233384108131,0.0,0.0,0.0,0.0,0.0,0.0
172902,V010,2015,10,0.0,0.0,0.0,0.0,0.0,0.0,0.0,0.1583001518707718,0.0,0.0,0.0,0.0
218864,V010,2015,7,0.0,0.0,0.0,0.0,0.0,0.0,0.0,0.15886621565649595,0.0,0.0,0.0,0.0
346181,V010,2015,11,0.0,0.0,0.0,0.0,0.0,0.0,0.0,0.579589672787519,0.0,0.0,0.0,0.0
753435,V010,2015,10,0.0,0.0,0.0,0.0,0.0,0.0,0.0,0.1904685903631092,0.0,0.0,0.0,0.0
383677,V010,2015,2,0.0,0.0,0.0,0.0,0.0,0.0,0.0,0.11449344194394588,0.0,0.0,0.0,0.0
600449,V010,2015,3,0.0,0.0,0.0,0.0,0.0,0.0,0.0,0.4687825486676792,0.0,0.0,0.0,0.0
459366,V010,2015,5,0.0,0.0,0.0,0.0,0.0,0.0,0.0,0.31012066823139584,0.0,0.0,0.0,0.0
734431,V010,2015,12,0.0,0.0,0.0,0.0,0.0,0.0,0.0,0.2821554604445672,0.0,0.0,0.0,0.0
370032,V010,2015,5,0.0,0.0,0.0,0.0,0.0,0.0,0.0,0.1323352202126191,0.0,0.0,0.0,0.0
296908,V010,2015,5,0.0,0.0,0.0,0.0,0.0,0.0,0.0,0.165537484467762,0.0,0.0,0.0,0.0
459366,V010,2015,7,0.0,0.0,0.0,0.0,0.0,0.0,0.0,0.31012066823139584,0.0,0.0,0.0,0.0
750875,V010,2015,9,0.0,0.0,0.0,0.0,0.0,0.0,0.0,0.12215656495927102,0.0,0.0,0.0,0.0
734348,V010,2015,3,0.0,0.0,0.0,0.0,0.0,0.0,0.0,0.13925334806019607,0.2859068523365316,0.0,0.0,0.0
312126,V010,2015,8,0.0,0.0,0.0,0.0,0.0,0.0,0.0,0.4909733535827696,0.3133625201064679,0.0,0.0,0.0
296908,V010,2015,7,0.0,0.0,0.0,0.0,0.0,0.0,0.0,0.165537484467762,0.0,0.0,0.0,0.0
377068,V010,2015,6,0.0,0.0,0.0,0.0,0.0,0.0,0.0,0.13233411569791523,0.0,0.0,0.0,0.0
734432,V010,2015,6,0.0,0.0,0.0,0.0,0.0,0.0,0.0,0.15115559850890517,0.0,0.0,0.0,0.0
296908,V010,2015,4,0.0,0.0,0.0,0.0,0.0,0.0,0.0,0.165537484467762,0.0,0.0,0.0,0.0
350848,V010,2015,5,0.0,0.0,0.0,0.0,0.0,0.0,0.0,0.16210962308435733,0.0,0.0,0.0,0.0
746609,V010,2015,10,0.0,0.0,0.0,0.0,0.0,0.0,0.0,0.21839624465000695,0.0,0.0,0.0,0.0
296908,V010,2015,1,0.0,0.0,0.0,0.0,0.0,0.0,0.0,0.165537484467762,0.0,0.0,0.0,0.0
297612,V010,2015,2,0.0,0.0,0.0,0.0,0.0,0.15472687657867845,0.0,0.0,0.0,0.0,0.0,0.0
296941,V010,2015,11,0.0,0.0,0.0,0.0,0.0,0.0,0.0,0.12948336324727322,0.0,0.0,0.0,0.0
750876,V010,2015,9,0.0,0.0,0.0,0.0,0.0,0.0,0.0,0.27535717244235813,0.21029013420863163,0.0,0.0,0.0
750876,V010,2015,8,0.0,0.0,0.0,0.0,0.0,0.0,0.0,0.27535717244235813,0.21029013420863163,0.0,0.0,0.0
176071,V010,2015,9,0.0,0.0,0.0,0.0,0.0,0.0,0.0,0.13932735054535414,0.0,0.0,0.0,0.0
333596,V010,2015,1,0.0,0.0,0.0,0.0,0.0,0.0,0.0,0.2347425100096645,0.0,0.0,0.0,0.0
459366,V010,2015,2,0.0,0.0,0.0,0.0,0.0,0.0,0.0,0.31012066823139584,0.0,0.0,0.0,0.0
734431,V010,2015,5,0.0,0.0,0.0,0.0,0.0,0.0,0.0,0.2821554604445672,0.0,0.0,0.0,0.0
297334,V010,2015,11,0.0,0.0,0.0,0.0,0.0,0.0,0.0,0.3688637304984123,0.0,0.0,0.0,0.0
172902,V010,2015,12,0.0,0.0,0.0,0.0,0.0,0.0,0.0,0.1583001518707718,0.0,0.0,0.0,0.0
734431,V010,2015,7,0.0,0.0,0.0,0.0,0.0,0.0,0.0,0.2821554604445672,0.0,0.0,0.0,0.0
173997,V010,2015,4,0.0,0.0,0.0,0.0,0.0,0.0,0.0,0.1486621565649593,0.0,0.0,0.0,0.0
320535,V010,2015,1,0.0,0.0,0.0,0.0,0.0,0.0,0.0,0.2737269087394726,0.0,0.0,0.0,0.0
377068,V010,2015,9,0.0,0.0,0.0,0.0,0.0,0.0,0.0,0.13233411569791523,0.0,0.0,0.0,0.0
599312,V010,2015,4,0.0,0.0,0.0,0.0,0.0,0.0,0.0,0.20651332320861523,0.0,0.0,0.0,0.0
173997,V010,2015,8,0.0,0.0,0.0,0.0,0.0,0.0,0.0,0.1486621565649593,0.0,0.0,0.0,0.0
599313,V010,2015,6,0.0,0.0,0.0,0.0,0.0,0.0,0.0,0.3571415159464311,0.0,0.0,0.0,0.0
383677,V010,2015,12,0.0,0.0,0.0,0.0,0.0,0.0,0.0,0.11449344194394588,0.0,0.0,0.0,0.0
218864,V010,2015,8,0.0,0.0,0.0,0.0,0.0,0.0,0.0,0.15886621565649595,0.0,0.0,0.0,0.0
320542,V010,2015,9,0.0,0.0,0.0,0.0,0.0,0.0,0.0,0.17802899351097612,0.0,0.0,0.0,0.0
734348,V010,2015,12,0.0,0.0,0.0,0.0,0.0,0.0,0.0,0.13925334806019607,0.0,0.0,0.0,0.0
599313,V010,2015,11,0.0,0.0,0.0,0.0,0.0,0.0,0.0,0.3571415159464311,0.0,0.0,0.0,0.0
296941,V010,2015,8,0.0,0.0,0.0,0.0,0.0,0.0,0.0,0.12948336324727322,0.0,0.0,0.0,0.0
297006,V010,2015,7,0.0,0.0,0.0,0.0,0.0,0.8148738021325417,0.0,0.0,0.0,0.0,0.0,0.0
734348,V010,2015,4,0.0,0.0,0.0,0.0,0.0,0.0,0.0,0.13925334806019607,0.0,0.0,0.0,0.0
176071,V010,2015,1,0.0,0.0,0.0,0.0,0.0,0.0,0.0,0.13932735054535414,0.0,0.0,0.0,0.0
320542,V010,2015,11,0.0,0.0,0.0,0.0,0.0,0.0,0.0,0.17802899351097612,0.0,0.0,0.0,0.0
329685,V010,2015,8,0.0,0.0,0.0,0.0,0.0,0.0,0.0,0.3685920198812647,0.0,0.0,0.0,0.0
750875,V010,2015,11,0.0,0.0,0.0,0.0,0.0,0.0,0.0,0.12215656495927102,0.0,0.0,0.0,0.0
190573,V010,2015,6,0.0,0.0,0.0,0.0,0.0,0.0,0.0,0.13353914123981775,0.0,0.0,0.0,0.0
320535,V010,2015,9,0.0,0.0,0.0,0.0,0.0,0.0,0.0,0.2737269087394726,0.0,0.0,0.0,0.0
751545,V010,2015,10,0.0,0.0,0.0,0.0,0.0,0.0,0.0,0.18676018224492616,0.0,0.0,0.0,0.0
751546,V010,2015,10,0.0,0.0,0.0,0.0,0.0,0.0,0.0,0.13932514151594644,0.0,0.0,0.0,0.0
599312,V010,2015,9,0.0,0.0,0.0,0.0,0.0,0.0,0.0,0.20651332320861523,0.0,0.0,0.0,0.0
375130,V010,2015,12,0.0,0.0,0.0,0.0,0.0,0.0,0.0,0.34322683970730367,0.0,0.0,0.0,0.0
383677,V010,2015,5,0.0,0.0,0.0,0.0,0.0,0.0,0.0,0.11449344194394588,0.0,0.0,0.0,0.0
173997,V010,2015,11,0.0,0.0,0.0,0.0,0.0,0.0,0.0,0.1486621565649593,0.0,0.0,0.0,0.0
383677,V010,2015,7,0.0,0.0,0.0,0.0,0.0,0.0,0.0,0.11449344194394588,0.0,0.0,0.0,0.0
190573,V010,2015,10,0.0,0.0,0.0,0.0,0.0,0.0,0.0,0.13353914123981775,0.0,0.0,0.0,0.0
296991,V010,2015,7,0.0,0.0,0.0,0.0,0.0,0.5118890152902841,0.0,0.0,0.0,0.0,0.0,0.0
734432,V010,2015,8,0.0,0.0,0.0,0.0,0.0,0.0,0.0,0.15115559850890517,0.0,0.0,0.0,0.0
305869,V010,2015,7,0.0,0.0,0.0,0.0,0.0,0.0,0.0,0.12948336324727322,0.0,0.0,0.0,0.0
804319,V010,2016,8,0.0,0.0,0.0,0.0,0.0,0.0,0.0,0.10639845367941461,0.0,0.0,0.0,0.0
297334,V010,2016,8,0.0,0.0,0.0,0.0,0.0,0.0,0.0,0.3688637304984123,0.0,0.0,0.0,0.0
753435,V010,2016,12,0.0,0.0,0.0,0.0,0.0,0.0,0.0,0.1904685903631092,0.0,0.0,0.0,0.0
806765,V010,2016,12,0.0,0.0,0.0,0.0,0.0,0.0,0.0,0.13796217037139308,0.0,0.0,0.0,0.0
753435,V010,2016,6,0.0,0.0,0.0,0.0,0.0,0.0,0.0,0.1904685903631092,0.0,0.0,0.0,0.0
600449,V010,2016,10,0.0,0.0,0.0,0.0,0.0,0.0,0.0,0.4687825486676792,0.0,0.0,0.0,0.0
218864,V010,2016,11,0.0,0.0,0.0,0.0,0.0,0.0,0.0,0.15886621565649595,0.0,0.0,0.0,0.0
383676,V010,2016,9,0.0,0.0,0.0,0.0,0.0,0.0,0.0,0.11449344194394588,0.0,0.0,0.0,0.0
811517,V010,2016,10,0.0,0.0,0.0,0.0,0.0,0.0,0.0,0.35211928758801603,0.2718576743007,0.0,0.0,0.0
383677,V010,2016,8,0.0,0.0,0.0,0.0,0.0,0.0,0.0,0.11449344194394588,0.0,0.0,0.0,0.0
173997,V010,2016,5,0.0,0.0,0.0,0.0,0.0,0.0,0.0,0.1486621565649593,0.0,0.0,0.0,0.0
320535,V010,2016,12,0.0,0.0,0.0,0.0,0.0,0.0,0.0,0.2737269087394726,0.0,0.0,0.0,0.0
751546,V010,2016,12,0.0,0.0,0.0,0.0,0.0,0.0,0.0,0.13932514151594644,0.0,0.0,0.0,0.0
377068,V010,2016,5,0.0,0.0,0.0,0.0,0.0,0.0,0.0,0.13233411569791523,0.0,0.0,0.0,0.0
746609,V010,2016,10,0.0,0.0,0.0,0.0,0.0,0.0,0.0,0.21839624465000695,0.0,0.0,0.0,0.0
297006,V010,2016,6,0.0,0.0,0.0,0.0,0.0,0.8148738021325417,0.0,0.0,0.0,0.0,0.0,0.0
753435,V010,2016,8,0.0,0.0,0.0,0.0,0.0,0.0,0.0,0.1904685903631092,0.0,0.0,0.0,0.0
753435,V010,2016,9,0.0,0.0,0.0,0.0,0.0,0.0,0.0,0.1904685903631092,0.0,0.0,0.0,0.0
750875,V010,2016,2,0.0,0.0,0.0,0.0,0.0,0.0,0.0,0.12215656495927102,0.0,0.0,0.0,0.0
377068,V010,2016,12,0.0,0.0,0.0,0.0,0.0,0.0,0.0,0.13233411569791523,0.0,0.0,0.0,0.0
297334,V010,2016,2,0.0,0.0,0.0,0.0,0.0,0.0,0.0,0.3688637304984123,0.0,0.0,0.0,0.0
350848,V010,2016,9,0.0,0.0,0.0,0.0,0.0,0.0,0.0,0.16210962308435733,0.0,0.0,0.0,0.0
753435,V010,2016,2,0.0,0.0,0.0,0.0,0.0,0.0,0.0,0.1904685903631092,0.0,0.0,0.0,0.0
296991,V010,2016,3,0.0,0.0,0.0,0.0,0.0,0.5118890152902841,0.0,0.0,0.0,0.0,0.0,0.0
297006,V010,2016,12,0.0,0.0,0.0,0.0,0.0,0.8148738021325417,0.0,0.0,0.0,0.0,0.0,0.0
297334,V010,2016,1,0.0,0.0,0.0,0.0,0.0,0.0,0.0,0.3688637304984123,0.0,0.0,0.0,0.0
333596,V010,2016,6,0.0,0.0,0.0,0.0,0.0,0.0,0.0,0.107723871324037,0.0,0.0,0.0,0.0
594946,V010,2016,6,0.0,0.0,0.0,0.0,0.0,0.0,0.0,0.12948336324727322,0.0,0.0,0.0,0.0
599251,V010,2016,5,0.0,0.0,0.0,0.0,0.0,0.0,0.0,0.2080911224630678,0.0,0.0,0.0,0.0
750876,V010,2016,7,0.0,0.0,0.0,0.0,0.0,0.0,0.0,0.27535717244235813,0.0,0.0,0.0,0.0
312126,V010,2016,1,0.0,0.0,0.0,0.0,0.0,0.0,0.0,0.4909733535827696,0.0,0.0,0.0,0.0
320542,V010,2016,2,0.0,0.0,0.0,0.0,0.0,0.0,0.0,0.17802899351097612,0.0,0.0,0.0,0.0
600449,V010,2016,12,0.0,0.0,0.0,0.0,0.0,0.0,0.0,0.4687825486676792,0.0,0.0,0.0,0.0
734348,V010,2016,8,0.0,0.0,0.0,0.0,0.0,0.0,0.0,0.13925334806019607,0.0,0.0,0.0,0.0
296906,V010,2016,2,0.0,0.0,0.0,0.0,0.0,0.0,0.0,0.13596741681623636,0.0,0.0,0.0,0.0
297006,V010,2016,9,0.0,0.0,0.0,0.0,0.0,0.8148738021325417,0.0,0.0,0.0,0.0,0.0,0.0
172902,V010,2016,1,0.0,0.0,0.0,0.0,0.0,0.0,0.0,0.1583001518707718,0.0,0.0,0.0,0.0
176071,V010,2016,2,0.0,0.0,0.0,0.0,0.0,0.0,0.0,0.13932735054535414,0.0,0.0,0.0,0.0
383677,V010,2016,6,0.0,0.0,0.0,0.0,0.0,0.0,0.0,0.11449344194394588,0.0,0.0,0.0,0.0
375130,V010,2016,6,0.0,0.0,0.0,0.0,0.0,0.0,0.0,0.34322683970730367,0.0,0.0,0.0,0.0
751545,V010,2016,5,0.0,0.0,0.0,0.0,0.0,0.0,0.0,0.18676018224492616,0.0,0.0,0.0,0.0
750877,V010,2016,7,0.0,0.0,0.0,0.0,0.0,0.0,0.0,0.16020433522021263,0.0,0.0,0.0,0.0
751545,V010,2016,9,0.0,0.0,0.0,0.0,0.0,0.0,0.0,0.18676018224492616,0.0,0.0,0.0,0.0
333596,V010,2016,5,0.0,0.0,0.0,0.0,0.0,0.0,0.0,0.107723871324037,0.0,0.0,0.0,0.0
297006,V010,2016,4,0.0,0.0,0.0,0.0,0.0,0.8148738021325417,0.0,0.0,0.0,0.0,0.0,0.0
375130,V010,2016,8,0.0,0.0,0.0,0.0,0.0,0.0,0.0,0.34322683970730367,0.0,0.0,0.0,0.0
190573,V010,2016,4,0.0,0.0,0.0,0.0,0.0,0.0,0.0,0.13353914123981775,0.0,0.0,0.0,0.0
753882,V010,2016,8,0.0,0.0,0.0,0.0,0.0,0.0,0.0,0.15506337153113353,0.0,0.0,0.0,0.0
811517,V010,2016,11,0.0,0.0,0.0,0.0,0.0,0.0,0.0,0.35211928758801603,0.2718576743007,0.0,0.0,0.0
811517,V010,2016,8,0.0,0.0,0.0,0.0,0.0,0.0,0.0,0.35211928758801603,0.2718576743007,0.0,0.0,0.0
753435,V010,2016,5,0.0,0.0,0.0,0.0,0.0,0.0,0.0,0.1904685903631092,0.0,0.0,0.0,0.0
296906,V010,2016,8,0.0,0.0,0.0,0.0,0.0,0.0,0.0,0.13596741681623636,0.0,0.0,0.0,0.0
350848,V010,2016,1,0.0,0.0,0.0,0.0,0.0,0.0,0.0,0.16210962308435733,0.0,0.0,0.0,0.0
600449,V010,2016,2,0.0,0.0,0.0,0.0,0.0,0.0,0.0,0.4687825486676792,0.0,0.0,0.0,0.0
333596,V010,2016,7,0.0,0.0,0.0,0.0,0.0,0.0,0.0,0.107723871324037,0.0,0.0,0.0,0.0
297006,V010,2016,8,0.0,0.0,0.0,0.0,0.0,0.8148738021325417,0.0,0.0,0.0,0.0,0.0,0.0
804320,V010,2016,9,0.0,0.0,0.0,0.0,0.0,0.0,0.0,0.1321104514703852,0.0,0.0,0.0,0.0
297612,V010,2016,5,0.0,0.0,0.0,0.0,0.0,0.15472687657867845,0.0,0.0,0.0,0.0,0.0,0.0
734431,V010,2016,3,0.0,0.0,0.0,0.0,0.0,0.0,0.0,0.2821554604445672,0.0,0.0,0.0,0.0
329685,V010,2016,12,0.0,0.0,0.0,0.0,0.0,0.0,0.0,0.3685920198812647,0.0,0.0,0.0,0.0
811517,V010,2016,12,0.0,0.0,0.0,0.0,0.0,0.0,0.0,0.35211928758801603,0.2718576743007,0.0,0.0,0.0
753435,V010,2016,4,0.0,0.0,0.0,0.0,0.0,0.0,0.0,0.1904685903631092,0.0,0.0,0.0,0.0
296991,V010,2016,11,0.0,0.0,0.0,0.0,0.0,0.5118890152902841,0.0,0.0,0.0,0.0,0.0,0.0
600449,V010,2016,9,0.0,0.0,0.0,0.0,0.0,0.0,0.0,0.4687825486676792,0.0,0.0,0.0,0.0
734431,V010,2016,12,0.0,0.0,0.0,0.0,0.0,0.0,0.0,0.2821554604445672,0.0,0.0,0.0,0.0
599251,V010,2016,6,0.0,0.0,0.0,0.0,0.0,0.0,0.0,0.2080911224630678,0.0,0.0,0.0,0.0
297612,V010,2016,2,0.0,0.0,0.0,0.0,0.0,0.15472687657867845,0.0,0.0,0.0,0.0,0.0,0.0
594946,V010,2016,3,0.0,0.0,0.0,0.0,0.0,0.0,0.0,0.12948336324727322,0.0,0.0,0.0,0.0
750877,V010,2016,11,0.0,0.0,0.0,0.0,0.0,0.0,0.0,0.16020433522021263,0.0,0.0,0.0,0.0
807039,V010,2016,11,0.0,0.0,0.0,0.0,0.0,0.0,0.0,0.29023277647383683,0.0,0.0,0.0,0.0
751546,V010,2016,10,0.0,0.0,0.0,0.0,0.0,0.0,0.0,0.13932514151594644,0.0,0.0,0.0,0.0
312126,V010,2016,4,0.0,0.0,0.0,0.0,0.0,0.0,0.0,0.4909733535827696,0.0,0.0,0.0,0.0
734431,V010,2016,9,0.0,0.0,0.0,0.0,0.0,0.0,0.0,0.2821554604445672,0.0,0.0,0.0,0.0
806765,V010,2016,8,0.0,0.0,0.0,0.0,0.0,0.0,0.0,0.13796217037139308,0.0,0.0,0.0,0.0
807039,V010,2016,7,0.0,0.0,0.0,0.0,0.0,0.0,0.0,0.29023277647383683,0.3228546676405754,0.0,0.0,0.0
297334,V010,2016,3,0.0,0.0,0.0,0.0,0.0,0.0,0.0,0.3688637304984123,0.0,0.0,0.0,0.0
599313,V010,2016,8,0.0,0.0,0.0,0.0,0.0,0.0,0.0,0.3571415159464311,0.0,0.0,0.0,0.0
734348,V010,2016,2,0.0,0.0,0.0,0.0,0.0,0.0,0.0,0.13925334806019607,0.0,0.0,0.0,0.0
297334,V010,2016,6,0.0,0.0,0.0,0.0,0.0,0.0,0.0,0.3688637304984123,0.0,0.0,0.0,0.0
320542,V010,2016,7,0.0,0.0,0.0,0.0,0.0,0.0,0.0,0.17802899351097612,0.0,0.0,0.0,0.0
600449,V010,2016,8,0.0,0.0,0.0,0.0,0.0,0.0,0.0,0.4687825486676792,0.0,0.0,0.0,0.0
599312,V010,2016,12,0.0,0.0,0.0,0.0,0.0,0.0,0.0,0.20651332320861523,0.0,0.0,0.0,0.0
750877,V010,2016,4,0.0,0.0,0.0,0.0,0.0,0.0,0.0,0.16020433522021263,0.0,0.0,0.0,0.0
807039,V010,2016,12,0.0,0.0,0.0,0.0,0.0,0.0,0.0,0.29023277647383683,0.0,0.0,0.0,0.0
320535,V010,2016,5,0.0,0.0,0.0,0.0,0.0,0.0,0.0,0.2737269087394726,0.0,0.0,0.0,0.0
734432,V010,2016,2,0.0,0.0,0.0,0.0,0.0,0.0,0.0,0.15115559850890517,0.0,0.0,0.0,0.0
297334,V010,2016,10,0.0,0.0,0.0,0.0,0.0,0.0,0.0,0.3688637304984123,0.0,0.0,0.0,0.0
297006,V010,2016,11,0.0,0.0,0.0,0.0,0.0,0.8148738021325417,0.0,0.0,0.0,0.0,0.0,0.0
753435,V010,2016,7,0.0,0.0,0.0,0.0,0.0,0.0,0.0,0.1904685903631092,0.0,0.0,0.0,0.0
190573,V010,2016,1,0.0,0.0,0.0,0.0,0.0,0.0,0.0,0.13353914123981775,0.0,0.0,0.0,0.0
377068,V010,2016,10,0.0,0.0,0.0,0.0,0.0,0.0,0.0,0.13233411569791523,0.0,0.0,0.0,0.0
750876,V010,2016,4,0.0,0.0,0.0,0.0,0.0,0.0,0.0,0.27535717244235813,0.0,0.0,0.0,0.0
190573,V010,2016,5,0.0,0.0,0.0,0.0,0.0,0.0,0.0,0.13353914123981775,0.0,0.0,0.0,0.0
734348,V010,2016,3,0.0,0.0,0.0,0.0,0.0,0.0,0.0,0.13925334806019607,0.0,0.0,0.0,0.0
750876,V010,2016,2,0.0,0.0,0.0,0.0,0.0,0.0,0.0,0.27535717244235813,0.0,0.0,0.0,0.0
296991,V010,2016,4,0.0,0.0,0.0,0.0,0.0,0.5118890152902841,0.0,0.0,0.0,0.0,0.0,0.0
599251,V010,2016,9,0.0,0.0,0.0,0.0,0.0,0.0,0.0,0.2080911224630678,0.0,0.0,0.0,0.0
750877,V010,2016,12,0.0,0.0,0.0,0.0,0.0,0.0,0.0,0.16020433522021263,0.0,0.0,0.0,0.0
804320,V010,2017,6,0.0,0.0,0.0,0.0,0.0,0.0,0.0,0.13288195499102584,0.0,0.0,0.0,0.0
297006,V010,2017,12,0.0,0.0,0.0,0.0,0.0,0.8309083547037388,0.0,0.0,0.0,0.0,0.0,0.0
806765,V010,2017,7,0.0,0.0,0.0,0.0,0.0,0.0,0.0,0.138850752450642,0.0,0.0,0.0,0.0
806765,V010,2017,4,0.0,0.0,0.0,0.0,0.0,0.0,0.0,0.138850752450642,0.0,0.0,0.1,0.09999999999999998
383676,V010,2017,1,0.0,0.0,0.0,0.0,0.0,0.0,0.0,0.11449344194394588,0.0,0.0,0.0,0.0
734431,V010,2017,1,0.0,0.0,0.0,0.0,0.0,0.0,0.0,0.2821554604445672,0.0,0.0,0.0,0.0
751545,V010,2017,11,0.0,0.0,0.0,0.0,0.0,0.0,0.0,0.18862460306502832,0.0,0.0,0.0,0.0
329685,V010,2017,10,0.0,0.0,0.0,0.0,0.0,0.0,0.0,0.3740930553637996,0.0,0.0,0.0,0.0
813779,V010,2017,10,0.0,0.0,0.0,0.0,0.0,0.0,0.0,0.1711732707441668,0.0,0.0,0.0,0.0
297006,V010,2017,3,0.0,0.0,0.0,0.0,0.0,0.8148738021325417,0.0,0.0,0.0,0.0,0.0,0.0
320535,V010,2017,5,0.0,0.0,0.0,0.0,0.0,0.0,0.0,0.27733038796078974,0.0,0.0,0.0,0.0
822802,V010,2017,1,0.0,0.0,0.10000000000002274,0.0,0.0,0.0,0.0,0.21954107414054952,0.1992632964023306,0.0,0.0,0.0
375130,V010,2017,3,0.0,0.0,0.0,0.0,0.0,0.0,0.0,0.34322683970730367,0.0,0.0,0.0,0.0
804320,V010,2017,5,0.0,0.0,0.0,0.0,0.0,0.0,0.0,0.13288195499102584,0.0,0.0,0.0,0.0
969769,V010,2017,12,0.0,0.0,0.0,0.0,0.0,0.0,0.0,0.6963048460582633,0.0,0.0,0.0,0.0
297612,V010,2017,12,0.0,0.0,0.0,0.0,0.0,0.3019647918554654,0.0,0.0,0.0,0.0,0.0,0.0
600449,V010,2017,1,0.0,0.0,0.0,0.0,0.0,0.0,0.0,0.4687825486676792,0.0,0.0,0.0,0.0
806765,V010,2017,3,0.0,0.0,0.0,0.0,0.0,0.0,0.0,0.13796217037139308,0.0,0.0,0.0,0.0
750877,V010,2017,11,0.0,0.0,0.0,0.0,0.0,0.0,0.0,0.161537484467762,0.0,0.0,0.0,0.0
320542,V010,2017,3,0.0,0.0,0.0,0.0,0.0,0.0,0.0,0.17802899351097612,0.0,0.0,0.0,0.0
320535,V010,2017,10,0.0,0.0,0.0,0.0,0.0,0.0,0.0,0.27733038796078974,0.0,0.0,0.0,0.0
350848,V010,2017,7,0.0,0.0,0.0,0.0,0.0,0.0,0.0,0.1634808780891896,0.0,0.0,0.0,0.0
734348,V010,2017,11,0.0,0.0,0.0,0.0,0.0,0.0,0.0,0.1401673339776336,0.0,0.0,0.0,0.0
346181,V010,2017,2,0.0,0.0,0.0,0.0,0.0,0.0,0.0,0.579589672787519,0.0,0.0,0.0,0.0
811517,V010,2017,9,0.0,0.0,0.0,0.0,0.0,0.0,0.0,0.3572906254314511,0.0,0.0,0.0,0.0
753435,V010,2017,2,0.0,0.0,0.0,0.0,0.0,0.0,0.0,0.1904685903631092,0.0,0.0,0.0,0.0
320535,V010,2017,12,0.0,0.0,0.0,0.0,0.0,0.0,0.0,0.27733038796078974,0.0,0.0,0.0,0.0
969769,V010,2017,9,0.0,0.0,0.0,0.0,0.0,0.0,0.0,0.6963048460582633,0.22960312347690648,0.0,0.0,0.0
296906,V010,2017,5,0.0,0.0,0.0,0.0,0.0,0.0,0.0,0.13681568410879472,0.0,0.0,0.0,0.0
813779,V010,2017,12,0.0,0.0,0.0,0.0,0.0,0.0,0.0,0.1711732707441668,0.0,0.0,0.0,0.0
811517,V010,2017,3,0.0,0.0,0.0,0.0,0.0,0.0,0.0,0.35211928758801603,0.2718576743007,0.0,0.0,0.0
734432,V010,2017,8,0.0,0.0,0.0,0.0,0.0,0.0,0.0,0.1523076073450228,0.0,0.0,0.0,0.0
957667,V010,2017,7,0.0,0.0,0.0,0.0,0.0,0.0,0.0,0.5772806847991164,0.0,0.0,0.0,0.0
333596,V010,2017,10,0.0,0.0,0.0,0.0,0.0,0.0,0.0,0.10800773160292697,0.0,0.0,0.0,0.0
971417,V010,2017,8,0.0,0.0,0.0,0.0,0.0,0.0,0.0,0.19835813889272402,0.20577602799421407,0.0,0.0,0.0
320535,V010,2017,9,0.0,0.0,0.0,0.0,0.0,0.0,0.0,0.27733038796078974,0.0,0.0,0.0,0.0
811517,V010,2017,6,0.0,0.0,0.0,0.0,0.0,0.0,0.0,0.3572906254314511,0.0,0.0,0.0,0.0
753435,V010,2017,4,0.0,0.0,0.0,0.0,0.0,0.0,0.0,0.1924070136683695,0.0,0.0,0.12967024393626797,0.7893231265108784
346181,V010,2017,9,0.0,0.0,0.0,0.0,0.0,0.0,0.0,0.5893105066961204,0.0,0.0,0.0,0.0
320535,V010,2017,11,0.0,0.0,0.0,0.0,0.0,0.0,0.0,0.27733038796078974,0.0,0.0,0.0,0.0
750877,V010,2017,7,0.0,0.0,0.0,0.0,0.0,0.0,0.0,0.161537484467762,0.0,0.0,0.0,0.0
320542,V010,2017,11,0.0,0.0,0.0,0.0,0.0,0.0,0.0,0.1797189010078697,0.0,0.0,0.0,0.0
957667,V010,2017,10,0.0,0.0,0.0,0.0,0.0,0.0,0.0,0.5772806847991164,0.0,0.0,0.0,0.0
320535,V010,2017,6,0.0,0.0,0.0,0.0,0.0,0.0,0.0,0.27733038796078974,0.0,0.0,0.0,0.0
750875,V010,2017,3,0.0,0.0,0.0,0.0,0.0,0.0,0.0,0.12215656495927102,0.0,0.0,0.0,0.0
320535,V010,2017,8,0.0,0.0,0.0,0.0,0.0,0.0,0.0,0.27733038796078974,0.0,0.0,0.0,0.0
320535,V010,2017,3,0.0,0.0,0.0,0.0,0.0,0.0,0.0,0.2737269087394726,0.0,0.0,0.0,0.0
459366,V010,2017,12,0.0,0.0,0.0,0.0,0.0,0.0,0.0,0.31445202264255145,0.0,0.0,0.0,0.0
822802,V010,2017,9,0.0,0.0,0.0,0.0,0.0,0.0,0.0,0.22206102443738784,0.0,0.0,0.0,0.0
751545,V010,2017,4,0.0,0.0,0.0,0.0,0.0,0.0,0.0,0.18862460306502832,0.0,0.0,0.12757936163941816,0.7407332796132151
811517,V010,2017,2,0.0,0.0,0.0,0.0,0.0,0.0,0.0,0.35211928758801603,0.2718576743007,0.0,0.0,0.0
297006,V010,2017,6,0.0,0.0,0.0,0.0,0.0,0.8309083547037388,0.0,0.0,0.0,0.0,0.0,0.0
734432,V010,2017,7,0.0,0.0,0.0,0.0,0.0,0.0,0.0,0.1523076073450228,0.0,0.0,0.0,0.0
958041,V010,2017,4,0.0,0.0,0.0,0.0,0.0,0.0,0.0,0.15316526301256386,0.22114057083422078,0.0,0.0,0.0
804319,V010,2017,3,0.0,0.0,0.0,0.0,0.0,0.0,0.0,0.10639845367941461,0.0,0.0,0.0,0.0
750876,V010,2017,1,0.0,0.0,0.0,0.0,0.0,0.0,0.0,0.27535717244235813,0.0,0.0,0.0,0.0
296906,V010,2017,7,0.0,0.0,0.0,0.0,0.0,0.0,0.0,0.13681568410879472,0.0,0.0,0.0,0.0
813779,V010,2017,8,0.0,0.0,0.0,0.0,0.0,0.0,0.0,0.1711732707441668,0.0,0.0,0.0,0.0
296906,V010,2017,11,0.0,0.0,0.0,0.0,0.0,0.0,0.0,0.13681568410879472,0.0,0.0,0.0,0.0
966471,V010,2017,12,0.0,0.0,0.0,0.0,0.0,0.0,0.0,0.1534209581665056,0.0,0.0,0.0,0.0
383677,V010,2017,2,0.0,0.0,0.0,0.0,0.0,0.0,0.0,0.11449344194394588,0.0,0.0,0.0,0.0
218864,V010,2017,1,0.0,0.0,0.0,0.0,0.0,0.0,0.0,0.15886621565649595,0.0,0.0,0.0,0.0
296991,V010,2017,4,0.0,0.0,0.0,0.0,0.0,0.5218614426469739,0.0,0.0,0.0,0.0,0.1018100175107058,0.14170024174053175
750877,V010,2017,12,0.0,0.0,0.0,0.0,0.0,0.0,0.0,0.161537484467762,0.0,0.0,0.0,0.0
751545,V010,2017,9,0.0,0.0,0.0,0.0,0.0,0.0,0.0,0.18862460306502832,0.0,0.0,0.0,0.0
312126,V010,2017,1,0.0,0.0,0.0,0.0,0.0,0.0,0.0,0.4909733535827696,0.0,0.0,0.0,0.0
807039,V010,2017,12,0.0,0.0,0.0,0.0,0.0,0.0,0.0,0.29416650559160573,0.0,0.0,0.0,0.0
746609,V010,2017,11,0.0,0.0,0.0,0.0,0.0,0.0,0.0,0.2208935523954163,0.0,0.0,0.0,0.0
751545,V010,2017,8,0.0,0.0,0.0,0.0,0.0,0.0,0.0,0.18862460306502832,0.0,0.0,0.0,0.0
734348,V010,2017,4,0.0,0.0,0.0,0.0,0.0,0.0,0.0,0.1401673339776336,0.0,0.0,0.10073336916382045,0.11668009669621282
600449,V010,2017,8,0.0,0.0,0.0,0.0,0.0,0.0,0.0,0.4762871738230016,0.0,0.0,0.0,0.0
811517,V010,2017,7,0.0,0.0,0.0,0.0,0.0,0.0,0.0,0.3572906254314511,0.0,0.0,0.0,0.0
296991,V010,2017,10,0.0,0.0,0.0,0.0,0.0,0.5218614426469739,0.0,0.0,0.0,0.0,0.0,0.0
599312,V010,2017,4,0.0,0.0,0.0,0.0,0.0,0.0,0.0,0.20877260803534448,0.0,0.0,0.13874373688864233,1.0
807039,V010,2017,8,0.0,0.0,0.0,0.0,0.0,0.0,0.0,0.29416650559160573,0.0,0.0,0.0,0.0
734431,V010,2017,8,0.0,0.0,0.0,0.0,0.0,0.0,0.0,0.2859279304155737,0.0,0.0,0.0,0.0
297334,V010,2017,3,0.0,0.0,0.0,0.0,0.0,0.0,0.0,0.3688637304984123,0.0,0.0,0.0,0.0
751546,V010,2017,9,0.0,0.0,0.0,0.0,0.0,0.0,0.0,0.14024078420543976,0.0,0.0,0.0,0.0
969769,V010,2017,10,0.0,0.0,0.0,0.0,0.0,0.0,0.0,0.6963048460582633,0.0,0.0,0.0,0.0
346181,V010,2017,1,0.0,0.0,0.0,0.0,0.0,0.0,0.0,0.579589672787519,0.0,0.0,0.0,0.0
599313,V010,2017,1,0.0,0.0,0.0,0.0,0.0,0.0,0.0,0.3571415159464311,0.0,0.0,0.0,0.0
804319,V010,2017,2,0.0,0.0,0.0,0.0,0.0,0.0,0.0,0.10639845367941461,0.0,0.0,0.0,0.0
753882,V010,2017,7,0.0,0.0,0.0,0.0,0.0,0.0,0.0,0.15629380091122463,0.0,0.0,0.0,0.0
296991,V010,2017,7,0.0,0.0,0.0,0.0,0.0,0.5218614426469739,0.0,0.0,0.0,0.0,0.0,0.0
297612,V010,2017,3,0.0,0.0,0.0,0.0,0.0,0.2963017951140505,0.0,0.0,0.0,0.0,0.0,0.0
966471,V010,2017,10,0.0,0.0,0.0,0.0,0.0,0.0,0.0,0.1534209581665056,0.0,0.0,0.0,0.0
971417,V010,2017,9,0.0,0.0,0.0,0.0,0.0,0.0,0.0,0.19835813889272402,0.20577602799421407,0.0,0.0,0.0
350848,V010,2017,12,0.0,0.0,0.0,0.0,0.0,0.0,0.0,0.1634808780891896,0.0,0.0,0.0,0.0
329685,V010,2017,2,0.0,0.0,0.0,0.0,0.0,0.0,0.0,0.3685920198812647,0.0,0.0,0.0,0.0
312126,V010,2017,2,0.0,0.0,0.0,0.0,0.0,0.0,0.0,0.4909733535827696,0.0,0.0,0.0,0.0
377068,V010,2017,12,0.0,0.0,0.0,0.0,0.0,0.0,0.0,0.13311003727737125,0.0,0.0,0.0,0.0
296991,V010,2018,10,0.0,0.0,0.0,0.0,0.0,0.5371208761544841,0.0,0.0,0.0,0.0,0.0,0.0
320535,V010,2018,2,0.0,0.0,0.0,0.0,0.0,0.0,0.0,0.27733038796078974,0.0,0.0,0.0,0.0
297612,V010,2018,10,0.0,0.0,0.0,0.0,0.0,0.3106299288510113,0.0,0.0,0.0,0.0,0.0,0.0
969769,V010,2018,4,0.0,0.0,0.0,0.0,0.0,0.0,0.0,0.714387960789728,0.0,0.0,0.0,0.0
957667,V010,2018,1,0.0,0.0,0.0,0.0,0.0,0.0,0.0,0.5772806847991164,0.0,0.0,0.0,0.0
1025693,V010,2018,8,0.0,0.0,0.0,0.0,0.0,0.0,0.0,0.8205367941460721,0.30058931061111904,0.0,0.0,0.0
320542,V010,2018,6,0.0,0.0,0.0,0.0,0.0,0.0,0.0,0.18230401767223528,0.0,0.0,0.0,0.0
822802,V010,2018,9,0.0,0.0,0.0,0.0,0.0,0.0,0.0,0.22591633301118325,0.0,0.0,0.0,0.0
811517,V010,2018,6,0.0,0.0,0.0,0.0,0.0,0.0,0.0,0.3652028165124949,0.0,0.0,0.0,0.0
377068,V010,2018,8,0.0,0.0,0.0,0.0,0.0,0.0,0.0,0.13429683832666023,0.0,0.0,0.0,0.0
822802,V010,2018,6,0.0,0.0,0.0,0.0,0.0,0.0,0.0,0.22591633301118325,0.0,0.0,0.0,0.0
734348,V010,2018,3,0.0,0.0,0.0,0.0,0.0,0.0,0.0,0.14156620185006213,0.0,0.0,0.0,0.0
333596,V010,2018,7,0.0,0.0,0.0,0.0,0.0,0.0,0.0,0.1084418058815408,0.0,0.0,0.0,0.0
750877,V010,2018,4,0.0,0.0,0.0,0.0,0.0,0.0,0.0,0.1635775231257766,0.0,0.0,0.0,0.0
957667,V010,2018,7,0.0,0.0,0.0,0.0,0.0,0.0,0.0,0.5917929034930278,0.0,0.0,0.0,0.0
822802,V010,2018,12,0.0,0.0,0.0,0.0,0.0,0.0,0.0,0.22591633301118325,0.0,0.0,0.0,0.0
350848,V010,2018,12,0.0,0.0,0.0,0.0,0.0,0.0,0.0,0.16557890376915646,0.0,0.0,0.0,0.0
297006,V010,2018,4,0.0,0.0,0.0,0.0,0.0,0.8554402946223707,0.0,0.0,0.0,0.0,0.0,0.0
383677,V010,2018,10,0.0,0.0,0.0,0.0,0.0,0.0,0.0,0.13756564959271023,0.0,0.0,0.0,0.0
807039,V010,2018,4,0.0,0.0,0.0,0.0,0.0,0.0,0.0,0.30018500621289523,0.0,0.0,0.0,0.0
296991,V010,2018,1,0.0,0.0,0.0,0.0,0.0,0.5218614426469739,0.0,0.0,0.0,0.0,0.0,0.0
746609,V010,2018,8,0.0,0.0,0.0,0.0,0.0,0.0,0.0,0.22471406875604033,0.0,0.0,0.0,0.0
1017711,V010,2018,9,0.0,0.0,0.0,0.0,0.0,0.0,0.0,0.13756454507800636,0.0,0.0,0.0,0.0
734432,V010,2018,7,0.0,0.0,0.0,0.0,0.0,0.0,0.0,0.15407041281237058,0.0,0.0,0.0,0.0
333596,V010,2018,9,0.0,0.0,0.0,0.0,0.0,0.0,0.0,0.1084418058815408,0.0,0.0,0.0,0.0
459366,V010,2018,5,0.0,0.0,0.0,0.0,0.0,0.0,0.0,0.32107911086566343,0.0,0.0,0.0,0.0
383677,V010,2018,12,0.0,0.0,0.0,0.0,0.0,0.0,0.0,0.13756564959271023,0.0,0.0,0.0,0.0
813779,V010,2018,5,0.0,0.0,0.0,0.0,0.0,0.0,0.0,0.17350213999723874,0.0,0.0,0.0,0.0
811517,V010,2018,5,0.0,0.0,0.0,0.0,0.0,0.0,0.0,0.3652028165124949,0.0,0.0,0.0,0.0
1025693,V010,2018,10,0.0,0.0,0.0,0.0,0.0,0.0,0.0,0.8205367941460721,0.30058931061111904,0.0,0.0,0.0
1025693,V010,2018,9,0.0,0.0,0.0,0.0,0.0,0.0,0.0,0.8205367941460721,0.30058931061111904,0.0,0.0,0.0
320535,V010,2018,6,0.0,0.0,0.0,0.0,0.0,0.0,0.0,0.28284412536241893,0.0,0.0,0.0,0.0
753882,V010,2018,8,0.0,0.0,0.0,0.0,0.0,0.0,0.0,0.15817644622394036,0.0,0.0,0.0,0.0
333596,V010,2018,3,0.0,0.0,0.0,0.0,0.0,0.0,0.0,0.1084418058815408,0.0,0.0,0.0,0.0
957667,V010,2018,10,0.0,0.0,0.0,0.0,0.0,0.0,0.0,0.4613789866077593,0.0,0.0,0.0,0.0
333596,V010,2018,8,0.0,0.0,0.0,0.0,0.0,0.0,0.0,0.1084418058815408,0.0,0.0,0.0,0.0
997925,V010,2018,6,0.0,0.0,0.0,0.0,0.0,0.0,0.0,0.41829186801049295,0.0,0.0,0.0,0.0
297612,V010,2018,2,0.0,0.0,0.0,0.0,0.0,0.3019647918554654,0.0,0.0,0.0,0.0,0.0,0.0
377068,V010,2018,3,0.0,0.0,0.0,0.0,0.0,0.0,0.0,0.13429683832666023,0.0,0.0,0.0,0.0
734431,V010,2018,3,0.0,0.0,0.0,0.0,0.0,0.0,0.0,0.2916995720005523,0.0,0.0,0.0,0.0
600449,V010,2018,2,0.0,0.0,0.0,0.0,0.0,0.0,0.0,0.4762871738230016,0.0,0.0,0.0,0.0
971417,V010,2018,1,0.0,0.0,0.0,0.0,0.0,0.0,0.0,0.19835813889272402,0.0,0.0,0.0,0.0
350848,V010,2018,9,0.0,0.0,0.0,0.0,0.0,0.0,0.0,0.16557890376915646,0.0,0.0,0.0,0.0
997925,V010,2018,10,0.0,0.0,0.0,0.0,0.0,0.0,0.0,0.41829186801049295,0.0,0.0,0.0,0.0
966471,V010,2018,6,0.0,0.0,0.0,0.0,0.0,0.0,0.0,0.15521745133232087,0.0,0.0,0.0,0.0
312126,V010,2018,4,0.0,0.0,0.0,0.0,0.0,0.0,0.0,0.5110832527958029,0.0,0.0,0.0,0.0
320542,V010,2018,7,0.0,0.0,0.0,0.0,0.0,0.0,0.0,0.18230401767223528,0.0,0.0,0.0,0.0
1017711,V010,2018,12,0.0,0.0,0.0,0.0,0.0,0.0,0.0,0.13756454507800636,0.0,0.0,0.0,0.0
600449,V010,2018,10,0.0,0.0,0.0,0.0,0.0,0.0,0.0,0.4877697086842469,0.0,0.0,0.0,0.0
383677,V010,2018,4,0.0,0.0,0.0,0.0,0.0,0.0,0.0,0.13756564959271023,0.0,0.0,0.0,0.0
383677,V010,2018,2,0.0,0.0,0.0,0.0,0.0,0.0,0.0,0.13628330802153804,0.0,0.0,0.0,0.0
1017711,V010,2018,10,0.0,0.0,0.0,0.0,0.0,0.0,0.0,0.13756454507800636,0.0,0.0,0.0,0.0
320542,V010,2018,8,0.0,0.0,0.0,0.0,0.0,0.0,0.0,0.18230401767223528,0.0,0.0,0.0,0.0
297006,V010,2018,11,0.0,0.0,0.0,0.0,0.0,0.8554402946223707,0.0,0.0,0.0,0.0,0.0,0.0
297612,V010,2018,8,0.0,0.0,0.0,0.0,0.0,0.3106299288510113,0.0,0.0,0.0,0.0,0.0,0.0
350848,V010,2018,1,0.0,0.0,0.0,0.0,0.0,0.0,0.0,0.1634808780891896,0.0,0.0,0.0,0.0
734348,V010,2018,5,0.0,0.0,0.0,0.0,0.0,0.0,0.0,0.14156620185006213,0.0,0.0,0.0,0.0
969769,V010,2018,11,0.0,0.0,0.0,0.0,0.0,0.0,0.0,0.714387960789728,0.0,0.0,0.0,0.0
333596,V010,2018,4,0.0,0.0,0.0,0.0,0.0,0.0,0.0,0.1084418058815408,0.0,0.0,0.0,0.0
297612,V010,2018,7,0.0,0.0,0.0,0.0,0.0,0.3106299288510113,0.0,0.0,0.0,0.0,0.0,0.0
734432,V010,2018,6,0.0,0.0,0.0,0.0,0.0,0.0,0.0,0.15407041281237058,0.0,0.0,0.0,0.0
971417,V010,2018,8,0.0,0.0,0.0,0.0,0.0,0.0,0.0,0.20150269225459067,0.0,0.0,0.0,0.0
971417,V010,2018,7,0.0,0.0,0.0,0.0,0.0,0.0,0.0,0.20150269225459067,0.0,0.0,0.0,0.0
813779,V010,2018,7,0.0,0.0,0.0,0.0,0.0,0.0,0.0,0.17350213999723874,0.0,0.0,0.0,0.0
734431,V010,2018,10,0.0,0.0,0.0,0.0,0.0,0.0,0.0,0.2916995720005523,0.0,0.0,0.0,0.0
459366,V010,2018,11,0.0,0.0,0.0,0.0,0.0,0.0,0.0,0.32107911086566343,0.0,0.0,0.0,0.0
296991,V010,2018,6,0.0,0.0,0.0,0.0,0.0,0.5371208761544841,0.0,0.0,0.0,0.0,0.0,0.0
320535,V010,2018,5,0.0,0.0,0.0,0.0,0.0,0.0,0.0,0.28284412536241893,0.0,0.0,0.0,0.0
377068,V010,2018,9,0.0,0.0,0.0,0.0,0.0,0.0,0.0,0.13429683832666023,0.0,0.0,0.0,0.0
807039,V010,2018,10,0.0,0.0,0.0,0.0,0.0,0.0,0.0,0.30018500621289523,0.0,0.0,0.0,0.0
1017711,V010,2018,11,0.0,0.0,0.0,0.0,0.0,0.0,0.0,0.13756454507800636,0.0,0.0,0.0,0.0
1023554,V010,2018,11,0.0,0.0,0.0,0.0,0.0,0.0,0.0,0.1475769708684247,0.0,0.0,0.0,0.0
377068,V010,2018,5,0.0,0.0,0.0,0.0,0.0,0.0,0.0,0.13429683832666023,0.0,0.0,0.0,0.0
1025693,V010,2018,12,0.09999999999990905,0.0,0.0,0.0,0.0,0.0,0.0,0.8205367941460721,0.0,0.0,0.0,0.0
296991,V010,2018,4,0.0,0.0,0.0,0.0,0.0,0.5371208761544841,0.0,0.0,0.0,0.0,0.0,0.0
297006,V010,2018,7,0.0,0.0,0.0,0.0,0.0,0.8554402946223707,0.0,0.0,0.0,0.0,0.0,0.0
375130,V010,2018,1,0.0,0.0,0.0,0.0,0.0,0.0,0.0,0.34822035068341856,0.0,0.0,0.0,0.0
980113,V010,2018,7,0.0,0.0,0.0,0.0,0.0,0.0,0.0,0.1,0.0,0.0,0.0,0.0
297612,V010,2019,7,0.0,0.0,0.0,0.0,0.0,0.3106299288510113,0.0,0.0,0.0,0.0,0.0,0.0
753882,V010,2019,5,0.0,0.0,0.0,0.0,0.0,0.0,0.0,0.15817644622394036,0.0,0.0,0.0,0.0
997925,V010,2019,10,0.0,0.0,0.0,0.0,0.0,0.0,0.0,0.41829186801049295,0.0,0.0,0.0,0.0
753882,V010,2019,8,0.0,0.0,0.0,0.0,0.0,0.0,0.0,0.15817644622394036,0.0,0.0,0.0,0.0
1023554,V010,2019,2,0.0,0.0,0.0,0.0,0.0,0.0,0.0,0.1475769708684247,0.0,0.0,0.0,0.0
1025693,V010,2019,9,0.0,0.0,0.0,0.0,0.0,0.0,0.0,0.8205367941460721,0.0,0.0,0.0,0.0
957667,V010,2019,8,0.0,0.0,0.0,0.0,0.0,0.0,0.0,0.4613789866077593,0.0,0.0,0.0,0.0
1017711,V010,2019,1,0.0,0.0,0.0,0.0,0.0,0.0,0.0,0.13756454507800636,0.0,0.0,0.0,0.0
1027842,V010,2019,5,0.0,0.0,0.0,0.0,0.0,0.0,0.0,0.12891619494684525,0.0,0.0,0.0,0.0
957667,V010,2019,7,0.0,0.0,0.0,0.0,0.0,0.0,0.0,0.4613789866077593,0.0,0.0,0.0,0.0
383677,V010,2019,5,0.0,0.0,0.0,0.0,0.0,0.0,0.0,0.13756564959271023,0.0,0.0,0.0,0.0
807039,V010,2019,1,0.0,0.0,0.0,0.0,0.0,0.0,0.0,0.30018500621289523,0.0,0.0,0.0,0.0
1025693,V010,2019,12,0.0,0.0,0.0,0.0,0.0,0.0,0.0,0.8205367941460721,0.0,0.0,0.0,0.0
1054768,V010,2019,7,0.0,0.0,0.0,0.0,0.0,0.0,0.0,0.9105685489438079,0.4276410850109957,0.0,0.0,0.0
958041,V010,2019,4,0.0,0.0,0.0,0.0,0.0,0.0,0.0,0.15495402457545218,0.0,0.0,0.0,0.0
957667,V010,2019,6,0.0,0.0,0.0,0.0,0.0,0.0,0.0,0.4613789866077593,0.0,0.0,0.0,0.0
1027842,V010,2019,11,0.0,0.0,0.0,0.0,0.0,0.0,0.0,0.12891619494684525,0.0,0.0,0.0,0.0
350848,V010,2019,9,0.0,0.0,0.0,0.0,0.0,0.0,0.0,0.16557890376915646,0.0,0.0,0.0,0.0
383677,V010,2019,10,0.0,0.0,0.0,0.0,0.0,0.0,0.0,0.13756564959271023,0.0,0.0,0.0,0.0
1027078,V010,2019,2,0.0,0.0,0.0,0.0,0.0,0.0,0.0,0.26919839845367943,0.0,0.0,0.0,0.0
329685,V010,2019,10,0.0,0.0,0.0,0.0,0.0,0.0,0.0,0.38250945740715175,0.0,0.0,0.0,0.0
375130,V010,2019,11,0.0,0.0,0.0,0.0,0.0,0.0,0.0,0.3558608311473147,0.0,0.0,0.0,0.0
980113,V010,2019,2,0.0,0.0,0.0,0.0,0.0,0.0,0.0,0.1,0.0,0.0,0.0,0.0
966471,V010,2019,4,0.0,0.0,0.0,0.0,0.0,0.0,0.0,0.15521745133232087,0.0,0.0,0.0,0.0
1054768,V010,2019,6,0.0,0.0,0.0,0.0,0.0,0.0,0.0,0.9105685489438079,0.4276410850109957,0.0,0.0,0.0
1017711,V010,2019,8,0.0,0.0,0.0,0.0,0.0,0.0,0.0,0.13756454507800636,0.0,0.0,0.0,0.0
734432,V010,2019,1,0.0,0.0,0.0,0.0,0.0,0.0,0.0,0.15407041281237058,0.0,0.0,0.0,0.0
329685,V010,2019,7,0.0,0.0,0.0,0.0,0.0,0.0,0.0,0.38250945740715175,0.0,0.0,0.0,0.0
296991,V010,2019,10,0.0,0.0,0.0,0.0,0.0,0.5371208761544841,0.0,0.0,0.0,0.0,0.0,0.0
957667,V010,2019,4,0.0,0.0,0.0,0.0,0.0,0.0,0.0,0.4613789866077593,0.0,0.0,0.0,0.0
297006,V010,2019,11,0.0,0.0,0.0,0.0,0.0,0.8554402946223707,0.0,0.0,0.0,0.0,0.0,0.0
600449,V010,2019,12,0.0,0.0,0.0,0.0,0.0,0.0,0.0,0.4877697086842469,0.0,0.0,0.0,0.0
297612,V010,2019,1,0.0,0.0,0.0,0.0,0.0,0.3106299288510113,0.0,0.0,0.0,0.0,0.0,0.0
753882,V010,2019,1,0.0,0.0,0.0,0.0,0.0,0.0,0.0,0.15817644622394036,0.0,0.0,0.0,0.0
971417,V010,2019,9,0.0,0.0,0.0,0.0,0.0,0.0,0.0,0.20150269225459067,0.0,0.0,0.0,0.0
383677,V010,2019,1,0.0,0.0,0.0,0.0,0.0,0.0,0.0,0.13756564959271023,0.0,0.0,0.0,0.0
1025693,V010,2019,6,0.0,0.1000000000003638,0.0,0.0,0.0,0.0,0.0,0.8205367941460721,0.0,0.0,0.0,0.0
1025693,V010,2019,8,0.0,0.0,0.0,0.0,0.0,0.0,0.0,0.8205367941460721,0.0,0.0,0.0,0.0
296991,V010,2019,7,0.0,0.0,0.0,0.0,0.0,0.5371208761544841,0.0,0.0,0.0,0.0,0.0,0.0
375130,V010,2019,6,0.0,0.0,0.0,0.0,0.0,0.0,0.0,0.3558608311473147,0.0,0.0,0.0,0.0
329685,V010,2019,11,0.0,0.0,0.0,0.0,0.0,0.0,0.0,0.38250945740715175,0.0,0.0,0.0,0.0
753882,V010,2019,7,0.0,0.0,0.0,0.0,0.0,0.0,0.0,0.15817644622394036,0.0,0.0,0.0,0.0
375130,V010,2019,4,0.0,0.0,0.0,0.0,0.0,0.0,0.0,0.3558608311473147,0.0,0.0,0.0,0.0
297612,V010,2019,2,0.0,0.0,0.0,0.0,0.0,0.3106299288510113,0.0,0.0,0.0,0.0,0.0,0.0
734431,V010,2019,2,0.0,0.0,0.0,0.0,0.0,0.0,0.0,0.2916995720005523,0.0,0.0,0.0,0.0
1017711,V010,2019,4,0.0,0.0,0.0,0.0,0.0,0.0,0.0,0.13756454507800636,0.0,0.0,0.0,0.0
297006,V010,2019,8,0.0,0.0,0.0,0.0,0.0,0.8554402946223707,0.0,0.0,0.0,0.0,0.0,0.0
1012328,V010,2019,3,0.0,0.0,0.0,0.0,0.0,0.0,0.0,0.13219384233052603,0.0,0.0,0.0,0.0
971417,V010,2019,2,0.0,0.0,0.0,0.0,0.0,0.0,0.0,0.20150269225459067,0.0,0.0,0.0,0.0
1017711,V010,2019,2,0.0,0.0,0.0,0.0,0.0,0.0,0.0,0.13756454507800636,0.0,0.0,0.0,0.0
383677,V010,2019,12,0.0,0.0,0.0,0.0,0.0,0.0,0.0,0.13756564959271023,0.0,0.0,0.0,0.0
958041,V010,2019,6,0.0,0.0,0.0,0.0,0.0,0.0,0.0,0.15495402457545218,0.0,0.0,0.0,0.0
958041,V010,2019,11,0.0,0.0,0.0,0.0,0.0,0.0,0.0,0.15495402457545218,0.0,0.0,0.0,0.0
297006,V010,2019,4,0.0,0.0,0.0,0.0,0.0,0.8554402946223707,0.0,0.0,0.0,0.0,0.0,0.0
958041,V010,2019,10,0.0,0.0,0.0,0.0,0.0,0.0,0.0,0.15495402457545218,0.0,0.0,0.0,0.0
296991,V010,2019,11,0.0,0.0,0.0,0.0,0.0,0.5371208761544841,0.0,0.0,0.0,0.0,0.0,0.0
297006,V010,2020,10,0.0,0.0,0.0,0.0,0.0,0.8554402946223707,0.0,0.0,0.0,0.0,0.0,0.0
329685,V010,2020,9,0.0,0.0,0.0,0.0,0.0,0.0,0.0,0.38250945740715175,0.0,0.0,0.0,0.0
1027842,V010,2020,12,0.0,0.0,0.0,0.0,0.0,0.0,0.0,0.12891619494684525,0.0,0.0,0.0,0.0
997925,V010,2020,11,0.0,0.0,0.0,0.0,0.0,0.0,0.0,0.41829186801049295,0.0,0.0,0.0,0.0
1027842,V010,2020,4,0.0,0.0,0.0,0.0,0.0,0.0,0.0,0.12891619494684525,0.0,0.0,0.0,0.0
297006,V010,2020,6,0.0,0.0,0.0,0.0,0.0,0.8554402946223707,0.0,0.0,0.0,0.0,0.0,0.0
297612,V010,2020,3,0.0,0.0,0.0,0.0,0.0,0.3106299288510113,0.0,0.0,0.0,0.0,0.0,0.0
600449,V010,2020,3,0.0,0.0,0.0,0.0,0.0,0.0,0.0,0.4877697086842469,0.0,0.0,0.0,0.0
1017711,V010,2020,5,0.0,0.0,0.0,0.0,0.0,0.0,0.0,0.13756454507800636,0.0,0.0,0.0,0.0
958041,V010,2020,7,0.0,0.0,0.0,0.0,0.0,0.0,0.0,0.15495402457545218,0.0,0.0,0.0,0.0
958041,V010,2020,6,0.0,0.0,0.0,0.0,0.0,0.0,0.0,0.15495402457545218,0.0,0.0,0.0,0.0
1054768,V010,2020,7,0.0,0.0,0.0,0.0,0.0,0.0,0.0,0.9105685489438079,0.0,0.0,0.0,0.0
600449,V010,2020,4,0.0,0.0,0.0,0.0,0.0,0.0,0.0,0.4877697086842469,0.0,0.0,0.0,0.0
1064304,V010,2020,7,0.0,0.0,0.0,0.0,0.0,0.0,0.0,0.5435261631920476,0.0,0.0,0.0,0.0
329685,V010,2020,12,0.0,0.0,0.0,0.0,0.0,0.0,0.0,0.38250945740715175,0.0,0.0,0.0,0.0
297006,V010,2020,7,0.0,0.0,0.0,0.0,0.0,0.8554402946223707,0.0,0.0,0.0,0.0,0.0,0.0
375130,V010,2020,6,0.0,0.0,0.0,0.0,0.0,0.0,0.0,0.3558608311473147,0.0,0.0,0.0,0.0
329685,V010,2020,2,0.0,0.0,0.0,0.0,0.0,0.0,0.0,0.38250945740715175,0.0,0.0,0.0,0.0
753882,V010,2020,5,0.0,0.0,0.0,0.0,0.0,0.0,0.0,0.15817644622394036,0.0,0.0,0.0,0.0
375130,V010,2020,11,0.0,0.0,0.0,0.0,0.0,0.0,0.0,0.3558608311473147,0.0,0.0,0.0,0.0
1054768,V010,2020,9,0.0,0.0,0.0,0.0,0.0,0.0,0.0,0.9105685489438079,0.0,0.0,0.0,0.0
1017711,V010,2020,12,0.0,0.0,0.0,0.0,0.0,0.0,0.0,0.13756454507800636,0.0,0.0,0.0,0.0
1027842,V010,2020,2,0.0,0.0,0.0,0.0,0.0,0.0,0.0,0.12891619494684525,0.0,0.0,0.0,0.0
297612,V010,2020,9,0.0,0.0,0.0,0.0,0.0,0.3106299288510113,0.0,0.0,0.0,0.0,0.0,0.0
296991,V010,2020,10,0.0,0.0,0.0,0.0,0.0,0.5371208761544841,0.0,0.0,0.0,0.0,0.0,0.0
1025693,V010,2020,2,0.0,0.0,0.0,0.0,0.0,0.0,0.0,0.8205367941460721,0.0,0.0,0.0,0.0
383677,V010,2020,3,0.0,0.0,0.0,0.0,0.0,0.0,0.0,0.13756564959271023,0.0,0.0,0.0,0.0
297006,V010,2020,9,0.0,0.0,0.0,0.0,0.0,0.8554402946223707,0.0,0.0,0.0,0.0,0.0,0.0
1064304,V010,2020,2,0.0,0.0,0.0,0.0,0.0,0.0,0.0,0.5435261631920476,0.0,0.0,0.0,0.0
1017711,V010,2020,1,0.0,0.0,0.0,0.0,0.0,0.0,0.0,0.13756454507800636,0.0,0.0,0.0,0.0
600449,V010,2020,10,0.0,0.0,0.0,0.0,0.0,0.0,0.0,0.4877697086842469,0.0,0.0,0.0,0.0
375130,V010,2020,10,0.0,0.0,0.0,0.0,0.0,0.0,0.0,0.3558608311473147,0.0,0.0,0.0,0.0
1017711,V010,2020,7,0.0,0.0,0.0,0.0,0.0,0.0,0.0,0.13756454507800636,0.0,0.0,0.0,0.0
1025693,V010,2020,11,0.0,0.0,0.0,0.0,0.0,0.0,0.0,0.8205367941460721,0.0,0.0,0.0,0.0
600449,V010,2020,1,0.0,0.0,0.0,0.0,0.0,0.0,0.0,0.4877697086842469,0.0,0.0,0.0,0.0
297612,V010,2020,8,0.0,0.0,0.0,0.0,0.0,0.3106299288510113,0.0,0.0,0.0,0.0,0.0,0.0
1064304,V010,2020,8,0.0,0.0,0.0,0.0,0.0,0.0,0.0,0.5435261631920476,0.0,0.0,0.0,0.0
375130,V010,2021,4,0.0,0.0,0.0,0.0,0.0,0.0,0.0,0.3558608311473147,0.0,0.0,0.0,0.0
1114445,V010,2021,9,0.0,0.0,0.0,0.0,0.0,0.0,0.0,0.1710247135164987,0.0,0.0,0.0,0.0
1111491,V010,2021,6,0.0,0.0,0.0,0.0,0.0,0.0,0.0,0.290328869253072,0.0,0.0,0.0,0.0
1025693,V010,2021,1,0.0,0.0,0.0,0.0,0.0,0.0,0.0,0.8205367941460721,0.0,0.0,0.0,0.0
997925,V010,2021,10,0.0,0.0,0.0,0.0,0.0,0.0,0.0,0.41829186801049295,0.0,0.0,0.0,0.0
1117443,V010,2021,12,0.0,0.0,0.0,0.0,0.0,0.0,0.0,0.1893546872842745,0.272134036150482,0.0,0.0,0.0
600449,V010,2021,7,0.0,0.0,0.0,0.0,0.0,0.0,0.0,0.4877697086842469,0.0,0.0,0.0,0.0
1115041,V010,2021,12,0.0,0.0,0.0,0.0,0.0,0.0,0.0,0.3282733673892034,0.0,0.0,0.0,0.0
297006,V010,2021,10,0.0,0.0,0.0,0.0,0.0,0.8554402946223707,0.0,0.0,0.0,0.0,0.0,0.0
1054768,V010,2021,2,0.0,0.0,0.0,0.0,0.0,0.0,0.0,0.9105685489438079,0.0,0.0,0.0,0.0
1111491,V010,2021,3,0.0,0.0,0.0,0.0,0.0,0.0,0.0,0.290328869253072,0.0,0.0,0.0,0.0
1115819,V010,2021,11,0.0,0.0,0.0,0.0,0.0,0.0,0.0,0.39787546596714074,0.0,0.0,0.0,0.0
1112294,V010,2021,11,0.0,0.0,0.0,0.0,0.0,0.0,0.0,0.14134750793869943,0.0,0.0,0.0,0.0
1025693,V010,2021,8,0.0,0.0,0.0,0.0,0.0,0.0,0.0,0.8205367941460721,0.0,0.0,0.0,0.0
297612,V010,2021,4,0.0,0.0,0.0,0.0,0.0,0.3106299288510113,0.0,0.0,0.0,0.0,0.0,0.0
1115336,V010,2021,12,0.0,0.0,0.0,0.0,0.0,0.0,0.0,0.26627364351787935,0.0,0.0,0.0,0.0
1112295,V010,2021,11,0.0,0.0,0.0,0.0,0.0,0.0,0.0,0.14134750793869943,0.0,0.0,0.0,0.0
329685,V010,2021,3,0.0,0.0,0.0,0.0,0.0,0.0,0.0,0.38250945740715175,0.0,0.0,0.0,0.0
1117883,V010,2021,11,0.0,0.0,0.0,0.0,0.0,0.0,0.0,0.1542902112384371,0.3302588131989897,1.0,0.0,0.0
1025693,V010,2021,12,0.0,0.0,0.0,0.0,0.0,0.0,0.0,0.8205367941460721,0.0,0.0,0.0,0.0
1025693,V010,2021,5,0.0,0.0,0.0,0.0,0.0,0.0,0.0,0.8205367941460721,0.0,0.0,0.0,0.0
997925,V010,2021,5,0.0,0.0,0.0,0.0,0.0,0.0,0.0,0.41829186801049295,0.0,0.0,0.0,0.0
1112294,V010,2021,3,0.0,0.0,0.0,0.0,0.0,0.0,0.0,0.14134750793869943,0.0,0.0,0.0,0.0
1117443,V010,2021,10,0.0,0.0,0.0,0.0,0.0,0.0,0.0,0.1893546872842745,0.272134036150482,0.0,0.0,0.0
1112294,V010,2021,5,0.0,0.0,0.0,0.0,0.0,0.0,0.0,0.14134750793869943,0.0,0.0,0.0,0.0
1111491,V010,2021,9,0.0,0.0,0.0,0.0,0.0,0.0,0.0,0.290328869253072,0.0,0.0,0.0,0.0
329685,V010,2021,10,0.0,0.0,0.0,0.0,0.0,0.0,0.0,0.38250945740715175,0.0,0.0,0.0,0.0
1054768,V010,2021,6,0.0,0.0,0.0,0.0,0.0,0.0,0.0,0.9105685489438079,0.0,0.0,0.0,0.0
329685,V010,2021,1,0.0,0.0,0.0,0.0,0.0,0.0,0.0,0.38250945740715175,0.0,0.0,0.0,0.0
1115041,V010,2021,6,0.0,0.0,0.0,0.0,0.0,0.0,0.0,0.3282733673892034,0.2347128776781946,0.0,0.0,0.0
1111491,V010,2021,1,0.0,0.0,0.0,0.0,0.0,0.0,0.0,0.290328869253072,0.0,0.0,0.0,0.0
1111447,V010,2021,4,0.0,0.0,0.0,0.0,0.0,0.0,0.0,0.16527460996824522,0.0,0.0,0.0,0.0
1054768,V010,2021,11,0.0,0.0,0.0,0.0,0.0,0.0,0.0,0.9105685489438079,0.0,0.0,0.0,0.0
1017711,V010,2021,6,0.0,0.0,0.0,0.0,0.0,0.0,0.0,0.13756454507800636,0.0,0.0,0.0,0.0
1017711,V010,2021,11,0.0,0.0,0.0,0.0,0.0,0.0,0.0,0.13756454507800636,0.0,0.0,0.0,0.0
1112294,V010,2021,2,0.0,0.0,0.0,0.0,0.0,0.0,0.0,0.14134750793869943,0.19597517839386072,0.09999999999999964,0.0,0.0
1115041,V010,2021,10,0.0,0.0,0.0,0.0,0.0,0.0,0.0,0.3282733673892034,0.0,0.0,0.0,0.0
1027842,V010,2021,10,0.0,0.0,0.0,0.0,0.0,0.0,0.0,0.12891619494684525,0.0,0.0,0.0,0.0
1115333,V010,2021,12,0.0,0.0,0.0,0.0,0.0,0.0,0.0,0.26627364351787935,0.0,0.0,0.0,0.0
1027842,V010,2021,7,0.0,0.0,0.0,0.0,0.0,0.0,0.0,0.12891619494684525,0.0,0.0,0.0,0.0
1064304,V010,2021,5,0.0,0.0,0.0,0.0,0.0,0.0,0.0,0.5435261631920476,0.0,0.0,0.0,0.0
1112295,V010,2021,7,0.0,0.0,0.0,0.0,0.0,0.0,0.0,0.14134750793869943,0.0,0.0,0.0,0.0
1115336,V010,2021,7,0.0,0.0,0.0,0.0,0.0,0.0,0.0,0.17990777302222838,0.2872833695500202,0.0,0.0,0.0
297006,V010,2022,10,0.0,0.0,0.0,0.0,0.0,0.9458978462487708,0.0,0.0,0.0,0.0,0.0,0.0
1138975,V010,2022,7,0.0,0.0,0.0,0.0,0.0,0.0,0.0,0.13697418196879746,0.0,0.0,0.0,0.0
1114445,V010,2022,2,0.0,0.0,0.0,0.0,0.0,0.0,0.0,0.17518542040590918,0.0,0.0,0.0,0.0
1115819,V010,2022,6,0.0,0.0,0.0,0.0,0.0,0.0,0.0,0.4305608173408809,0.0,0.0,0.0,0.0
1027842,V010,2022,4,0.0,0.0,0.0,0.0,0.0,0.0,0.0,0.13081596023747066,0.0,0.0,0.0,0.0
1117883,V010,2022,5,0.0,0.0,0.0,0.0,0.0,0.0,0.0,0.16081457959409085,0.0,0.0,0.0,0.0
1139573,V010,2022,8,0.0,0.0,0.0,0.0,0.0,0.0,0.0,0.20101228772608037,0.0,0.0,0.0,0.0
1115041,V010,2022,3,0.0,0.0,0.0,0.0,0.0,0.0,0.0,0.34087864144691427,0.0,0.0,0.0,0.0
997925,V010,2022,7,0.0,0.0,0.0,0.0,0.0,0.0,0.0,0.45317023332873124,0.0,0.0,0.0,0.0
1117443,V010,2022,10,0.0,0.0,0.0,0.0,0.0,0.0,0.0,0.19964545078006352,0.0,0.0,0.0,0.0
997925,V010,2022,11,0.0,0.0,0.0,0.0,0.0,0.0,0.0,0.45317023332873124,0.0,0.0,0.0,0.0
1139573,V010,2022,11,0.0,0.0,0.0,0.0,0.0,0.0,0.0,0.20101228772608037,0.0,0.0,0.0,0.0
1112294,V010,2022,12,0.0,0.0,0.0,0.0,0.0,0.0,0.0,0.14648129228220352,0.0,0.0,0.0,0.0
1115041,V010,2022,1,0.0,0.0,0.0,0.0,0.0,0.0,0.0,0.34087864144691427,0.0,0.0,0.0,0.0
297006,V010,2022,6,0.0,0.0,0.0,0.0,0.0,0.9458978462487708,0.0,0.0,0.0,0.0,0.0,0.0
1117443,V010,2022,2,0.0,0.0,0.0,0.0,0.0,0.0,0.0,0.194500069032169,0.0,0.0,0.0,0.0
1117883,V010,2022,3,0.0,0.0,0.0,0.0,0.0,0.0,0.0,0.15755239541626398,0.0,0.0,0.0,0.0
1112294,V010,2022,9,0.0,0.0,0.0,0.0,0.0,0.0,0.0,0.14648129228220352,0.0,0.0,0.0,0.0
1112295,V010,2022,11,0.0,0.0,0.0,0.0,0.0,0.0,0.0,0.14648129228220352,0.0,0.0,0.0,0.0
600449,V010,2022,10,0.0,0.0,0.0,0.0,0.0,0.0,0.0,0.5301096230843574,0.0,0.0,0.0,0.0
1111447,V010,2022,2,0.0,0.0,0.0,0.0,0.0,0.0,0.0,0.16912660499792906,0.0,0.0,0.0,0.0
1025693,V010,2022,1,0.0,0.0,0.0,0.0,0.0,0.0,0.0,0.8595764186110728,0.0,0.0,0.0,0.0
1025693,V010,2022,9,0.0,0.0,0.0,0.0,0.0,0.0,0.0,0.8986160430760735,0.0,0.0,0.0,0.0
1117443,V010,2022,3,0.0,0.0,0.0,0.0,0.0,0.0,0.0,0.194500069032169,0.0,0.0,0.0,0.0
1017711,V010,2022,9,0.0,0.0,0.0,0.0,0.0,0.0,0.0,0.14229297252519674,0.0,0.0,0.0,0.0
1054768,V010,2022,10,0.0,0.0,0.0,0.0,0.0,0.0,0.0,0.9983167195913296,0.0,0.0,0.0,0.0
1027842,V010,2022,6,0.0,0.0,0.0,0.0,0.0,0.0,0.0,0.1327157255280961,0.0,0.0,0.0,0.0
1142798,V010,2022,12,0.0,0.0,0.0,0.0,0.0,0.0,0.0,0.13131243959685213,0.0,0.0,0.0,0.0
1142798,V010,2022,9,0.0,0.0,0.0,0.0,0.0,0.0,0.0,0.13131243959685213,0.0,0.0,0.0,0.0
1111447,V010,2022,1,0.0,0.0,0.0,0.0,0.0,0.0,0.0,0.16912660499792906,0.0,0.0,0.0,0.0
1131768,V010,2022,10,0.0,0.0,0.0,0.0,0.0,0.0,0.0,0.10648681485572277,0.0,0.0,0.0,0.0
1114445,V010,2022,3,0.0,0.0,0.0,0.0,0.0,0.0,0.0,0.17518542040590918,0.0,0.0,0.0,0.0
1114445,V010,2022,12,0.0,0.0,0.0,0.0,0.0,0.0,0.0,0.17934612729531962,0.0,0.0,0.0,0.0
997925,V010,2022,10,0.0,0.0,0.0,0.0,0.0,0.0,0.0,0.45317023332873124,0.0,0.0,0.0,0.0
1027842,V010,2022,8,0.0,0.0,0.0,0.0,0.0,0.0,0.0,0.1327157255280961,0.0,0.0,0.0,0.0
1115819,V010,2022,5,0.0,0.0,0.0,0.0,0.0,0.0,0.0,0.4305608173408809,0.0,0.0,0.0,0.0
1025693,V010,2022,7,0.0,0.0,0.0,0.0,0.0,0.0,0.0,0.8986160430760735,0.0,0.0,0.0,0.0
1027842,V010,2022,11,0.0,0.0,0.0,0.0,0.0,0.0,0.0,0.1327157255280961,0.0,0.0,0.0,0.0
1115041,V010,2022,12,0.0,0.0,0.0,0.0,0.0,0.0,0.0,0.3534839155046252,0.0,0.0,0.0,0.0
1115333,V010,2022,7,0.0,0.0,0.0,0.0,0.0,0.0,0.0,0.2848250724837775,0.0,0.0,0.0,0.0
600449,V010,2022,7,0.0,0.0,0.0,0.0,0.0,0.0,0.0,0.5301096230843574,0.0,0.0,0.0,0.0
375130,V010,2022,11,0.0,0.0,0.0,0.0,0.0,0.0,0.0,0.3840336876984675,0.0,0.0,0.0,0.0
600449,V010,2022,1,0.0,0.0,0.0,0.0,0.0,0.0,0.0,0.5089399420129781,0.0,0.0,0.0,0.0
1112294,V010,2022,1,0.0,0.0,0.0,0.0,0.0,0.0,0.0,0.14391440011045148,0.0,0.0,0.0,0.0
1027842,V010,2022,2,0.0,0.0,0.0,0.0,0.0,0.0,0.0,0.13081596023747066,0.0,0.0,0.0,0.0
1115336,V010,2022,11,0.0,0.0,0.0,0.0,0.0,0.0,0.0,0.2848250724837775,0.0,0.0,0.0,0.0
1117443,V010,2022,9,0.0,0.0,0.0,0.0,0.0,0.0,0.0,0.19964545078006352,0.0,0.0,0.0,0.0
1131768,V010,2022,8,0.0,0.0,0.0,0.0,0.0,0.0,0.0,0.10648681485572277,0.0,0.0,0.0,0.0
1054768,V010,2022,7,0.0,0.0,0.0,0.0,0.0,0.0,0.0,0.9983167195913296,0.0,0.0,0.0,0.0
1115336,V010,2022,12,0.0,0.0,0.0,0.0,0.0,0.0,0.0,0.2848250724837775,0.0,0.0,0.0,0.0
1139573,V010,2022,6,0.0,0.0,0.0,0.0,0.0,0.0,0.0,0.20101228772608037,0.0,0.0,0.0,0.0
1115041,V010,2022,8,0.0,0.0,0.0,0.0,0.0,0.0,0.0,0.3534839155046252,0.0,0.0,0.0,0.0
1054768,V010,2022,9,0.0,0.0,0.0,0.0,0.0,0.0,0.0,0.9983167195913296,0.0,0.0,0.0,0.0
297006,V010,2022,7,0.0,0.0,0.0,0.0,0.0,0.9458978462487708,0.0,0.0,0.0,0.0,0.0,0.0
1111491,V010,2022,7,0.0,0.0,0.0,0.0,0.0,0.0,0.0,0.3114637581112799,0.0,0.0,0.0,0.0
1138975,V010,2022,8,0.0,0.0,0.0,0.0,0.0,0.0,0.0,0.13697418196879746,0.0,0.0,0.0,0.0
1143252,V010,2022,11,0.0,0.0,0.0,0.0,0.0,0.0,0.0,0.32305950572967007,0.0,0.0,0.0,0.0
1054768,V010,2023,3,0.0,0.0,0.0,0.0,0.0,0.0,0.0,0.950306778958995,0.0,0.0,0.0,0.0
1025693,V010,2023,3,0.0,0.0,0.0,0.0,0.0,0.0,0.0,0.8986160430760735,0.0,0.0,0.0,0.0
297006,V010,2023,10,0.0,0.0,0.0,0.0,0.0,1.0000000000000002,0.0,0.0,0.0,0.0,0.0,0.0
1054768,V010,2023,10,0.0,0.0,0.0,0.0,0.0,0.0,0.0,1.0,0.0,0.0,0.0,0.0
1115041,V010,2023,6,0.0,0.0,0.0,0.0,0.0,0.0,0.0,0.3612823415711722,0.0,0.0,0.0,0.0
1112294,V010,2023,9,0.0,0.0,0.0,0.0,0.0,0.0,0.0,0.14955184315891207,0.0,0.0,0.0,0.0
1131768,V010,2023,6,0.0,0.0,0.0,0.0,0.0,0.0,0.0,0.10687505177412675,0.0,0.0,0.0,0.0
1142798,V010,2023,4,0.0,0.0,0.0,0.0,0.0,0.0,0.0,0.13131243959685213,0.0,0.0,0.0,0.0
1114445,V010,2023,6,0.0,0.0,0.0,0.0,0.0,0.0,0.0,0.1819201988126467,0.0,0.0,0.0,0.0
1131768,V010,2023,12,0.0,0.0,0.0,0.0,0.0,0.0,0.0,0.1072373325969902,0.0,0.0,0.0,0.0
1111447,V010,2023,1,0.0,0.0,0.0,0.0,0.0,0.0,0.0,0.1729786000276129,0.0,0.0,0.0,0.0
1017711,V010,2023,3,0.0,0.0,0.0,0.0,0.0,0.0,0.0,0.14229297252519674,0.0,0.0,0.0,0.0
1187085,V010,2023,9,0.0,0.0,0.0,0.0,0.0,0.0,0.0,0.20843241750655808,0.2704594009415903,0.0,0.0,0.0
1054768,V010,2023,5,0.0,0.0,0.0,0.0,0.0,0.0,0.0,0.950306778958995,0.0,0.0,0.0,0.0
1025693,V010,2023,4,0.0,0.0,0.0,0.0,0.0,0.0,0.0,0.8986160430760735,0.0,0.0,0.0,0.0
1112295,V010,2023,1,0.0,0.0,0.0,0.0,0.0,0.0,0.0,0.14648129228220352,0.0,0.0,0.0,0.0
297006,V010,2023,7,0.0,0.0,0.0,0.0,0.0,0.9738831151302472,0.0,0.0,0.0,0.0,0.0,0.0
997925,V010,2023,6,0.0,0.0,0.0,0.0,0.0,0.0,0.0,0.46395913295595753,0.0,0.0,0.0,0.0
1112294,V010,2023,6,0.0,0.0,0.0,0.0,0.0,0.0,0.0,0.1480695844263427,0.0,0.0,0.0,0.0
1027842,V010,2023,4,0.0,0.0,0.0,0.0,0.0,0.0,0.0,0.16544580974734227,0.0,0.0,0.0,0.0
600449,V010,2023,11,0.0,0.0,0.0,0.0,0.0,0.0,0.0,0.5554306226701643,0.0,0.0,1.0,0.0
1117443,V010,2023,2,0.0,0.0,0.0,0.0,0.0,0.0,0.0,0.19964545078006352,0.0,0.0,0.0,0.0
1131768,V010,2023,5,0.0,0.0,0.0,0.0,0.0,0.0,0.0,0.10648681485572277,0.0,0.0,0.0,0.0
1117443,V010,2023,4,0.0,0.0,0.0,0.0,0.0,0.0,0.0,0.19964545078006352,0.0,0.0,0.0,0.0
1115819,V010,2023,4,0.0,0.0,0.0,0.0,0.0,0.0,0.0,0.4305608173408809,0.0,0.0,0.0,0.0
600449,V010,2023,2,0.0,0.0,0.0,0.0,0.0,0.0,0.0,0.5301096230843574,0.0,0.0,0.0,0.0
1115041,V010,2023,1,0.0,0.0,0.0,0.0,0.0,0.0,0.0,0.3534839155046252,0.0,0.0,0.0,0.0
1142798,V010,2023,2,0.0,0.0,0.0,0.0,0.0,0.0,0.0,0.13131243959685213,0.0,0.0,0.0,0.0
1142798,V010,2023,12,0.0,0.0,0.0,0.0,0.0,0.0,0.0,0.13350324451194256,0.0,0.0,0.0,0.0
1115041,V010,2023,12,0.0,0.0,0.0,0.0,0.0,0.0,0.0,0.36856109346955684,0.0,0.0,0.0,0.0
600449,V010,2023,6,0.0,0.0,0.0,0.0,0.0,0.0,0.0,0.5432064061852824,0.0,0.0,0.0,0.0
1115333,V010,2023,9,0.0,0.0,0.0,0.0,0.0,0.0,0.0,0.37688361176308166,0.10112602753687766,0.0,0.0,0.0
1054768,V010,2023,4,0.0,0.0,0.0,0.0,0.0,0.0,0.0,0.950306778958995,0.0,0.0,0.0,0.0
1117883,V010,2023,12,0.0,0.0,0.0,0.0,0.0,0.0,0.0,0.16471627778544803,0.0,0.0,0.0,0.0
297006,V010,2023,11,0.0,0.0,0.0,0.0,0.0,1.0000000000000002,0.0,0.0,0.0,0.0,0.26362714332772763,0.0
1112295,V010,2023,2,0.0,0.0,0.0,0.0,0.0,0.0,0.0,0.14648129228220352,0.0,0.0,0.0,0.0
1027842,V010,2023,9,0.0,0.0,0.0,0.0,0.0,0.0,0.0,0.16961645726908742,0.0,0.0,0.0,0.0
1112295,V010,2023,12,0.0,0.0,0.0,0.0,0.0,0.0,0.0,0.14955184315891207,0.0,0.0,0.0,0.0
1111491,V010,2023,6,0.0,0.0,0.0,0.0,1.0000000000000002,0.0,0.0,0.31800138064337985,0.0,0.0,0.0,0.0
997925,V010,2023,1,0.0,0.0,0.0,0.0,0.0,0.0,0.0,0.45317023332873124,0.0,0.0,0.0,0.0
1054768,V010,2023,12,0.0,0.0,0.0,0.0,0.0,0.0,0.0,1.0,0.0,0.0,0.0,0.0
600449,V010,2023,5,0.0,0.0,0.0,0.0,0.0,0.0,0.0,0.5301096230843574,0.0,0.0,0.0,0.0
1115333,V010,2023,5,0.0,0.0,0.0,0.0,0.0,0.0,0.0,0.2848250724837775,0.0,0.0,0.0,0.0
1143252,V010,2023,4,0.0,0.0,0.0,0.0,0.0,0.0,0.0,0.32305950572967007,0.0,0.0,0.0,0.0
1117883,V010,2023,2,0.0,0.0,0.0,0.0,0.0,0.0,0.0,0.16081457959409085,0.0,0.0,0.0,0.0
1115819,V010,2023,12,0.0,0.0,0.0,0.0,0.0,0.0,0.0,0.4501085185696535,0.0,0.0,0.0,0.0
1191495,V010,2023,12,0.0,0.0,0.0,0.0,0.0,0.0,0.0,0.27079994477426483,0.27871262418316456,0.0,0.0,0.0
1117443,V010,2023,9,0.0,0.0,0.0,0.0,0.0,0.0,0.0,0.20579980670992684,0.0,0.0,0.0,0.0
1117443,V010,2023,8,0.0,0.0,0.0,0.0,0.0,0.0,0.0,0.20579980670992684,0.0,0.0,0.0,0.0
1111491,V010,2023,4,0.0,0.0,0.0,0.0,1.0000000000000002,0.0,0.0,0.3114637581112799,0.0,0.0,0.0,0.0
1115819,V010,2023,1,0.0,0.0,0.0,0.0,0.0,0.0,0.0,0.4305608173408809,0.0,0.0,0.0,0.0
600449,V010,2023,3,0.0,0.0,0.0,0.0,0.0,0.0,0.0,0.5301096230843574,0.0,0.0,0.0,0.0
1112294,V010,2024,4,0.0,0.0,0.0,0.0,0.0,0.0,0.0,0.14955184315891207,0.0,0.0,0.0,0.0
1142798,V010,2024,9,0.0,0.0,0.0,0.0,0.0,0.0,0.0,0.1357492751622256,0.0,0.0,0.0,0.0
1115041,V010,2024,8,0.0,0.0,0.0,0.0,0.0,0.0,0.0,0.38401711997790977,0.0,0.0,0.0,0.0
1143252,V010,2024,7,0.0,0.0,0.0,0.0,0.0,0.0,0.0,0.35001850062128953,0.0,0.0,0.0,0.0
1131768,V010,2024,4,0.0,0.0,0.0,0.0,0.0,0.0,0.0,0.1072373325969902,0.0,0.0,0.0,0.0
1191755,V010,2024,5,0.0,0.0,0.0,0.0,0.0,0.0,0.0,0.1923711169404943,0.0,0.0,0.0,0.0
1017711,V010,2024,1,0.0,0.0,0.0,0.0,0.0,0.0,0.0,0.14512053016705787,0.0,0.0,0.0,0.0
1017711,V010,2024,4,0.0,0.0,0.0,0.0,0.0,0.0,0.0,0.14512053016705787,0.0,0.0,0.0,0.0
1017711,V010,2024,2,0.0,0.0,0.0,0.0,0.0,0.0,0.0,0.14512053016705787,0.0,0.0,0.0,0.0
750876,V010,2024,4,0.0,0.0,0.0,0.0,0.0,0.0,0.0,0.27899323484743893,0.0,0.0,0.0,0.0
1115333,V010,2024,1,0.0,0.0,0.0,0.0,0.0,0.0,0.0,0.37688361176308166,0.0,0.0,0.0,0.0
1131768,V010,2024,3,0.0,0.0,0.0,0.0,0.0,0.0,0.0,0.1072373325969902,0.0,0.0,0.0,0.0
1114445,V010,2024,7,0.0,0.0,0.0,0.0,0.0,0.0,0.0,0.18942427171061715,0.0,0.0,0.0,0.0
1114445,V010,2024,6,0.0,0.0,0.0,0.0,0.0,0.0,0.0,0.1843225182935248,0.0,0.0,0.0,0.0
1187085,V010,2024,8,0.0,0.0,0.0,0.0,0.0,0.0,0.0,0.21488941046527685,0.0,0.0,0.0,0.0
1027842,V010,2024,7,0.0,0.0,0.0,0.0,0.0,0.0,0.0,0.17389203368769848,0.0,0.0,0.0,0.0
1143252,V010,2024,9,0.0,0.0,0.0,0.0,0.0,0.0,0.0,0.35001850062128953,0.0,0.0,0.0,0.0
1115041,V010,2024,1,0.0,0.0,0.0,0.0,0.0,0.0,0.0,0.36856109346955684,0.0,0.0,0.0,0.0
1131768,V010,2024,2,0.0,0.0,0.0,0.0,0.0,0.0,0.0,0.1072373325969902,0.0,0.0,0.0,0.0
1114445,V010,2024,9,0.0,0.0,0.0,0.0,0.0,0.0,0.0,0.18942427171061715,0.0,0.0,0.0,0.0
1191495,V010,2024,8,0.0,0.0,0.0,0.0,0.0,0.0,0.0,0.2807621151456579,0.0,0.0,0.0,0.0
1187085,V010,2024,9,0.0,0.0,0.0,0.0,0.0,0.0,0.0,0.21488941046527685,0.0,0.0,0.0,0.0
1131768,V010,2024,9,0.0,0.0,0.0,0.0,0.0,0.0,0.0,0.10800717934557505,0.0,0.0,0.0,0.0
1117443,V010,2024,3,0.0,0.0,0.0,0.0,0.0,0.0,0.0,0.20579980670992684,0.0,0.0,0.0,0.0
1114445,V010,2024,8,0.0,0.0,0.0,0.0,0.0,0.0,0.0,0.18942427171061715,0.0,0.0,0.0,0.0
1131768,V010,2024,6,0.0,0.0,0.0,0.0,0.0,0.0,0.0,0.1072373325969902,0.0,0.0,0.0,0.0
1027842,V010,2024,1,0.0,0.0,0.0,0.0,0.0,0.0,0.0,0.16961645726908742,0.0,0.0,0.0,0.0
1188630,V010,2024,4,0.0,0.0,0.0,0.0,0.0,0.0,0.0,0.1664398729808091,0.0,0.0,0.0,0.0
1114445,V010,2024,1,0.0,0.0,0.0,0.0,0.0,0.0,0.0,0.1843225182935248,0.0,0.0,0.0,0.0
1143252,V010,2024,5,0.0,0.0,0.0,0.0,0.0,0.0,0.0,0.3363716691978462,0.0,0.0,0.0,0.0
1131768,V010,2024,5,0.0,0.0,0.0,0.0,0.0,0.0,0.0,0.1072373325969902,0.0,0.0,0.0,0.0
1191495,V010,2024,3,0.0,0.0,0.0,0.0,0.0,0.0,0.0,0.27079994477426483,0.0,0.0,0.0,0.0
1017711,V010,2024,5,0.0,0.0,0.0,0.0,0.0,0.0,0.0,0.14512053016705787,0.0,0.0,0.0,0.0
1115819,V010,2024,4,0.0,0.0,0.0,0.0,0.0,0.0,0.0,0.4501085185696535,0.0,0.0,0.0,0.0
1191495,V010,2024,7,0.0,0.0,0.0,0.0,0.0,0.0,0.0,0.2807621151456579,0.0,0.0,0.0,0.0
297006,V010,2024,6,0.0,0.0,0.0,0.0,0.0,1.0000000000000002,0.0,0.0,0.0,0.0,0.0,0.0
1142798,V010,2024,6,0.0,0.0,0.0,0.0,0.0,0.0,0.0,0.13350324451194256,0.0,0.0,0.0,0.0
1143252,V010,2024,6,0.0,0.0,0.0,0.0,0.0,0.0,0.0,0.3363716691978462,0.0,0.0,0.0,0.0
1191495,V010,2024,2,0.0,0.0,0.0,0.0,0.0,0.0,0.0,0.27079994477426483,0.27871262418316456,0.0,0.0,0.0
