isn_vinculo;num_ano;num_mes;15;97;207;1367;1369;IF_label;IF_score;OCSVM_label;OCSVM_score;anomalo
296897;2007;3;659.22;0.0;2197.41;0.0;0.0;-1;-0.02321075464265321;1;1.7944561449212415e-05;1
331445;2007;3;697.0;0.0;2090.99;0.0;0.0;-1;-0.027465754511640128;1;0.00010109045675932293;1
296897;2007;4;659.22;0.0;2197.41;0.0;0.0;-1;-0.02321075464265321;1;1.7944561449212415e-05;1
331445;2007;4;697.0;0.0;2090.99;0.0;0.0;-1;-0.027465754511640128;1;0.00010109045675932293;1
296897;2007;5;659.22;0.0;2197.41;0.0;0.0;-1;-0.02321075464265321;1;1.7944561449212415e-05;1
331445;2007;5;697.0;0.0;2090.99;0.0;0.0;-1;-0.027465754511640128;1;0.00010109045675932293;1
296897;2007;6;659.22;0.0;2197.41;0.0;0.0;-1;-0.02321075464265321;1;1.7944561449212415e-05;1
331445;2007;6;697.0;0.0;2090.99;0.0;0.0;-1;-0.027465754511640128;1;0.00010109045675932293;1
296897;2007;7;682.63;0.0;2275.42;0.0;0.0;1;0.08096292252991971;1;0.12324289371146513;0
331445;2007;7;721.74;0.0;2165.22;0.0;0.0;1;0.08276027040861456;1;0.10940448653722612;0
296897;2007;8;682.63;0.0;2275.42;0.0;0.0;1;0.08096292252991971;1;0.12324289371146513;0
331445;2007;8;721.74;0.0;2165.22;0.0;0.0;1;0.08276027040861456;1;0.10940448653722612;0
296897;2007;9;682.63;0.0;2275.42;0.0;0.0;1;0.08096292252991971;1;0.12324289371146513;0
331445;2007;9;721.74;0.0;2165.22;0.0;0.0;1;0.08276027040861456;1;0.10940448653722612;0
296897;2007;10;682.63;0.0;2275.42;0.0;0.0;1;0.08096292252991971;1;0.12324289371146513;0
331445;2007;10;721.74;0.0;2165.22;0.0;0.0;1;0.08276027040861456;1;0.10940448653722612;0
296897;2007;11;682.63;0.0;2275.42;0.0;0.0;1;0.08096292252991971;1;0.12324289371146513;0
331445;2007;11;721.74;0.0;2165.22;0.0;0.0;1;0.08276027040861456;1;0.10940448653722612;0
296897;2007;12;682.63;0.0;2275.42;0.0;0.0;1;0.08096292252991971;1;0.12324289371146513;0
331445;2007;12;721.74;0.0;2165.22;0.0;0.0;1;0.08276027040861456;1;0.10940448653722612;0
296897;2008;1;682.63;0.0;2275.42;0.0;0.0;1;0.08096292252991971;1;0.12324289371146513;0
331445;2008;1;721.74;0.0;2165.22;0.0;0.0;1;0.08276027040861456;1;0.10940448653722612;0
296897;2008;2;682.63;0.0;2275.42;0.0;0.0;1;0.08096292252991971;1;0.12324289371146513;0
331445;2008;2;721.74;0.0;2165.22;0.0;0.0;1;0.08276027040861456;1;0.10940448653722612;0
296897;2008;3;682.63;0.0;2275.42;0.0;0.0;1;0.08096292252991971;1;0.12324289371146513;0
331445;2008;3;721.74;0.0;2165.22;0.0;0.0;1;0.08276027040861456;1;0.10940448653722612;0
296897;2008;4;682.63;0.0;2275.42;0.0;0.0;1;0.08096292252991971;1;0.12324289371146513;0
331445;2008;4;721.74;0.0;2165.22;0.0;0.0;1;0.08276027040861456;1;0.10940448653722612;0
296897;2008;5;682.63;0.0;2275.42;0.0;0.0;1;0.08096292252991971;1;0.12324289371146513;0
331445;2008;5;721.74;0.0;2165.22;0.0;0.0;1;0.08276027040861456;1;0.10940448653722612;0
296897;2008;6;682.63;0.0;2275.42;0.0;0.0;1;0.08096292252991971;1;0.12324289371146513;0
331445;2008;6;721.74;0.0;2165.22;0.0;0.0;1;0.08276027040861456;1;0.10940448653722612;0
296897;2008;7;724.47;0.0;2414.9;0.0;0.0;1;0.10057062842063841;1;0.21573148250963836;0
331445;2008;7;765.98;0.0;2297.95;0.0;0.0;1;0.10646309825296246;1;0.18155156631828984;0
296897;2008;8;724.47;0.0;2414.9;0.0;0.0;1;0.10057062842063841;1;0.21573148250963836;0
331445;2008;8;765.98;0.0;2297.95;0.0;0.0;1;0.10646309825296246;1;0.18155156631828984;0
296897;2008;9;724.47;0.0;2414.9;0.0;0.0;1;0.10057062842063841;1;0.21573148250963836;0
331445;2008;9;765.98;0.0;2297.95;0.0;0.0;1;0.10646309825296246;1;0.18155156631828984;0
296897;2008;10;724.47;0.0;2414.9;0.0;0.0;1;0.10057062842063841;1;0.21573148250963836;0
331445;2008;10;765.98;0.0;2297.95;0.0;0.0;1;0.10646309825296246;1;0.18155156631828984;0
296897;2008;11;724.47;0.0;2414.9;0.0;0.0;1;0.10057062842063841;1;0.21573148250963836;0
331445;2008;11;765.98;0.0;2297.95;0.0;0.0;1;0.10646309825296246;1;0.18155156631828984;0
296897;2008;12;724.47;0.0;2414.9;0.0;0.0;1;0.10057062842063841;1;0.21573148250963836;0
331445;2008;12;765.98;0.0;2297.95;0.0;0.0;1;0.10646309825296246;1;0.18155156631828984;0
296897;2009;1;724.47;0.0;2414.9;0.0;0.0;1;0.10057062842063841;1;0.21573148250963836;0
331445;2009;1;765.98;0.0;2297.95;0.0;0.0;1;0.10646309825296246;1;0.18155156631828984;0
296897;2009;2;724.47;0.0;2414.9;0.0;0.0;1;0.10057062842063841;1;0.21573148250963836;0
331445;2009;2;765.98;0.0;2297.95;0.0;0.0;1;0.10646309825296246;1;0.18155156631828984;0
296897;2009;3;724.47;0.0;2414.9;0.0;0.0;1;0.10057062842063841;1;0.21573148250963836;0
331445;2009;3;765.98;0.0;2297.95;0.0;0.0;1;0.10646309825296246;1;0.18155156631828984;0
296897;2009;4;724.47;0.0;2414.9;0.0;0.0;1;0.10057062842063841;1;0.21573148250963836;0
331445;2009;4;765.98;0.0;2297.95;0.0;0.0;1;0.10646309825296246;1;0.18155156631828984;0
296897;2009;5;724.47;0.0;2414.9;0.0;0.0;1;0.10057062842063841;1;0.21573148250963836;0
331445;2009;5;765.98;0.0;2297.95;0.0;0.0;1;0.10646309825296246;1;0.18155156631828984;0
296897;2009;6;724.47;0.0;2414.9;0.0;0.0;1;0.10057062842063841;1;0.21573148250963836;0
331445;2009;6;765.98;0.0;2297.95;0.0;0.0;1;0.10646309825296246;1;0.18155156631828984;0
296897;2009;7;767.94;0.0;2559.79;0.0;0.0;1;0.11594157280329664;1;0.1845611509122671;0
331445;2009;7;811.94;0.0;2435.83;0.0;0.0;1;0.11719260046749164;1;0.13920217486281672;0
296897;2009;8;767.94;0.0;2559.79;0.0;0.0;1;0.11594157280329664;1;0.1845611509122671;0
331445;2009;8;811.94;0.0;2435.83;0.0;0.0;1;0.11719260046749164;1;0.13920217486281672;0
296897;2009;9;767.94;0.0;2559.79;0.0;0.0;1;0.11594157280329664;1;0.1845611509122671;0
331445;2009;9;811.94;0.0;2435.83;0.0;0.0;1;0.11719260046749164;1;0.13920217486281672;0
296897;2009;10;767.94;0.0;2559.79;0.0;0.0;1;0.11594157280329664;1;0.1845611509122671;0
331445;2009;10;811.94;0.0;2435.83;0.0;0.0;1;0.11719260046749164;1;0.13920217486281672;0
296897;2009;11;767.94;0.0;2559.79;0.0;0.0;1;0.11594157280329664;1;0.1845611509122671;0
331445;2009;11;811.94;0.0;2435.83;0.0;0.0;1;0.11719260046749164;1;0.13920217486281672;0
296897;2009;12;767.94;0.0;2559.79;0.0;0.0;1;0.11594157280329664;1;0.1845611509122671;0
331445;2009;12;811.94;0.0;2435.83;0.0;0.0;1;0.11719260046749164;1;0.13920217486281672;0
296897;2010;1;767.94;0.0;2559.79;0.0;0.0;1;0.11594157280329664;1;0.1845611509122671;0
331445;2010;1;811.94;0.0;2435.83;0.0;0.0;1;0.11719260046749164;1;0.13920217486281672;0
296897;2010;2;767.94;0.0;2559.79;0.0;0.0;1;0.11594157280329664;1;0.1845611509122671;0
331445;2010;2;811.94;0.0;2435.83;0.0;0.0;1;0.11719260046749164;1;0.13920217486281672;0
296897;2010;3;767.94;0.0;2559.79;0.0;0.0;1;0.11594157280329664;1;0.1845611509122671;0
331445;2010;3;811.94;0.0;2435.83;0.0;0.0;1;0.11719260046749164;1;0.13920217486281672;0
296897;2010;4;767.94;0.0;2559.79;0.0;0.0;1;0.11594157280329664;1;0.1845611509122671;0
331445;2010;4;811.94;0.0;2435.83;0.0;0.0;1;0.11719260046749164;1;0.13920217486281672;0
296897;2010;5;767.94;0.0;2559.79;0.0;0.0;1;0.11594157280329664;1;0.1845611509122671;0
331445;2010;5;811.94;0.0;2435.83;0.0;0.0;1;0.11719260046749164;1;0.13920217486281672;0
296897;2010;6;767.94;0.0;2559.79;0.0;0.0;1;0.11594157280329664;1;0.1845611509122671;0
331445;2010;6;811.94;0.0;2435.83;0.0;0.0;1;0.11719260046749164;1;0.13920217486281672;0
296897;2010;7;805.1;0.0;2683.68;0.0;0.0;1;0.09859781878397594;1;0.11106201343922262;0
331445;2010;7;851.24;0.0;2553.72;0.0;0.0;1;0.09728032191622349;1;0.06497486315572853;0
296897;2010;8;805.1;0.0;2683.68;0.0;0.0;1;0.09859781878397594;1;0.11106201343922262;0
331445;2010;8;851.24;0.0;2553.72;0.0;0.0;1;0.09728032191622349;1;0.06497486315572853;0
296897;2010;9;805.1;0.0;2683.68;0.0;0.0;1;0.09859781878397594;1;0.11106201343922262;0
331445;2010;9;851.24;0.0;2553.72;0.0;0.0;1;0.09728032191622349;1;0.06497486315572853;0
296897;2010;10;805.1;0.0;2683.68;0.0;0.0;1;0.09859781878397594;1;0.11106201343922262;0
331445;2010;10;851.24;0.0;2553.72;0.0;0.0;1;0.09728032191622349;1;0.06497486315572853;0
296897;2010;11;805.1;0.0;2683.68;0.0;0.0;1;0.09859781878397594;1;0.11106201343922262;0
331445;2010;11;851.24;0.0;2553.72;0.0;0.0;1;0.09728032191622349;1;0.06497486315572853;0
296897;2010;12;805.1;0.0;2683.68;0.0;0.0;1;0.09859781878397594;1;0.11106201343922262;0
331445;2010;12;851.24;0.0;2553.72;0.0;0.0;1;0.09728032191622349;1;0.06497486315572853;0
296897;2011;1;845.36;0.0;2817.86;0.0;0.0;1;0.12431938990630242;1;0.040475035700586304;0
331445;2011;1;893.8;0.0;2681.41;0.0;0.0;1;0.12062115109841165;-1;-0.0002500396230908919;1
296897;2011;2;845.36;0.0;2817.86;0.0;0.0;1;0.12431938990630242;1;0.040475035700586304;0
331445;2011;2;893.8;0.0;2681.41;0.0;0.0;1;0.12062115109841165;-1;-0.0002500396230908919;1
296897;2011;3;845.36;0.0;2817.86;0.0;0.0;1;0.12431938990630242;1;0.040475035700586304;0
331445;2011;3;893.8;0.0;2681.41;0.0;0.0;1;0.12062115109841165;-1;-0.0002500396230908919;1
296897;2011;4;845.36;14.27;2817.86;0.0;0.0;-1;-0.13781878194340202;1;0.045217328785751576;1
331445;2011;4;893.8;0.0;2681.41;0.0;0.0;1;0.12062115109841165;-1;-0.0002500396230908919;1
296897;2011;5;845.36;0.0;2817.86;0.0;0.0;1;0.12431938990630242;1;0.040475035700586304;0
331445;2011;5;893.8;0.0;2681.41;0.0;0.0;1;0.12062115109841165;-1;-0.0002500396230908919;1
296897;2011;6;845.36;0.0;2817.86;0.0;0.0;1;0.12431938990630242;1;0.040475035700586304;0
331445;2011;6;893.8;0.0;2681.41;0.0;0.0;1;0.12062115109841165;-1;-0.0002500396230908919;1
296897;2011;7;845.36;0.0;2817.86;0.0;0.0;1;0.12431938990630242;1;0.040475035700586304;0
331445;2011;7;893.8;0.0;2681.41;0.0;0.0;1;0.12062115109841165;-1;-0.0002500396230908919;1
296897;2011;8;845.36;0.0;2817.86;0.0;0.0;1;0.12431938990630242;1;0.040475035700586304;0
331445;2011;8;893.8;0.0;2681.41;0.0;0.0;1;0.12062115109841165;-1;-0.0002500396230908919;1
296897;2011;9;845.36;0.0;2817.86;0.0;0.0;1;0.12431938990630242;1;0.040475035700586304;0
331445;2011;9;893.8;0.0;2681.41;0.0;0.0;1;0.12062115109841165;-1;-0.0002500396230908919;1
296897;2011;10;845.36;0.0;2817.86;0.0;0.0;1;0.12431938990630242;1;0.040475035700586304;0
331445;2011;10;893.8;0.0;2681.41;0.0;0.0;1;0.12062115109841165;-1;-0.0002500396230908919;1
296897;2011;11;845.36;0.0;2817.86;0.0;0.0;1;0.12431938990630242;1;0.040475035700586304;0
331445;2011;11;893.8;0.0;2681.41;0.0;0.0;1;0.12062115109841165;-1;-0.0002500396230908919;1
296897;2011;12;845.36;0.0;2817.86;0.0;0.0;1;0.12431938990630242;1;0.040475035700586304;0
331445;2011;12;893.8;0.0;2681.41;0.0;0.0;1;0.12062115109841165;-1;-0.0002500396230908919;1
296897;2012;1;904.53;0.0;3015.11;0.0;0.0;1;0.11669180680741498;1;0.03528606938042156;0
331445;2012;1;956.37;0.0;2869.11;0.0;0.0;1;0.11399329522080609;1;0.00010106385873775992;0
296897;2012;2;904.53;0.0;3015.11;0.0;0.0;1;0.11669180680741498;1;0.03528606938042156;0
331445;2012;2;956.37;0.0;2869.11;0.0;0.0;1;0.11399329522080609;1;0.00010106385873775992;0
296897;2012;3;904.53;0.0;3015.11;0.0;0.0;1;0.11669180680741498;1;0.03528606938042156;0
331445;2012;3;956.37;0.0;2869.11;0.0;0.0;1;0.11399329522080609;1;0.00010106385873775992;0
296897;2012;4;904.53;0.0;3015.11;0.0;0.0;1;0.11669180680741498;1;0.03528606938042156;0
331445;2012;4;956.37;0.0;2869.11;0.0;0.0;1;0.11399329522080609;1;0.00010106385873775992;0
296897;2012;5;904.53;0.0;3015.11;0.0;0.0;1;0.11669180680741498;1;0.03528606938042156;0
331445;2012;5;956.37;0.0;2869.11;0.0;0.0;1;0.11399329522080609;1;0.00010106385873775992;0
296897;2012;6;904.53;0.0;3015.11;0.0;0.0;1;0.11669180680741498;1;0.03528606938042156;0
331445;2012;6;956.37;0.0;2869.11;0.0;0.0;1;0.11399329522080609;1;0.00010106385873775992;0
296897;2012;7;904.53;0.0;3015.11;0.0;0.0;1;0.11669180680741498;1;0.03528606938042156;0
331445;2012;7;956.37;0.0;2869.11;0.0;0.0;1;0.11399329522080609;1;0.00010106385873775992;0
296897;2012;8;904.53;0.0;3015.11;0.0;0.0;1;0.11669180680741498;1;0.03528606938042156;0
331445;2012;8;956.37;0.0;2869.11;0.0;0.0;1;0.11399329522080609;1;0.00010106385873775992;0
296897;2012;9;904.53;0.0;3015.11;0.0;0.0;1;0.11669180680741498;1;0.03528606938042156;0
331445;2012;9;956.37;0.0;2869.11;0.0;0.0;1;0.11399329522080609;1;0.00010106385873775992;0
296897;2012;10;904.53;0.0;3015.11;0.0;0.0;1;0.11669180680741498;1;0.03528606938042156;0
331445;2012;10;956.37;0.0;2869.11;0.0;0.0;1;0.11399329522080609;1;0.00010106385873775992;0
296897;2012;11;904.53;0.0;3015.11;0.0;0.0;1;0.11669180680741498;1;0.03528606938042156;0
331445;2012;11;956.37;0.0;2869.11;0.0;0.0;1;0.11399329522080609;1;0.00010106385873775992;0
296897;2012;12;904.53;0.0;3015.11;0.0;0.0;1;0.11669180680741498;1;0.03528606938042156;0
331445;2012;12;956.37;0.0;2869.11;0.0;0.0;1;0.11399329522080609;1;0.00010106385873775992;0
296897;2013;1;955.01;0.0;3183.35;0.0;0.0;1;0.10765482936848098;1;0.1342865822339805;0
331445;2013;1;1009.73;0.0;3029.19;0.0;0.0;1;0.11601887425088614;1;0.0848371684639595;0
296897;2013;2;955.01;0.0;3183.35;0.0;0.0;1;0.10765482936848098;1;0.1342865822339805;0
331445;2013;2;1009.73;0.0;3029.19;0.0;0.0;1;0.11601887425088614;1;0.0848371684639595;0
296897;2013;3;955.01;0.0;3183.35;0.0;0.0;1;0.10765482936848098;1;0.1342865822339805;0
331445;2013;3;1009.73;0.0;3029.19;0.0;0.0;1;0.11601887425088614;1;0.0848371684639595;0
296897;2013;4;955.01;0.0;3183.35;0.0;0.0;1;0.10765482936848098;1;0.1342865822339805;0
331445;2013;4;1009.73;0.0;3029.19;0.0;0.0;1;0.11601887425088614;1;0.0848371684639595;0
296897;2013;5;955.01;0.0;3183.35;0.0;0.0;1;0.10765482936848098;1;0.1342865822339805;0
331445;2013;5;1009.73;0.0;3029.19;0.0;0.0;1;0.11601887425088614;1;0.0848371684639595;0
296897;2013;6;955.01;0.0;3183.35;0.0;0.0;1;0.10765482936848098;1;0.1342865822339805;0
331445;2013;6;1009.73;0.0;3029.19;0.0;0.0;1;0.11601887425088614;1;0.0848371684639595;0
296897;2013;7;955.01;0.0;3183.35;0.0;0.0;1;0.10765482936848098;1;0.1342865822339805;0
331445;2013;7;1009.73;287.39;3029.19;0.0;0.0;-1;-0.23727357573700558;-1;-0.18940748803342888;2
296897;2013;8;955.01;0.0;3183.35;0.0;0.0;1;0.10765482936848098;1;0.1342865822339805;0
331445;2013;8;1009.73;0.0;3029.19;0.0;0.0;1;0.11601887425088614;1;0.0848371684639595;0
296897;2013;9;955.01;0.0;3183.35;0.0;0.0;1;0.10765482936848098;1;0.1342865822339805;0
331445;2013;9;1009.73;0.0;3029.19;0.0;0.0;1;0.11601887425088614;1;0.0848371684639595;0
296897;2013;10;955.01;0.0;3183.35;0.0;0.0;1;0.10765482936848098;1;0.1342865822339805;0
331445;2013;10;1009.73;0.0;3029.19;0.0;0.0;1;0.11601887425088614;1;0.0848371684639595;0
296897;2013;11;955.01;0.0;3183.35;0.0;0.0;1;0.10765482936848098;1;0.1342865822339805;0
331445;2013;11;1009.73;0.0;3029.19;0.0;0.0;1;0.11601887425088614;1;0.0848371684639595;0
296897;2013;12;955.01;0.0;3183.35;0.0;0.0;1;0.10765482936848098;1;0.1342865822339805;0
331445;2013;12;1009.73;0.0;3029.19;0.0;0.0;1;0.11601887425088614;1;0.0848371684639595;0
296897;2014;1;1009.44;0.0;3364.8;0.0;0.0;1;0.10237337118838702;1;0.2683819386436994;0
331445;2014;1;1067.29;0.0;3201.86;0.0;0.0;1;0.10475261325739998;1;0.1713444168416558;0
296897;2014;2;1009.44;0.0;3364.8;0.0;0.0;1;0.10237337118838702;1;0.2683819386436994;0
331445;2014;2;1067.29;0.0;3201.86;0.0;0.0;1;0.10475261325739998;1;0.1713444168416558;0
296897;2014;3;1009.44;0.0;3364.8;0.0;0.0;1;0.10237337118838702;1;0.2683819386436994;0
331445;2014;3;1067.29;0.0;3201.86;0.0;0.0;1;0.10475261325739998;1;0.1713444168416558;0
296897;2014;4;1009.44;0.0;3364.8;0.0;0.0;1;0.10237337118838702;1;0.2683819386436994;0
331445;2014;4;1067.29;0.0;3201.86;0.0;0.0;1;0.10475261325739998;1;0.1713444168416558;0
296897;2014;5;1009.44;0.0;3364.8;0.0;0.0;1;0.10237337118838702;1;0.2683819386436994;0
331445;2014;5;1067.29;0.0;3201.86;0.0;0.0;1;0.10475261325739998;1;0.1713444168416558;0
296897;2014;6;1009.44;0.0;3364.8;0.0;0.0;1;0.10237337118838702;1;0.2683819386436994;0
331445;2014;6;1067.29;0.0;3201.86;0.0;0.0;1;0.10475261325739998;1;0.1713444168416558;0
296897;2014;7;1009.44;0.0;3364.8;0.0;0.0;1;0.10237337118838702;1;0.2683819386436994;0
331445;2014;7;1067.29;0.0;3201.86;0.0;0.0;1;0.10475261325739998;1;0.1713444168416558;0
296897;2014;8;1009.44;0.0;3364.8;0.0;0.0;1;0.10237337118838702;1;0.2683819386436994;0
331445;2014;8;1067.29;0.0;3201.86;0.0;0.0;1;0.10475261325739998;1;0.1713444168416558;0
296897;2014;9;1009.44;0.0;3364.8;0.0;0.0;1;0.10237337118838702;1;0.2683819386436994;0
331445;2014;9;1067.29;0.0;3201.86;0.0;0.0;1;0.10475261325739998;1;0.1713444168416558;0
296897;2014;10;1009.44;0.0;3364.8;0.0;0.0;1;0.10237337118838702;1;0.2683819386436994;0
331445;2014;10;1067.29;0.0;3201.86;0.0;0.0;1;0.10475261325739998;1;0.1713444168416558;0
296897;2014;11;1009.44;0.0;3364.8;0.0;0.0;1;0.10237337118838702;1;0.2683819386436994;0
331445;2014;11;1067.29;0.0;3201.86;0.0;0.0;1;0.10475261325739998;1;0.1713444168416558;0
296897;2014;12;1009.44;0.0;3364.8;0.0;0.0;1;0.10237337118838702;1;0.2683819386436994;0
331445;2014;12;1067.29;0.0;3201.86;0.0;0.0;1;0.10475261325739998;1;0.1713444168416558;0
296897;2015;1;1074.55;0.0;3581.83;0.0;0.0;1;0.1333647893767681;1;0.27281244612995703;0
331445;2015;1;1136.13;0.0;3408.38;0.0;0.0;-1;-0.08575618306329724;1;0.07883734436740308;1
296897;2015;2;1074.55;0.0;3581.83;0.0;0.0;1;0.1333647893767681;1;0.27281244612995703;0
296897;2015;3;1074.55;0.0;3581.83;0.0;0.0;1;0.1333647893767681;1;0.27281244612995703;0
296897;2015;4;1074.55;0.0;3581.83;0.0;0.0;1;0.1333647893767681;1;0.27281244612995703;0
296897;2015;5;1074.55;0.0;3581.83;0.0;0.0;1;0.1333647893767681;1;0.27281244612995703;0
296897;2015;6;1074.55;0.0;3581.83;0.0;0.0;1;0.1333647893767681;1;0.27281244612995703;0
296897;2015;7;1074.55;0.0;3581.83;0.0;0.0;1;0.1333647893767681;1;0.27281244612995703;0
296897;2015;8;1074.55;0.0;3581.83;0.0;0.0;1;0.1333647893767681;1;0.27281244612995703;0
296897;2015;9;1074.55;0.0;3581.83;0.0;0.0;1;0.1333647893767681;1;0.27281244612995703;0
296897;2015;10;1074.55;0.0;3581.83;0.0;0.0;1;0.1333647893767681;1;0.27281244612995703;0
296897;2015;11;1074.55;0.0;3581.83;0.0;0.0;1;0.1333647893767681;1;0.27281244612995703;0
296897;2015;12;1074.55;0.0;3581.83;0.0;0.0;1;0.1333647893767681;1;0.27281244612995703;0
296897;2016;1;1074.55;0.0;3581.83;0.0;0.0;1;0.1333647893767681;1;0.27281244612995703;0
296897;2016;2;1074.55;0.0;3581.83;0.0;0.0;1;0.1333647893767681;1;0.27281244612995703;0
296897;2016;3;1074.55;0.0;3581.83;0.0;0.0;1;0.1333647893767681;1;0.27281244612995703;0
296897;2016;4;1074.55;0.0;3581.83;0.0;0.0;1;0.1333647893767681;1;0.27281244612995703;0
296897;2016;5;1074.55;0.0;3581.83;0.0;0.0;1;0.1333647893767681;1;0.27281244612995703;0
296897;2016;6;1074.55;0.0;3581.83;0.0;0.0;1;0.1333647893767681;1;0.27281244612995703;0
296897;2016;7;1074.55;0.0;3581.83;0.0;0.0;1;0.1333647893767681;1;0.27281244612995703;0
296897;2016;8;1074.55;0.0;3581.83;0.0;0.0;1;0.1333647893767681;1;0.27281244612995703;0
296897;2016;9;1074.55;0.0;3581.83;0.0;0.0;1;0.1333647893767681;1;0.27281244612995703;0
296897;2016;10;1074.55;0.0;3581.83;0.0;0.0;1;0.1333647893767681;1;0.27281244612995703;0
296897;2016;11;1074.55;0.0;3581.83;0.0;0.0;1;0.1333647893767681;1;0.27281244612995703;0
296897;2016;12;1074.55;0.0;3581.83;0.0;0.0;1;0.1333647893767681;1;0.27281244612995703;0
296897;2017;1;1074.55;0.0;3581.83;0.0;0.0;1;0.1333647893767681;1;0.27281244612995703;0
296897;2017;2;1074.55;0.0;3581.83;0.0;0.0;1;0.1333647893767681;1;0.27281244612995703;0
296897;2017;3;1074.55;0.0;3581.83;0.0;0.0;1;0.1333647893767681;1;0.27281244612995703;0
296897;2017;4;1096.04;0.0;3653.47;186.26;93.13;-1;-0.29770622282409454;-1;-4.282726292317771;2
296897;2017;5;1096.04;0.0;3653.47;0.0;0.0;1;0.07411912799236114;1;0.20039273084586195;0
296897;2017;6;1096.04;0.0;3653.47;0.0;0.0;1;0.07411912799236114;1;0.20039273084586195;0
296897;2017;7;1096.04;0.0;3653.47;0.0;0.0;1;0.07411912799236114;1;0.20039273084586195;0
296897;2017;8;1096.04;0.0;3653.47;0.0;0.0;1;0.07411912799236114;1;0.20039273084586195;0
296897;2017;9;1096.04;0.0;3653.47;0.0;0.0;1;0.07411912799236114;1;0.20039273084586195;0
296897;2017;10;1096.04;0.0;3653.47;0.0;0.0;1;0.07411912799236114;1;0.20039273084586195;0
296897;2017;11;1096.04;0.0;3653.47;0.0;0.0;1;0.07411912799236114;1;0.20039273084586195;0
296897;2017;12;1096.04;0.0;3653.47;0.0;0.0;1;0.07411912799236114;1;0.20039273084586195;0
296897;2018;1;1096.04;0.0;3653.47;0.0;0.0;1;0.07411912799236114;1;0.20039273084586195;0
296897;2018;2;1096.04;0.0;3653.47;0.0;0.0;1;0.07411912799236114;1;0.20039273084586195;0
296897;2018;3;1128.92;0.0;3763.07;0.0;0.0;1;0.009947466275422756;1;1.5071066573391079e-05;0
296897;2018;4;1128.92;0.0;3763.07;0.0;0.0;1;0.009947466275422756;1;1.5071066573391079e-05;0
296897;2018;5;1128.92;0.0;3763.07;0.0;0.0;1;0.009947466275422756;1;1.5071066573391079e-05;0
296897;2018;6;1128.92;0.0;3763.07;0.0;0.0;1;0.009947466275422756;1;1.5071066573391079e-05;0
296897;2018;7;1128.92;0.0;3763.07;0.0;0.0;1;0.009947466275422756;1;1.5071066573391079e-05;0
296897;2018;8;1128.92;0.0;3763.07;0.0;0.0;1;0.009947466275422756;1;1.5071066573391079e-05;0
296897;2018;9;1128.92;0.0;3763.07;0.0;0.0;1;0.009947466275422756;1;1.5071066573391079e-05;0
296897;2018;10;1128.92;0.0;3763.07;0.0;0.0;1;0.009947466275422756;1;1.5071066573391079e-05;0
296897;2018;11;1128.92;0.0;3763.07;0.0;0.0;1;0.2006678865589801;1;9.912724641125692e-09;0
296897;2018;12;1128.92;0.0;3763.07;0.0;0.0;1;0.2006678865589801;1;9.912724641125692e-09;0
296897;2019;1;1128.92;0.0;3763.07;0.0;0.0;1;0.2006678865589801;1;9.912724641125692e-09;0
296897;2019;2;1128.92;0.0;3763.07;0.0;0.0;1;0.2006678865589801;1;9.912724641125692e-09;0
296897;2019;3;1128.92;0.0;3763.07;0.0;0.0;1;0.2006678865589801;1;9.912724641125692e-09;0
296897;2019;4;1128.92;0.0;3763.07;0.0;0.0;1;0.2006678865589801;1;9.912724641125692e-09;0
296897;2019;5;1128.92;0.0;3763.07;0.0;0.0;1;0.2006678865589801;1;9.912724641125692e-09;0
296897;2019;6;1128.92;0.0;3763.07;0.0;0.0;1;0.2006678865589801;1;9.912724641125692e-09;0
296897;2019;7;1128.92;0.0;3763.07;0.0;0.0;1;0.2006678865589801;1;9.912724641125692e-09;0
296897;2019;8;1128.92;0.0;3763.07;0.0;0.0;1;0.2006678865589801;1;9.912724641125692e-09;0
296897;2019;9;1128.92;0.0;3763.07;0.0;0.0;1;0.2006678865589801;1;9.912724641125692e-09;0
296897;2019;10;1128.92;0.0;3763.07;0.0;0.0;1;0.2006678865589801;1;9.912724641125692e-09;0
296897;2019;11;1128.92;0.0;3763.07;0.0;0.0;1;0.2006678865589801;1;9.912724641125692e-09;0
296897;2019;12;1128.92;0.0;3763.07;0.0;0.0;1;0.2006678865589801;1;9.912724641125692e-09;0
296897;2020;1;1128.92;0.0;3763.07;0.0;0.0;1;0.2006678865589801;1;9.912724641125692e-09;0
296897;2020;2;1128.92;0.0;3763.07;0.0;0.0;1;0.2006678865589801;1;9.912724641125692e-09;0
296897;2020;3;1128.92;0.0;3763.07;0.0;0.0;1;0.2006678865589801;1;9.912724641125692e-09;0
296897;2020;4;1128.92;0.0;3763.07;0.0;0.0;1;0.2006678865589801;1;9.912724641125692e-09;0
296897;2020;5;1128.92;0.0;3763.07;0.0;0.0;1;0.2006678865589801;1;9.912724641125692e-09;0
296897;2020;6;1128.92;0.0;3763.07;0.0;0.0;1;0.2006678865589801;1;9.912724641125692e-09;0
296897;2020;7;1128.92;0.0;3763.07;0.0;0.0;1;0.2006678865589801;1;9.912724641125692e-09;0
296897;2020;8;1128.92;0.0;3763.07;0.0;0.0;1;0.2006678865589801;1;9.912724641125692e-09;0
296897;2020;9;1128.92;0.0;3763.07;0.0;0.0;1;0.2006678865589801;1;9.912724641125692e-09;0
296897;2020;10;1128.92;0.0;3763.07;0.0;0.0;1;0.2006678865589801;1;9.912724641125692e-09;0
296897;2020;11;1128.92;0.0;3763.07;0.0;0.0;1;0.2006678865589801;1;9.912724641125692e-09;0
296897;2020;12;1128.92;0.0;3763.07;0.0;0.0;1;0.2006678865589801;1;9.912724641125692e-09;0
296897;2021;1;1128.92;0.0;3763.07;0.0;0.0;1;0.2006678865589801;1;9.912724641125692e-09;0
296897;2021;2;1128.92;0.0;3763.07;0.0;0.0;1;0.2006678865589801;1;9.912724641125692e-09;0
296897;2021;3;1128.92;0.0;3763.07;0.0;0.0;1;0.2006678865589801;1;9.912724641125692e-09;0
296897;2021;4;1128.92;0.0;3763.07;0.0;0.0;1;0.2006678865589801;1;9.912724641125692e-09;0
296897;2021;5;1128.92;0.0;3763.07;0.0;0.0;1;0.2006678865589801;1;9.912724641125692e-09;0
296897;2021;6;1128.92;0.0;3763.07;0.0;0.0;1;0.2006678865589801;1;9.912724641125692e-09;0
296897;2021;7;1128.92;0.0;3763.07;0.0;0.0;1;0.2006678865589801;1;9.912724641125692e-09;0
296897;2021;8;1128.92;0.0;3763.07;0.0;0.0;1;0.2006678865589801;1;9.912724641125692e-09;0
296897;2021;9;1128.92;0.0;3763.07;0.0;0.0;1;0.2006678865589801;1;9.912724641125692e-09;0
296897;2021;10;1128.92;0.0;3763.07;0.0;0.0;1;0.2006678865589801;1;9.912724641125692e-09;0
296897;2021;11;1128.92;0.0;3763.07;0.0;0.0;1;0.2006678865589801;1;9.912724641125692e-09;0
296897;2021;12;1128.92;0.0;3763.07;0.0;0.0;1;0.2006678865589801;1;9.912724641125692e-09;0
296897;2022;1;1189.55;0.0;3965.15;0.0;0.0;1;0.011882346059251092;1;0.10464566541623332;0
296897;2022;2;1189.55;0.0;3965.15;0.0;0.0;1;0.011882346059251092;1;0.10464566541623332;0
296897;2022;3;1189.55;0.0;3965.15;0.0;0.0;1;0.011882346059251092;1;0.10464566541623332;0
296897;2022;4;1189.55;0.0;3965.15;0.0;0.0;1;0.011882346059251092;1;0.10464566541623332;0
296897;2022;5;1250.17;0.0;4167.22;0.0;0.0;1;0.1646262434771133;1;0.1142891232990999;0
296897;2022;6;1250.17;0.0;4167.22;0.0;0.0;1;0.1646262434771133;1;0.1142891232990999;0
296897;2022;7;1250.17;0.0;4167.22;0.0;0.0;1;0.1646262434771133;1;0.1142891232990999;0
296897;2022;8;1250.17;0.0;4167.22;0.0;0.0;1;0.1646262434771133;1;0.1142891232990999;0
296897;2022;9;1250.17;0.0;4167.22;0.0;0.0;1;0.1646262434771133;1;0.1142891232990999;0
296897;2022;10;1250.17;0.0;4167.22;0.0;0.0;1;0.1646262434771133;1;0.1142891232990999;0
296897;2022;11;1250.17;0.0;4167.22;0.0;0.0;1;0.1646262434771133;1;0.1142891232990999;0
296897;2022;12;1250.17;0.0;4167.22;0.0;0.0;1;0.1646262434771133;1;0.1142891232990999;0
296897;2023;1;1250.17;0.0;4167.22;0.0;0.0;1;0.1646262434771133;1;0.1142891232990999;0
296897;2023;2;1250.17;0.0;4167.22;0.0;0.0;1;0.1646262434771133;1;0.1142891232990999;0
296897;2023;3;1250.17;0.0;4167.22;0.0;0.0;1;0.1646262434771133;1;0.1142891232990999;0
296897;2023;4;1250.17;0.0;4167.22;0.0;0.0;1;0.1646262434771133;1;0.1142891232990999;0
296897;2023;5;1250.17;0.0;4167.22;0.0;0.0;1;0.1646262434771133;1;0.1142891232990999;0
296897;2023;6;1287.67;0.0;4292.24;0.0;0.0;1;0.0;1;0.07138648399526737;0
296897;2023;7;1287.67;0.0;4292.24;0.0;0.0;1;0.0;1;0.07138648399526737;0
296897;2023;8;1322.68;8567.53;4408.92;0.0;0.0;-1;-0.17244522235837;-1;-0.6685402959585169;2
296897;2023;9;1322.68;0.0;4408.92;0.0;0.0;-1;-0.08818189272461663;1;9.912724419081087e-09;1
