isn_vinculo;num_ano;num_mes;8;15;16;21;24;30;51;54;62;79;160;161;168;185;248;252;297;312;324;329;669;1232;1233;1352;1353;1367;1368;1369;1404;1454;IF_label;IF_score;OCSVM_label;OCSVM_score;anomalo
177253;2007;3;275.15;55.03;0.0;0.0;0.0;0.0;0.0;0.0;0.0;0.0;140.85;0.0;0.0;0.0;0.0;0.0;0.0;0.0;0.0;0.0;0.0;0.0;0.0;0.0;0.0;0.0;0.0;0.0;0.0;0.0;1;0.10315686964956955;1;0.10610764587066734;0
177253;2007;4;275.15;55.03;0.0;0.0;0.0;0.0;0.0;0.0;0.0;0.0;140.85;0.0;0.0;0.0;0.0;0.0;0.0;0.0;0.0;0.0;0.0;0.0;0.0;0.0;0.0;0.0;0.0;0.0;0.0;0.0;1;0.10315686964956955;1;0.10610764587066734;0
177253;2007;5;275.15;55.03;0.0;0.0;0.0;0.0;0.0;0.0;0.0;0.0;140.85;0.0;0.0;0.0;0.0;0.0;0.0;0.0;0.0;0.0;0.0;0.0;0.0;0.0;0.0;0.0;0.0;0.0;0.0;0.0;1;0.10315686964956955;1;0.10610764587066734;0
177253;2007;6;275.15;55.03;0.0;0.0;0.0;0.0;0.0;0.0;0.0;0.0;140.85;0.0;0.0;0.0;0.0;0.0;0.0;0.0;0.0;0.0;0.0;0.0;0.0;0.0;0.0;0.0;0.0;0.0;0.0;0.0;1;0.10315686964956955;1;0.10610764587066734;0
177253;2007;7;284.92;56.98;0.0;0.0;0.0;0.0;0.0;0.0;0.0;0.0;165.08;0.0;0.0;0.0;0.0;0.0;0.0;0.0;0.0;0.0;0.0;0.0;0.0;0.0;0.0;0.0;0.0;0.0;0.0;0.0;1;0.1337218931216423;1;0.11960501098602261;0
177253;2007;8;284.92;56.98;0.0;0.0;0.0;0.0;0.0;0.0;0.0;0.0;165.08;0.0;0.0;0.0;0.0;0.0;0.0;0.0;28.88;0.0;0.0;0.0;0.0;0.0;0.0;0.0;0.0;0.0;0.0;0.0;1;0.05554824589974372;1;0.023900659593624862;0
177253;2007;9;284.92;56.98;0.0;0.0;0.0;0.0;0.0;0.0;0.0;0.0;165.08;0.0;0.0;0.0;0.0;0.0;0.0;0.0;0.0;0.0;0.0;0.0;0.0;0.0;0.0;0.0;0.0;0.0;0.0;0.0;1;0.1337218931216423;1;0.11960501098602261;0
177253;2007;10;284.92;56.98;0.0;0.0;0.0;0.0;0.0;0.0;0.0;0.0;165.08;0.0;0.0;0.0;0.0;0.0;0.0;0.0;0.0;0.0;0.0;0.0;0.0;0.0;0.0;0.0;0.0;0.0;0.0;0.0;1;0.1337218931216423;1;0.11960501098602261;0
177253;2007;11;284.92;56.98;0.0;0.0;0.0;0.0;0.0;0.0;0.0;0.0;165.08;0.0;0.0;0.0;0.0;0.0;0.0;0.0;0.0;0.0;0.0;0.0;0.0;0.0;0.0;0.0;0.0;0.0;0.0;0.0;1;0.1337218931216423;1;0.11960501098602261;0
177253;2007;12;284.92;56.98;0.0;0.0;0.0;0.0;0.0;0.0;0.0;0.0;165.08;0.0;0.0;0.0;0.0;0.0;0.0;0.0;0.0;0.0;0.0;0.0;0.0;0.0;0.0;0.0;0.0;0.0;0.0;0.0;1;0.1337218931216423;1;0.11960501098602261;0
177253;2008;1;284.92;56.98;0.0;0.0;0.0;0.0;0.0;0.0;0.0;0.0;165.08;0.0;0.0;0.0;0.0;0.0;0.0;0.0;0.0;0.0;0.0;0.0;0.0;0.0;0.0;0.0;0.0;0.0;0.0;0.0;1;0.1337218931216423;1;0.11960501098602261;0
177253;2008;2;284.92;56.98;0.0;0.0;0.0;0.0;0.0;0.0;0.0;0.0;165.08;0.0;0.0;0.0;0.0;0.0;0.0;0.0;0.0;0.0;0.0;0.0;0.0;0.0;0.0;0.0;0.0;0.0;0.0;0.0;1;0.1337218931216423;1;0.11960501098602261;0
177253;2008;3;284.92;56.98;0.0;0.0;0.0;0.0;0.0;0.0;0.0;0.0;165.08;0.0;0.0;0.0;0.0;0.0;0.0;0.0;0.0;0.0;0.0;0.0;0.0;0.0;0.0;0.0;0.0;0.0;0.0;0.0;1;0.1337218931216423;1;0.11960501098602261;0
177253;2008;4;284.92;56.98;0.0;0.0;0.0;0.0;0.0;0.0;0.0;0.0;165.08;0.0;0.0;0.0;0.0;0.0;0.0;0.0;0.0;0.0;0.0;0.0;0.0;0.0;0.0;0.0;0.0;0.0;0.0;0.0;1;0.1337218931216423;1;0.11960501098602261;0
177253;2008;5;284.92;56.98;0.0;0.0;0.0;0.0;0.0;0.0;0.0;0.0;165.08;0.0;0.0;0.0;0.0;0.0;0.0;0.0;0.0;0.0;0.0;0.0;0.0;0.0;0.0;0.0;0.0;0.0;0.0;0.0;1;0.1337218931216423;1;0.11960501098602261;0
177253;2008;6;284.92;56.98;0.0;0.0;0.0;0.0;0.0;0.0;0.0;0.0;165.08;0.0;0.0;0.0;0.0;0.0;0.0;0.0;0.0;0.0;0.0;0.0;0.0;0.0;0.0;0.0;0.0;0.0;0.0;0.0;1;0.1337218931216423;1;0.11960501098602261;0
177253;2008;7;302.39;60.48;0.0;0.0;0.0;0.0;0.0;0.0;0.0;0.0;197.61;0.0;0.0;0.0;0.0;0.0;0.0;0.0;0.0;0.0;0.0;0.0;0.0;0.0;0.0;0.0;0.0;0.0;0.0;0.0;1;0.13894412284396934;1;0.1330333224394814;0
177253;2008;8;302.39;60.48;0.0;0.0;0.0;0.0;0.0;0.0;0.0;0.0;197.61;0.0;0.0;0.0;0.0;0.0;0.0;0.0;30.24;0.0;0.0;0.0;0.0;0.0;0.0;0.0;0.0;0.0;0.0;0.0;1;0.06557728253397188;1;0.018681401111070972;0
177253;2008;9;302.39;60.48;0.0;0.0;0.0;0.0;0.0;186.83;0.0;0.0;197.61;0.0;0.0;0.0;0.0;0.0;0.0;0.0;0.0;0.0;0.0;0.0;0.0;0.0;0.0;0.0;0.0;0.0;0.0;0.0;1;0.10192508788402843;1;0.16959419599698866;0
177253;2008;10;302.39;60.48;0.0;0.0;0.0;0.0;0.0;0.0;0.0;0.0;197.61;0.0;0.0;0.0;0.0;0.0;0.0;0.0;0.0;0.0;0.0;0.0;0.0;0.0;0.0;0.0;0.0;0.0;0.0;0.0;1;0.13894412284396934;1;0.1330333224394814;0
177253;2008;11;302.39;60.48;0.0;0.0;0.0;0.0;0.0;0.0;0.0;0.0;197.61;0.0;0.0;0.0;0.0;0.0;0.0;0.0;0.0;0.0;0.0;0.0;0.0;0.0;0.0;0.0;0.0;0.0;0.0;0.0;1;0.13894412284396934;1;0.1330333224394814;0
177253;2008;12;302.39;60.48;0.0;0.0;0.0;0.0;0.0;0.0;0.0;0.0;197.61;0.0;0.0;0.0;0.0;0.0;0.0;0.0;0.0;0.0;0.0;0.0;0.0;0.0;0.0;0.0;0.0;0.0;0.0;0.0;1;0.13894412284396934;1;0.1330333224394814;0
177253;2009;1;302.39;60.48;0.0;0.0;0.0;0.0;0.0;0.0;0.0;0.0;197.61;0.0;0.0;0.0;0.0;0.0;0.0;0.0;0.0;0.0;0.0;0.0;0.0;0.0;0.0;0.0;0.0;0.0;0.0;0.0;1;0.13894412284396934;1;0.1330333224394814;0
177253;2009;2;302.39;60.48;0.0;0.0;0.0;0.0;0.0;0.0;0.0;0.0;197.61;0.0;0.0;0.0;0.0;0.0;0.0;0.0;0.0;0.0;0.0;0.0;0.0;0.0;0.0;0.0;0.0;0.0;0.0;0.0;1;0.13894412284396934;1;0.1330333224394814;0
177253;2009;3;302.39;60.48;0.0;0.0;0.0;0.0;0.0;0.0;0.0;0.0;197.61;0.0;0.0;0.0;0.0;0.0;0.0;0.0;0.0;0.0;0.0;0.0;0.0;0.0;0.0;0.0;0.0;0.0;0.0;0.0;1;0.13894412284396934;1;0.1330333224394814;0
177253;2009;4;302.39;60.48;0.0;0.0;0.0;0.0;0.0;0.0;0.0;0.0;197.61;0.0;0.0;0.0;0.0;0.0;0.0;0.0;0.0;0.0;0.0;0.0;0.0;0.0;0.0;0.0;0.0;0.0;0.0;0.0;1;0.13894412284396934;1;0.1330333224394814;0
177253;2009;5;302.39;60.48;0.0;0.0;0.0;0.0;0.0;0.0;0.0;0.0;197.61;0.0;0.0;0.0;0.0;0.0;0.0;0.0;0.0;0.0;0.0;0.0;0.0;0.0;0.0;0.0;0.0;0.0;0.0;0.0;1;0.13894412284396934;1;0.1330333224394814;0
177253;2009;6;302.39;60.48;0.0;0.0;0.0;0.0;0.0;186.83;0.0;0.0;197.61;0.0;0.0;0.0;0.0;0.0;0.0;0.0;0.0;0.0;0.0;0.0;0.0;0.0;0.0;0.0;0.0;0.0;0.0;0.0;1;0.10192508788402843;1;0.16959419599698866;0
177253;2009;7;320.53;64.11;0.0;0.0;0.0;0.0;0.0;0.0;0.0;11.2;175.36;0.0;0.0;0.0;0.0;0.0;0.0;0.0;0.0;0.0;0.0;0.0;0.0;0.0;0.0;0.0;0.0;0.0;0.0;0.0;-1;-0.00390772845373355;1;0.00044304450110588256;1
177253;2009;8;320.53;64.11;0.0;0.0;0.0;0.0;0.0;0.0;0.0;0.0;175.36;0.48;0.0;0.0;0.0;0.0;0.48;0.0;31.58;0.0;0.0;0.0;0.0;0.0;0.0;0.0;0.0;0.0;0.0;0.0;-1;-0.03990046020823157;-1;-0.00042465588241802354;2
177253;2009;9;320.53;64.11;0.0;0.0;0.0;0.0;0.0;0.0;0.0;0.0;175.36;0.0;0.0;0.0;0.0;0.0;0.48;0.0;0.0;0.0;0.0;0.0;0.0;0.0;0.0;0.0;0.0;0.0;0.0;0.0;1;0.0920108754618349;1;5.410756750079404e-05;0
177253;2009;10;320.53;64.11;0.0;0.0;0.0;0.0;0.0;186.83;0.0;0.0;175.36;0.0;0.0;0.0;0.0;0.0;0.48;0.0;0.0;0.0;0.0;0.0;0.0;0.0;0.0;0.0;0.0;0.0;0.0;0.0;1;0.02666045464964617;-1;-3.0041193114893616e-05;1
177253;2009;11;320.53;64.11;0.0;0.0;0.0;0.0;0.0;0.0;0.0;0.0;175.36;0.0;0.0;0.0;0.0;0.0;0.48;0.0;0.0;0.0;0.0;0.0;0.0;0.0;0.0;0.0;0.0;0.0;0.0;0.0;1;0.0920108754618349;1;5.410756750079404e-05;0
177253;2009;12;320.53;64.11;0.0;0.0;0.0;0.0;0.0;0.0;0.0;0.0;175.36;0.0;0.0;0.0;0.0;0.0;0.48;0.0;0.0;0.0;0.0;0.0;0.0;0.0;0.0;0.0;0.0;0.0;0.0;0.0;1;0.0920108754618349;1;5.410756750079404e-05;0
177253;2010;1;320.53;64.11;0.0;0.0;0.0;0.0;0.0;0.0;0.0;0.0;175.36;0.0;0.0;0.0;0.0;0.0;0.48;0.0;0.0;0.0;0.0;0.0;0.0;0.0;0.0;0.0;0.0;0.0;0.0;0.0;1;0.0920108754618349;1;5.410756750079404e-05;0
177253;2010;2;320.53;64.11;0.0;0.0;0.0;0.0;0.0;0.0;0.0;0.0;175.36;0.0;0.0;0.0;0.0;0.0;0.48;0.0;0.0;0.0;0.0;0.0;0.0;0.0;0.0;0.0;0.0;0.0;0.0;0.0;1;0.0920108754618349;1;5.410756750079404e-05;0
177253;2010;3;320.53;64.11;0.0;0.0;0.0;0.0;0.0;0.0;0.0;0.0;175.36;0.0;0.0;0.0;0.0;0.0;0.48;0.0;0.0;0.0;0.0;0.0;0.0;0.0;0.0;0.0;0.0;0.0;0.0;0.0;1;0.0920108754618349;1;5.410756750079404e-05;0
177253;2010;4;320.53;64.11;0.0;0.0;0.0;0.0;0.0;0.0;0.0;0.0;175.36;0.0;0.0;0.0;0.0;0.0;0.48;0.0;0.0;0.0;0.0;0.0;0.0;0.0;0.0;0.0;0.0;0.0;0.0;0.0;1;0.0920108754618349;1;5.410756750079404e-05;0
177253;2010;5;320.53;64.11;0.0;0.0;0.0;0.0;0.0;0.0;0.0;0.0;175.36;0.0;0.0;0.0;0.0;0.0;0.48;0.0;0.0;0.0;0.0;0.0;0.0;0.0;0.0;0.0;0.0;0.0;0.0;0.0;1;0.0920108754618349;1;5.410756750079404e-05;0
177253;2010;6;320.53;64.11;0.0;0.0;0.0;0.0;0.0;0.0;0.0;0.0;175.36;0.0;0.0;0.0;0.0;0.0;0.48;0.0;0.0;0.0;0.0;0.0;0.0;0.0;0.0;0.0;0.0;0.0;0.0;0.0;1;0.0920108754618349;1;5.410756750079404e-05;0
177253;2010;7;336.04;67.21;0.0;0.0;0.0;0.0;0.0;0.0;0.0;0.0;183.85;0.0;0.0;0.0;0.0;0.0;0.48;0.0;0.0;0.0;0.0;0.0;0.0;0.0;0.0;0.0;0.0;0.0;0.0;0.0;1;0.06632725247727006;1;0.0030562144167393113;0
177253;2010;8;336.04;67.21;0.0;0.0;0.0;0.0;0.0;0.0;0.0;0.0;183.85;0.0;0.0;0.0;0.0;0.0;0.48;0.0;0.0;0.0;0.0;0.0;0.0;0.0;0.0;0.0;0.0;0.0;0.0;0.0;1;0.06632725247727006;1;0.0030562144167393113;0
177253;2010;9;336.04;67.21;0.0;0.0;0.0;0.0;0.0;0.0;0.0;0.0;183.85;0.0;0.0;0.0;0.0;0.0;0.48;0.0;0.0;0.0;0.0;0.0;0.0;0.0;0.0;0.0;0.0;0.0;0.0;0.0;1;0.06632725247727006;1;0.0030562144167393113;0
177253;2010;10;336.04;67.21;0.0;0.0;0.0;0.0;0.0;0.0;0.0;0.0;183.85;0.0;0.0;0.0;0.0;0.0;0.48;0.0;0.0;0.0;0.0;0.0;0.0;0.0;0.0;0.0;0.0;0.0;0.0;0.0;1;0.06632725247727006;1;0.0030562144167393113;0
177253;2010;11;336.04;67.21;0.0;0.0;0.0;0.0;0.0;0.0;0.0;0.0;183.85;0.0;0.0;0.0;0.0;0.0;0.48;0.0;0.0;0.0;0.0;0.0;0.0;0.0;0.0;0.0;0.0;0.0;0.0;0.0;1;0.06632725247727006;1;0.0030562144167393113;0
177253;2010;12;336.04;67.21;0.0;0.0;0.0;0.0;0.0;0.0;0.0;0.0;183.85;0.0;0.0;0.0;0.0;0.0;0.48;0.0;0.0;0.0;0.0;0.0;0.0;0.0;0.0;0.0;0.0;0.0;0.0;0.0;1;0.06632725247727006;1;0.0030562144167393113;0
177253;2011;1;352.84;70.57;0.0;0.0;0.0;0.0;0.0;213.33;0.0;0.0;216.59;0.0;0.0;0.0;0.0;0.0;0.0;0.0;0.0;0.0;0.0;0.0;0.0;0.0;0.0;0.0;0.0;0.0;0.0;0.0;1;0.0994210770343143;1;0.19145326886895775;0
177253;2011;2;352.84;70.57;0.0;0.0;0.0;0.0;0.0;0.0;0.0;0.0;216.59;0.0;0.0;0.0;0.0;0.0;0.0;0.0;0.0;0.0;0.0;0.0;0.0;0.0;0.0;0.0;0.0;0.0;0.0;0.0;1;0.13837588334388273;1;0.1549882307878896;0
177253;2011;3;352.84;70.57;0.0;0.0;0.0;0.0;0.0;0.0;0.0;0.0;216.59;0.0;0.0;0.0;0.0;0.0;0.0;0.0;0.0;0.0;0.0;0.0;0.0;0.0;0.0;0.0;0.0;0.0;0.0;0.0;1;0.13837588334388273;1;0.1549882307878896;0
177253;2011;4;352.84;70.57;0.0;0.0;0.0;0.0;0.0;0.0;0.0;0.0;216.59;0.0;0.0;0.0;0.0;0.0;0.0;0.0;0.0;0.0;0.0;0.0;0.0;0.0;0.0;0.0;0.0;0.0;0.0;0.0;1;0.13837588334388273;1;0.1549882307878896;0
177253;2011;5;352.84;70.57;0.0;0.0;0.0;0.0;0.0;0.0;0.0;0.0;216.59;0.0;0.0;0.0;0.0;0.0;0.0;0.0;0.0;0.0;0.0;0.0;0.0;0.0;0.0;0.0;0.0;0.0;0.0;0.0;1;0.13837588334388273;1;0.1549882307878896;0
177253;2011;6;352.84;70.57;0.0;0.0;0.0;0.0;0.0;0.0;0.0;0.0;216.59;0.0;0.0;0.0;0.0;0.0;0.0;0.0;0.0;0.0;0.0;0.0;0.0;0.0;0.0;0.0;0.0;0.0;0.0;0.0;1;0.13837588334388273;1;0.1549882307878896;0
177253;2011;7;352.84;70.57;0.0;0.0;0.0;0.0;0.0;0.0;0.0;0.0;216.59;0.0;0.0;0.0;0.0;0.0;0.0;0.0;0.0;0.0;0.0;0.0;0.0;0.0;0.0;0.0;0.0;0.0;0.0;0.0;1;0.13837588334388273;1;0.1549882307878896;0
177253;2011;8;352.84;70.57;0.0;0.0;0.0;0.0;0.0;0.0;0.0;0.0;216.59;0.0;0.0;0.0;0.0;0.0;0.0;0.0;33.44;0.0;0.0;0.0;0.0;0.0;0.0;0.0;0.0;0.0;0.0;0.0;1;0.04525336432190086;-1;-4.193108522621003e-06;1
177253;2011;9;352.84;70.57;0.0;0.0;0.0;0.0;0.0;0.0;0.0;0.0;216.59;0.0;0.0;0.0;0.0;0.0;0.0;0.0;0.0;0.0;0.0;0.0;0.0;0.0;0.0;0.0;0.0;0.0;0.0;0.0;1;0.13837588334388273;1;0.1549882307878896;0
177253;2011;10;352.84;70.57;0.0;0.0;0.0;0.0;0.0;213.33;0.0;0.0;216.59;0.0;0.0;0.0;0.0;0.0;0.0;0.0;0.0;0.0;0.0;0.0;0.0;0.0;0.0;0.0;0.0;0.0;0.0;0.0;1;0.0994210770343143;1;0.19145326886895775;0
177253;2011;11;352.84;70.57;0.0;0.0;0.0;0.0;0.0;0.0;0.0;0.0;216.59;0.0;0.0;0.0;0.0;0.0;0.0;0.0;0.0;0.0;0.0;0.0;0.0;0.0;0.0;0.0;0.0;0.0;0.0;0.0;1;0.13837588334388273;1;0.1549882307878896;0
177253;2011;12;352.84;70.57;0.0;0.0;0.0;0.0;0.0;0.0;0.0;0.0;216.59;0.0;0.0;0.0;0.0;0.0;0.0;0.0;0.0;0.0;0.0;0.0;0.0;0.0;0.0;0.0;0.0;0.0;0.0;0.0;1;0.13837588334388273;1;0.1549882307878896;0
177253;2012;1;377.54;75.51;0.0;0.0;0.0;0.0;0.0;0.0;0.0;0.0;231.75;0.0;0.0;0.0;0.0;0.0;0.0;0.0;0.0;0.0;0.0;0.0;0.0;0.0;0.0;0.0;0.0;0.0;0.0;0.0;1;0.12338986592544177;1;0.16159609476516912;0
177253;2012;2;377.54;75.51;0.0;0.0;0.0;0.0;0.0;0.0;0.0;0.0;231.75;0.0;0.0;0.0;0.0;0.0;0.0;0.0;0.0;0.0;0.0;0.0;0.0;0.0;0.0;0.0;0.0;0.0;0.0;0.0;1;0.12338986592544177;1;0.16159609476516912;0
177253;2012;3;377.54;75.51;0.0;0.0;0.0;0.0;0.0;0.0;0.0;0.0;231.75;0.0;0.0;0.0;0.0;0.0;0.0;0.0;0.0;0.0;0.0;0.0;0.0;0.0;0.0;0.0;0.0;0.0;0.0;0.0;1;0.12338986592544177;1;0.16159609476516912;0
177253;2012;4;377.54;75.51;0.0;0.0;0.0;0.0;0.0;0.0;0.0;0.0;231.75;0.0;0.0;0.0;0.0;0.0;0.0;0.0;0.0;0.0;0.0;0.0;0.0;0.0;0.0;0.0;0.0;0.0;0.0;0.0;1;0.12338986592544177;1;0.16159609476516912;0
177253;2012;5;377.54;75.51;0.0;0.0;0.0;0.0;0.0;0.0;0.0;0.0;231.75;0.0;0.0;0.0;0.0;0.0;0.0;0.0;0.0;0.0;0.0;0.0;0.0;0.0;0.0;0.0;0.0;0.0;0.0;0.0;1;0.12338986592544177;1;0.16159609476516912;0
177253;2012;6;377.54;75.51;0.0;0.0;0.0;0.0;0.0;0.0;0.0;0.0;231.75;0.0;0.0;0.0;0.0;0.0;0.0;0.0;0.0;0.0;0.0;0.0;0.0;0.0;0.0;0.0;0.0;0.0;0.0;0.0;1;0.12338986592544177;1;0.16159609476516912;0
177253;2012;7;377.54;75.51;0.0;0.0;0.0;0.0;0.0;0.0;0.0;0.0;231.75;0.0;0.0;0.0;0.0;0.0;0.0;0.0;0.0;0.0;0.0;0.0;0.0;0.0;0.0;0.0;0.0;0.0;0.0;0.0;1;0.12338986592544177;1;0.16159609476516912;0
177253;2012;8;528.56;105.71;0.0;151.04;0.0;0.0;30.21;0.0;0.0;0.0;50.53;0.0;0.0;190.0;0.0;0.0;0.0;0.0;33.84;0.0;0.0;0.0;0.0;0.0;0.0;0.0;0.0;0.0;0.0;0.0;-1;-0.10061873742921779;-1;-0.0001948946844401167;2
177253;2012;9;528.56;105.71;0.0;0.0;0.0;0.0;0.0;0.0;0.0;0.0;50.53;0.0;0.0;220.0;0.0;0.0;0.0;0.0;0.0;0.0;0.0;0.0;0.0;0.0;0.0;0.0;0.0;0.0;0.0;0.0;1;0.14235990409656207;1;0.1307127974881378;0
177253;2012;10;528.56;105.71;0.0;0.0;0.0;0.0;0.0;0.0;0.0;0.0;50.53;0.0;0.0;200.0;0.0;0.0;0.0;0.0;0.0;0.0;0.0;0.0;0.0;0.0;0.0;0.0;0.0;0.0;0.0;0.0;1;0.14297662305338515;1;0.13743448354586674;0
177253;2012;11;528.56;105.71;0.0;0.0;0.0;0.0;0.0;0.0;0.0;0.0;50.53;0.0;0.0;200.0;0.0;0.0;0.0;0.0;0.0;0.0;0.0;0.0;0.0;0.0;0.0;0.0;0.0;0.0;0.0;0.0;1;0.14297662305338515;1;0.13743448354586674;0
177253;2012;12;528.56;105.71;0.0;0.0;0.0;0.0;0.0;0.0;0.0;0.0;50.53;0.0;0.0;220.0;0.0;0.0;0.0;0.0;0.0;0.0;0.0;0.0;0.0;0.0;0.0;0.0;0.0;0.0;0.0;0.0;1;0.14235990409656207;1;0.1307127974881378;0
177253;2013;1;558.05;111.61;0.0;0.0;0.0;0.0;0.0;0.0;0.0;0.0;53.35;0.0;0.0;179.35;0.0;0.0;0.0;12.28;0.0;0.0;0.0;0.0;0.0;0.0;0.0;0.0;0.0;0.0;0.0;0.0;1;0.1192792432591393;1;0.14754137560876712;0
177253;2013;2;558.05;111.61;0.0;0.0;0.0;0.0;0.0;0.0;0.0;0.0;53.35;0.0;0.0;200.45;0.0;0.0;0.0;0.0;0.0;0.0;0.0;0.0;0.0;0.0;0.0;0.0;0.0;0.0;0.0;0.0;1;0.15072706795974805;1;0.14058897860706376;0
177253;2013;3;558.05;111.61;0.0;0.0;0.0;0.0;0.0;0.0;0.0;0.0;53.35;0.0;0.0;232.1;0.0;0.0;0.0;0.0;0.0;0.0;0.0;0.0;0.0;0.0;0.0;0.0;0.0;0.0;0.0;0.0;1;0.1542501790847779;1;0.12913419633532675;0
177253;2013;4;558.05;111.61;0.0;0.0;0.0;0.0;0.0;0.0;0.0;0.0;53.35;0.0;0.0;221.55;0.0;0.0;0.0;0.0;0.0;0.0;0.0;0.0;0.0;0.0;0.0;0.0;0.0;0.0;0.0;0.0;1;0.15392868750590838;1;0.1334199985145078;0
177253;2013;5;558.05;111.61;0.0;0.0;0.0;0.0;0.0;0.0;0.0;0.0;53.35;0.0;0.0;211.0;0.0;0.0;0.0;0.0;0.0;0.0;0.0;0.0;0.0;0.0;0.0;0.0;0.0;0.0;0.0;0.0;1;0.1536552381493675;1;0.13724024049519346;0
177253;2013;6;558.05;111.61;0.0;0.0;0.0;0.0;0.0;0.0;0.0;0.0;53.35;0.0;0.0;242.65;0.0;0.0;0.0;0.0;0.0;0.0;0.0;0.0;0.0;0.0;0.0;0.0;0.0;0.0;0.0;0.0;1;0.15000184465364674;1;0.12438947026502467;0
177253;2013;7;558.05;111.61;0.0;0.0;0.0;0.0;0.0;0.0;0.0;0.0;53.35;0.0;0.0;221.55;0.0;0.0;0.0;0.0;0.0;0.0;0.0;0.0;0.0;0.0;0.0;0.0;0.0;0.0;0.0;0.0;1;0.15392868750590838;1;0.1334199985145078;0
177253;2013;8;558.05;111.61;0.0;0.0;0.0;0.0;0.0;0.0;0.0;0.0;53.35;0.0;0.0;221.55;0.0;0.0;0.0;0.0;30.27;0.0;0.0;0.0;0.0;0.0;0.0;0.0;0.0;0.0;0.0;0.0;1;0.07211986713111584;-1;-0.00019490634832297626;1
177253;2013;9;558.05;111.61;0.0;0.0;0.0;0.0;0.0;0.0;0.0;0.0;53.35;0.0;0.0;232.1;0.0;0.0;0.0;0.0;0.0;0.0;0.0;0.0;0.0;0.0;0.0;0.0;0.0;0.0;0.0;0.0;1;0.1542501790847779;1;0.12913419633532675;0
177253;2013;10;558.05;111.61;0.0;0.0;0.0;0.0;0.0;0.0;0.0;0.0;53.35;0.0;0.0;211.0;0.0;0.0;0.0;0.0;0.0;0.0;0.0;0.0;0.0;0.0;0.0;0.0;0.0;0.0;0.0;0.0;1;0.1536552381493675;1;0.13724024049519346;0
177253;2013;11;558.05;111.61;0.0;0.0;0.0;0.0;0.0;0.0;0.0;0.0;53.35;0.0;0.0;221.55;0.0;0.0;0.0;0.0;0.0;0.0;0.0;0.0;0.0;0.0;0.0;0.0;0.0;0.0;0.0;0.0;1;0.15392868750590838;1;0.1334199985145078;0
177253;2013;12;558.05;111.61;0.0;0.0;0.0;0.0;0.0;0.0;0.0;0.0;53.35;0.0;0.0;232.1;0.0;0.0;0.0;0.0;0.0;0.0;0.0;0.0;0.0;0.0;0.0;0.0;0.0;0.0;0.0;0.0;1;0.1542501790847779;1;0.12913419633532675;0
177253;2014;1;589.86;117.97;0.0;0.0;0.0;0.0;0.0;0.0;0.0;0.0;56.39;0.0;0.0;211.0;0.0;0.0;0.0;0.0;0.0;0.0;0.0;0.0;0.0;0.0;0.0;0.0;0.0;0.0;0.0;0.0;1;0.15310225078543982;1;0.1386683365783684;0
177253;2014;2;589.86;117.97;0.0;0.0;0.0;0.0;0.0;0.0;0.0;0.0;56.39;0.0;0.0;179.35;0.0;0.0;0.0;0.0;0.0;0.0;0.0;0.0;0.0;0.0;0.0;0.0;0.0;0.0;0.0;0.0;1;0.1445282786445352;1;0.14723433704221145;0
177253;2014;3;589.86;117.97;0.0;0.0;0.0;0.0;0.0;0.0;0.0;0.0;56.39;0.0;0.0;211.0;0.0;0.0;0.0;0.0;0.0;0.0;0.0;0.0;0.0;0.0;0.0;0.0;0.0;0.0;0.0;0.0;1;0.15310225078543982;1;0.1386683365783684;0
177253;2014;4;589.86;117.97;0.0;0.0;0.0;0.0;0.0;0.0;0.0;0.0;56.39;0.0;0.0;221.55;0.0;0.0;0.0;0.0;0.0;0.0;0.0;0.0;0.0;0.0;0.0;0.0;0.0;0.0;0.0;0.0;1;0.15368482560093272;1;0.1348616838500678;0
177253;2014;5;589.86;117.97;0.0;0.0;0.0;0.0;0.0;0.0;0.0;0.0;56.39;0.0;0.0;223.0;0.0;0.0;0.0;0.0;0.0;0.0;0.0;0.0;0.0;0.0;0.0;0.0;0.0;0.0;0.0;0.0;1;0.1531794826296904;1;0.13430189799733394;0
177253;2014;6;589.86;117.97;0.0;0.0;0.0;0.0;0.0;0.0;0.0;0.0;56.39;0.0;0.0;256.45;0.0;0.0;0.0;60.0;0.0;0.0;0.0;0.0;0.0;0.0;0.0;0.0;0.0;0.0;0.0;0.0;1;0.0964800342631445;1;1.733944744275462e-05;0
177253;2014;7;589.86;117.97;0.0;0.0;0.0;0.0;0.0;0.0;0.0;0.0;56.39;0.0;0.0;223.0;0.0;0.0;0.0;0.0;0.0;0.0;0.0;0.0;0.0;0.0;0.0;0.0;0.0;0.0;0.0;0.0;1;0.1531794826296904;1;0.13430189799733394;0
177253;2014;8;589.86;117.97;0.0;0.0;0.0;0.0;0.0;0.0;0.0;0.0;56.39;0.0;0.0;245.3;0.0;0.0;0.0;0.0;0.0;0.0;0.0;0.0;0.0;0.0;0.0;0.0;0.0;0.0;0.0;0.0;1;0.1519364328291915;1;0.12459562629251553;0
177253;2014;9;589.86;117.97;0.0;0.0;0.0;0.0;0.0;0.0;0.0;0.0;56.39;0.0;0.0;245.3;0.0;0.0;0.0;0.0;0.0;0.0;0.0;0.0;0.0;0.0;0.0;0.0;0.0;0.0;0.0;0.0;1;0.1519364328291915;1;0.12459562629251553;0
177253;2014;10;589.86;117.97;0.0;0.0;0.0;0.0;0.0;0.0;0.0;0.0;56.39;0.0;0.0;223.0;0.0;0.0;0.0;0.0;0.0;0.0;0.0;0.0;0.0;0.0;0.0;0.0;0.0;0.0;0.0;0.0;1;0.1531794826296904;1;0.13430189799733394;0
177253;2014;11;589.86;117.97;0.0;0.0;0.0;0.0;0.0;0.0;0.0;0.0;56.39;0.0;0.0;245.3;0.0;0.0;0.0;0.0;0.0;0.0;0.0;0.0;0.0;0.0;0.0;0.0;0.0;0.0;0.0;0.0;1;0.1519364328291915;1;0.12459562629251553;0
177253;2014;12;589.86;117.97;0.0;0.0;0.0;0.0;0.0;0.0;0.0;0.0;56.39;0.0;0.0;234.15;0.0;0.0;0.0;0.0;0.0;0.0;0.0;0.0;0.0;0.0;0.0;0.0;0.0;0.0;0.0;0.0;1;0.1528105874464717;1;0.12970477304557515;0
602518;2014;12;589.86;88.48;2985.37;0.0;0.0;0.0;0.0;1249.86;0.0;0.0;85.88;0.0;0.0;0.0;0.0;0.0;0.0;0.0;0.0;0.0;0.0;0.0;0.0;0.0;0.0;0.0;0.0;0.0;0.0;0.0;-1;-0.01824114113907105;1;8.821776404188686e-05;1
177253;2015;1;627.91;125.58;0.0;0.0;0.0;0.0;0.0;0.0;0.0;0.0;60.02;0.0;0.0;201.79;0.0;0.0;0.0;0.0;0.0;0.0;0.0;0.0;17.85;0.0;0.0;0.0;0.0;0.0;0.0;0.0;1;0.06211830122218326;-1;-0.00014382929318956794;1
602518;2015;1;627.91;94.19;3177.93;0.0;0.0;0.0;0.0;0.0;0.0;0.0;91.41;0.0;0.0;201.79;0.0;0.0;0.0;0.0;0.0;0.0;0.0;80.62;0.0;0.0;0.0;0.0;0.0;0.0;0.0;0.0;-1;-0.0006222611869118877;-1;-8.161041332088725e-05;2
177253;2015;2;627.91;125.58;0.0;0.0;0.0;0.0;0.0;0.0;0.0;0.0;60.02;0.0;0.0;237.4;0.0;0.0;0.0;0.0;0.0;0.0;0.0;0.0;0.0;0.0;0.0;0.0;0.0;0.0;0.0;0.0;1;0.15680402449085606;1;0.12713129216917396;0
602518;2015;2;627.91;94.19;3177.93;0.0;0.0;0.0;0.0;0.0;0.0;0.0;91.41;0.0;0.0;237.4;0.0;0.0;0.0;0.0;0.0;0.0;0.0;0.0;0.0;0.0;0.0;0.0;0.0;0.0;0.0;0.0;1;0.1256976156958446;1;8.03923389126604e-05;0
177253;2015;3;627.91;125.58;0.0;0.0;0.0;0.0;0.0;271.17;0.0;0.0;60.02;0.0;0.0;0.0;0.0;0.0;0.0;0.0;0.0;0.0;0.0;0.0;0.0;0.0;0.0;0.0;0.0;0.0;0.0;0.0;1;0.10012272113157794;1;0.14734080598777288;0
602518;2015;3;627.91;94.19;3177.93;0.0;0.0;0.0;0.0;0.0;0.0;0.0;91.41;0.0;0.0;237.4;0.0;0.0;0.0;0.0;0.0;0.0;0.0;0.0;0.0;0.0;0.0;0.0;0.0;0.0;0.0;0.0;1;0.1256976156958446;1;8.03923389126604e-05;0
177253;2015;4;627.91;125.58;0.0;0.0;0.0;0.0;0.0;271.17;0.0;0.0;60.02;0.0;0.0;0.0;0.0;0.0;0.0;0.0;0.0;0.0;0.0;0.0;0.0;0.0;0.0;0.0;0.0;0.0;0.0;0.0;1;0.10012272113157794;1;0.14734080598777288;0
602518;2015;4;627.91;94.19;1377.1;0.0;0.0;0.0;0.0;0.0;0.0;0.0;91.41;0.0;0.0;237.4;0.0;0.0;0.0;0.0;0.0;0.0;0.0;0.0;0.0;0.0;0.0;0.0;0.0;0.0;0.0;0.0;1;0.1480367577457236;1;0.20109242057087962;0
177253;2015;5;627.91;125.58;0.0;0.0;0.0;0.0;0.0;0.0;0.0;0.0;60.02;0.0;0.0;249.27;0.0;0.0;0.0;0.0;0.0;0.0;0.0;0.0;0.0;0.0;0.0;0.0;0.0;0.0;0.0;0.0;1;0.15529661906461545;1;0.12155014724796154;0
602518;2015;5;627.91;94.19;2009.28;0.0;0.0;0.0;0.0;0.0;0.0;0.0;91.41;0.0;0.0;249.27;0.0;0.0;0.0;0.0;0.0;0.0;0.0;0.0;0.0;0.0;0.0;0.0;0.0;0.0;0.0;0.0;1;0.1458205650995224;1;0.15329215806310037;0
177253;2015;6;627.91;125.58;0.0;0.0;0.0;0.0;0.0;0.0;0.0;0.0;60.02;0.0;0.0;273.01;0.0;0.0;0.0;0.0;0.0;0.0;0.0;0.0;0.0;0.0;0.0;0.0;0.0;0.0;0.0;0.0;1;0.14972703735717496;1;0.10870143910144547;0
602518;2015;6;627.91;94.19;2224.56;0.0;0.0;0.0;0.0;0.0;0.0;0.0;91.41;0.0;0.0;273.01;0.0;0.0;0.0;0.0;0.0;0.0;0.0;0.0;0.0;0.0;0.0;0.0;0.0;0.0;0.0;0.0;1;0.14276447026736105;1;0.11852548735031587;0
177253;2015;7;627.91;125.58;0.0;0.0;0.0;0.0;0.0;0.0;0.0;0.0;60.01;0.0;0.0;249.27;0.0;0.0;0.0;0.0;0.0;0.0;0.0;0.0;0.0;0.0;0.0;0.0;0.0;0.0;0.0;0.0;1;0.15496222859372843;1;0.12154008263729077;0
602518;2015;7;627.91;94.19;2224.56;0.0;0.0;0.0;0.0;0.0;0.0;0.0;91.41;0.0;0.0;249.27;0.0;0.0;0.0;0.0;0.0;0.0;0.0;0.0;0.0;0.0;0.0;0.0;0.0;0.0;0.0;0.0;1;0.14729528912828055;1;0.13120309051390577;0
177253;2015;8;627.91;125.58;0.0;0.0;0.0;0.0;0.0;0.0;0.0;0.0;60.01;0.0;0.0;249.27;0.0;0.0;0.0;0.0;0.0;0.0;0.0;0.0;0.0;0.0;0.0;0.0;0.0;0.0;0.0;0.0;1;0.15496222859372843;1;0.12154008263729077;0
602518;2015;8;627.91;94.19;2224.56;0.0;0.0;0.0;0.0;0.0;0.0;0.0;91.41;0.0;0.0;249.27;0.0;0.0;0.0;0.0;0.0;0.0;0.0;0.0;0.0;0.0;0.0;0.0;0.0;0.0;0.0;0.0;1;0.14729528912828055;1;0.13120309051390577;0
177253;2015;9;627.91;125.58;0.0;0.0;0.0;0.0;0.0;0.0;0.0;0.0;60.01;0.0;0.0;237.4;0.0;0.0;0.0;0.0;0.0;0.0;0.0;0.0;0.0;0.0;0.0;0.0;0.0;0.0;0.0;0.0;1;0.15607198428780905;1;0.12712114910200822;0
602518;2015;9;627.91;94.19;2224.56;0.0;0.0;0.0;0.0;0.0;0.0;0.0;91.41;0.0;0.0;237.4;0.0;0.0;0.0;0.0;0.0;0.0;0.0;0.0;0.0;0.0;0.0;0.0;0.0;0.0;0.0;0.0;1;0.14705327499050797;1;0.13668342130893973;0
177253;2015;10;627.91;125.58;0.0;0.0;0.0;0.0;0.0;0.0;0.0;0.0;60.02;0.0;0.0;237.4;0.0;0.0;0.0;0.0;0.0;0.0;0.0;0.0;0.0;0.0;0.0;0.0;0.0;0.0;0.0;0.0;1;0.15680402449085606;1;0.12713129216917396;0
602518;2015;10;627.91;94.19;2224.56;0.0;0.0;0.0;0.0;0.0;0.0;0.0;91.41;0.0;0.0;237.4;0.0;0.0;0.0;0.0;0.0;0.0;0.0;0.0;0.0;0.0;0.0;0.0;0.0;0.0;0.0;0.0;1;0.14705327499050797;1;0.13668342130893973;0
177253;2015;11;627.91;125.58;0.0;0.0;0.0;0.0;0.0;0.0;0.0;0.0;60.02;0.0;0.0;261.14;0.0;0.0;0.0;0.0;0.0;0.0;0.0;0.0;0.0;0.0;0.0;0.0;0.0;0.0;0.0;0.0;1;0.1534714167900595;1;0.115402900370141;0
602518;2015;11;627.91;94.19;2224.56;0.0;0.0;0.0;0.0;0.0;0.0;0.0;91.41;0.0;0.0;261.14;0.0;0.0;0.0;0.0;0.0;0.0;0.0;0.0;0.0;0.0;0.0;0.0;0.0;0.0;0.0;0.0;1;0.14707127186133523;1;0.12514653539649578;0
177253;2015;12;627.91;125.58;0.0;0.0;0.0;0.0;0.0;0.0;0.0;0.0;60.02;0.0;0.0;237.4;0.0;0.0;0.0;0.0;0.0;0.0;0.0;0.0;0.0;0.0;0.0;0.0;0.0;0.0;0.0;0.0;1;0.15680402449085606;1;0.12713129216917396;0
602518;2015;12;627.91;94.19;2224.56;0.0;0.0;0.0;0.0;1012.69;0.0;0.0;91.41;0.0;0.0;0.0;0.0;0.0;0.0;0.0;0.0;0.0;0.0;0.0;0.0;0.0;0.0;0.0;0.0;0.0;0.0;0.0;1;0.042063277106420216;1;0.09981169943158175;0
177253;2016;1;627.91;125.58;0.0;0.0;0.0;0.0;0.0;0.0;0.0;0.0;126.51;0.0;0.0;213.66;0.0;0.0;0.0;0.0;0.0;0.0;0.0;0.0;0.0;0.0;0.0;0.0;0.0;0.0;0.0;0.0;1;0.1572282505814528;1;0.1897208280681798;0
602518;2016;1;627.91;94.19;2224.56;0.0;0.0;0.0;0.0;0.0;0.0;0.0;157.9;0.0;0.0;213.66;0.0;0.0;0.0;0.0;0.0;0.0;0.0;0.0;0.0;0.0;0.0;0.0;0.0;0.0;0.0;0.0;1;0.14887694947212488;1;0.18521589079733658;0
177253;2016;2;627.91;125.58;0.0;0.0;0.0;0.0;0.0;0.0;0.0;0.0;126.51;0.0;0.0;261.14;0.0;0.0;0.0;0.0;0.0;0.0;0.0;0.0;0.0;0.0;0.0;0.0;0.0;0.0;0.0;0.0;1;0.15738747275958193;1;0.16688241410480287;0
602518;2016;2;627.91;94.19;2224.56;0.0;0.0;0.0;0.0;0.0;0.0;0.0;157.9;0.0;0.0;261.14;0.0;0.0;0.0;0.0;0.0;0.0;0.0;0.0;0.0;0.0;0.0;0.0;0.0;0.0;0.0;0.0;1;0.1546749076223179;1;0.16312428928923994;0
177253;2016;3;627.91;125.58;0.0;0.0;0.0;0.0;0.0;300.1;0.0;0.0;146.82;40.62;0.0;0.0;0.0;0.0;0.0;0.0;0.0;0.0;0.0;0.0;0.0;0.0;0.0;0.0;0.0;0.0;0.0;0.0;1;0.05800766742252644;-1;-9.959334874942716e-05;1
602518;2016;3;627.91;94.19;2224.56;0.0;0.0;0.0;0.0;0.0;0.0;0.0;178.21;40.62;0.0;237.4;0.0;0.0;0.0;0.0;0.0;0.0;0.0;0.0;0.0;0.0;0.0;0.0;0.0;0.0;0.0;0.0;1;0.09929178288386209;1;0.00029783233538749343;0
177253;2016;4;627.91;125.58;0.0;0.0;0.0;0.0;0.0;0.0;0.0;0.0;146.82;0.0;0.0;249.27;0.0;0.0;0.0;0.0;0.0;0.0;0.0;0.0;0.0;0.0;0.0;0.0;0.0;0.0;0.0;0.0;1;0.16227131989791166;1;0.18294721717556317;0
602518;2016;4;627.91;94.19;2224.56;0.0;0.0;0.0;0.0;0.0;0.0;0.0;178.21;0.0;0.0;249.27;0.0;0.0;0.0;0.0;0.0;0.0;0.0;0.0;0.0;0.0;0.0;0.0;0.0;0.0;0.0;0.0;1;0.1553206654279704;1;0.1746511781652096;0
177253;2016;5;627.91;125.58;0.0;0.0;0.0;0.0;0.0;0.0;0.0;0.0;146.82;0.0;0.0;261.14;0.0;0.0;0.0;0.0;0.0;0.0;0.0;0.0;0.0;0.0;0.0;0.0;0.0;0.0;0.0;0.0;1;0.16149438759869683;1;0.1762307544158197;0
602518;2016;5;627.91;94.19;2224.56;0.0;0.0;0.0;0.0;0.0;0.0;0.0;178.21;0.0;0.0;261.14;0.0;0.0;0.0;0.0;0.0;0.0;0.0;0.0;0.0;0.0;0.0;0.0;0.0;0.0;0.0;0.0;1;0.1558111494431429;1;0.16814815016707518;0
177253;2016;6;627.91;125.58;0.0;0.0;0.0;0.0;0.0;0.0;0.0;0.0;146.82;0.0;0.0;249.27;0.0;0.0;0.0;0.0;0.0;0.0;0.0;0.0;0.0;0.0;0.0;0.0;0.0;0.0;0.0;0.0;1;0.16227131989791166;1;0.18294721717556317;0
602518;2016;6;627.91;94.19;2224.56;0.0;0.0;0.0;0.0;0.0;0.0;0.0;178.21;0.0;0.0;249.27;0.0;0.0;0.0;0.0;0.0;0.0;0.0;0.0;0.0;0.0;0.0;0.0;0.0;0.0;0.0;0.0;1;0.1553206654279704;1;0.1746511781652096;0
177253;2016;7;627.91;125.58;0.0;0.0;0.0;0.0;0.0;0.0;0.0;0.0;146.82;0.0;0.0;261.14;0.0;0.0;0.0;0.0;0.0;0.0;0.0;0.0;0.0;0.0;0.0;0.0;0.0;0.0;0.0;0.0;1;0.16149438759869683;1;0.1762307544158197;0
602518;2016;7;627.91;94.19;2224.56;0.0;0.0;0.0;0.0;0.0;0.0;0.0;178.21;0.0;0.0;261.14;0.0;0.0;0.0;0.0;0.0;0.0;0.0;0.0;0.0;0.0;0.0;0.0;0.0;0.0;0.0;0.0;1;0.1558111494431429;1;0.16814815016707518;0
177253;2016;8;627.91;125.58;0.0;0.0;0.0;0.0;0.0;0.0;0.0;0.0;146.82;0.0;0.0;249.27;0.0;0.0;0.0;0.0;0.0;0.0;0.0;0.0;0.0;0.0;0.0;0.0;0.0;0.0;0.0;0.0;1;0.16227131989791166;1;0.18294721717556317;0
602518;2016;8;627.91;94.19;2224.56;0.0;0.0;0.0;0.0;0.0;0.0;0.0;178.21;0.0;0.0;249.27;0.0;0.0;0.0;0.0;0.0;0.0;0.0;0.0;0.0;0.0;0.0;0.0;0.0;0.0;0.0;0.0;1;0.1553206654279704;1;0.1746511781652096;0
177253;2016;9;627.91;125.58;0.0;0.0;0.0;0.0;0.0;0.0;0.0;0.0;146.82;0.0;0.0;225.53;0.0;0.0;0.0;0.0;0.0;0.0;0.0;0.0;0.0;0.0;0.0;0.0;0.0;0.0;0.0;0.0;1;0.16191895715619536;1;0.1945653996886908;0
602518;2016;9;627.91;94.19;2224.56;0.0;0.0;0.0;0.0;1041.62;0.0;0.0;178.21;0.0;0.0;0.0;0.0;0.0;0.0;0.0;0.0;0.0;0.0;0.0;0.0;0.0;0.0;0.0;0.0;0.0;0.0;0.0;1;0.05587052092169098;1;0.09802890694021149;0
177253;2016;10;627.91;125.58;0.0;0.0;0.0;0.0;0.0;0.0;0.0;0.0;146.82;0.0;0.0;237.4;0.0;0.0;0.0;0.0;0.0;0.0;0.0;0.0;0.0;0.0;0.0;0.0;0.0;0.0;0.0;0.0;1;0.1629997513462888;1;0.18906272946616254;0
602518;2016;10;627.91;94.19;2224.56;0.0;0.0;0.0;0.0;0.0;0.0;0.0;178.21;0.0;0.0;237.4;0.0;0.0;0.0;0.0;0.0;0.0;0.0;0.0;0.0;0.0;0.0;0.0;0.0;0.0;0.0;0.0;1;0.1541885262919918;1;0.1805540762872062;0
177253;2016;11;627.91;125.58;0.0;0.0;0.0;0.0;0.0;0.0;0.0;0.0;146.82;0.0;0.0;261.14;0.0;0.0;0.0;0.0;0.0;0.0;0.0;0.0;0.0;0.0;0.0;0.0;0.0;0.0;0.0;0.0;1;0.16149438759869683;1;0.1762307544158197;0
602518;2016;11;627.91;94.19;2224.56;0.0;0.0;0.0;0.0;0.0;0.0;0.0;178.21;0.0;0.0;261.14;0.0;0.0;0.0;0.0;0.0;0.0;0.0;0.0;0.0;0.0;0.0;0.0;0.0;0.0;0.0;0.0;1;0.1558111494431429;1;0.16814815016707518;0
177253;2016;12;627.91;125.58;0.0;0.0;0.0;0.0;0.0;0.0;0.0;0.0;146.82;0.0;0.0;261.14;0.0;0.0;0.0;0.0;0.0;0.0;0.0;0.0;0.0;0.0;0.0;0.0;0.0;0.0;0.0;0.0;1;0.16149438759869683;1;0.1762307544158197;0
602518;2016;12;627.91;94.19;2224.56;0.0;0.0;0.0;0.0;0.0;0.0;0.0;178.21;0.0;0.0;261.14;0.0;0.0;0.0;0.0;0.0;0.0;0.0;0.0;0.0;0.0;0.0;0.0;0.0;0.0;0.0;0.0;1;0.1558111494431429;1;0.16814815016707518;0
177253;2017;1;627.91;125.58;0.0;0.0;0.0;0.0;0.0;0.0;0.0;0.0;183.51;215.28;0.0;213.66;0.0;0.0;0.0;0.0;0.0;0.0;0.0;0.0;0.0;0.0;215.28;0.0;0.0;0.0;0.0;0.0;1;0.023125966691795896;1;0.0004749315017745781;0
602518;2017;1;627.91;94.19;2224.56;0.0;0.0;0.0;0.0;0.0;0.0;0.0;214.9;0.0;0.0;213.66;0.0;0.0;0.0;0.0;0.0;0.0;0.0;0.0;0.0;0.0;0.0;0.0;0.0;0.0;0.0;0.0;1;0.14450324483025395;1;0.19178877952631157;0
177253;2017;2;627.91;125.58;0.0;0.0;0.0;0.0;0.0;0.0;0.0;0.0;183.51;0.0;0.0;261.14;0.0;0.0;0.0;0.0;0.0;0.0;0.0;0.0;0.0;0.0;215.28;0.0;0.0;0.0;0.0;0.0;1;0.11704736125846227;1;0.0950135241708896;0
602518;2017;2;627.91;94.19;2224.56;0.0;0.0;0.0;0.0;0.0;0.0;0.0;214.9;0.0;0.0;261.14;0.0;0.0;0.0;0.0;0.0;0.0;0.0;0.0;0.0;0.0;0.0;0.0;0.0;0.0;0.0;0.0;1;0.14928756117173891;1;0.16910890259883227;0
177253;2017;3;627.91;125.58;0.0;0.0;0.0;0.0;0.0;0.0;0.0;0.0;183.51;0.0;0.0;213.66;0.0;0.0;0.0;0.0;0.0;0.0;0.0;0.0;0.0;0.0;215.28;0.0;0.0;0.0;0.0;0.0;1;0.11688928497957296;1;0.11520103884018595;0
602518;2017;3;627.91;94.19;2224.56;0.0;0.0;0.0;0.0;0.0;0.0;0.0;214.9;0.0;0.0;213.66;0.0;0.0;0.0;0.0;0.0;0.0;0.0;0.0;0.0;0.0;0.0;0.0;0.0;0.0;0.0;0.0;1;0.14450324483025395;1;0.19178877952631157;0
177253;2017;4;640.47;128.09;0.0;0.0;0.0;0.0;0.0;0.0;0.0;0.0;188.38;59.82;0.0;266.42;0.0;0.0;0.0;0.0;0.0;0.0;0.0;0.0;18.99;12.36;219.59;30.14;0.0;15.07;0.0;0.0;-1;-0.13020363542263158;-1;-7.182969549346385e-05;2
602518;2017;4;640.47;96.07;2269.05;0.0;0.0;0.0;0.0;0.0;0.0;0.0;220.4;59.82;0.0;266.42;0.0;0.0;0.0;0.0;0.0;0.0;0.0;0.0;18.99;10.17;0.0;28.88;133.47;14.44;0.0;0.0;-1;-0.18493614685776427;1;4.2869591644456584e-05;1
177253;2017;5;640.47;128.09;0.0;0.0;0.0;0.0;0.0;0.0;0.0;0.0;188.38;0.0;0.0;254.31;0.0;0.0;0.0;0.0;0.0;0.0;0.0;0.0;0.0;11.77;219.59;0.0;0.0;0.0;0.0;0.0;1;0.11129487354523215;1;0.14477866907904025;0
602518;2017;5;640.47;96.07;2269.05;0.0;0.0;0.0;0.0;0.0;0.0;0.0;220.4;0.0;0.0;254.31;0.0;0.0;0.0;0.0;0.0;0.0;0.0;0.0;0.0;9.57;0.0;0.0;0.0;0.0;0.0;0.0;1;0.13926826902965267;1;0.21726550896221508;0
177253;2017;6;640.47;128.09;0.0;0.0;0.0;0.0;0.0;0.0;0.0;0.0;188.38;0.0;0.0;254.31;0.0;0.0;0.0;0.0;0.0;0.0;0.0;0.0;0.0;11.77;219.59;0.0;0.0;0.0;0.0;0.0;1;0.11129487354523215;1;0.14477866907904025;0
602518;2017;6;640.47;96.07;2269.05;0.0;0.0;0.0;0.0;0.0;0.0;0.0;220.4;0.0;0.0;254.31;0.0;0.0;0.0;0.0;0.0;0.0;0.0;0.0;0.0;9.57;0.0;0.0;0.0;0.0;0.0;0.0;1;0.13926826902965267;1;0.21726550896221508;0
177253;2017;7;640.47;128.09;0.0;0.0;0.0;0.0;0.0;0.0;0.0;0.0;188.38;0.0;0.0;266.42;0.0;0.0;0.0;0.0;0.0;0.0;0.0;0.0;0.0;11.77;219.59;0.0;0.0;0.0;0.0;0.0;1;0.10630870107706758;1;0.13955553310281155;0
602518;2017;7;640.47;96.07;2269.05;0.0;0.0;0.0;0.0;0.0;0.0;0.0;220.4;0.0;0.0;266.42;0.0;0.0;0.0;0.0;0.0;0.0;0.0;0.0;0.0;9.57;0.0;0.0;0.0;0.0;0.0;0.0;1;0.13576373525218954;1;0.2109059842466008;0
177253;2017;8;640.47;128.09;0.0;0.0;0.0;0.0;0.0;0.0;0.0;0.0;188.38;0.0;0.0;242.2;0.0;0.0;0.0;0.0;0.0;0.0;0.0;0.0;0.0;11.77;219.59;0.0;0.0;0.0;0.0;0.0;1;0.11110430134829963;1;0.14939285701058858;0
602518;2017;8;640.47;96.07;2269.05;0.0;0.0;0.0;0.0;1075.33;0.0;0.0;220.4;0.0;0.0;0.0;0.0;0.0;0.0;0.0;0.0;0.0;0.0;0.0;0.0;9.57;0.0;0.0;0.0;0.0;0.0;0.0;1;0.03590643396019577;1;0.1126158232676131;0
177253;2017;9;640.47;128.09;0.0;0.0;0.0;0.0;0.0;392.18;0.0;0.0;188.38;0.0;0.0;0.0;0.0;0.0;0.0;0.0;0.0;0.0;0.0;0.0;0.0;11.77;219.59;0.0;0.0;0.0;0.0;0.0;1;0.05466066530598784;1;0.12565156489431595;0
602518;2017;9;640.47;96.07;2269.05;0.0;0.0;0.0;0.0;0.0;0.0;0.0;220.4;0.0;0.0;254.31;0.0;0.0;0.0;0.0;0.0;0.0;0.0;0.0;0.0;9.57;0.0;0.0;0.0;0.0;0.0;0.0;1;0.13926826902965267;1;0.21726550896221508;0
177253;2017;10;640.47;128.09;0.0;0.0;0.0;0.0;0.0;392.18;0.0;0.0;188.38;0.0;0.0;0.0;0.0;0.0;0.0;0.0;0.0;0.0;0.0;0.0;0.0;11.77;219.59;0.0;0.0;0.0;0.0;0.0;1;0.05466066530598784;1;0.12565156489431595;0
602518;2017;10;640.47;96.07;2269.05;0.0;0.0;0.0;0.0;0.0;0.0;0.0;220.4;0.0;0.0;242.2;0.0;0.0;0.0;0.0;0.0;0.0;0.0;0.0;0.0;9.57;0.0;0.0;0.0;0.0;0.0;0.0;1;0.1375552343373601;1;0.2229701510268538;0
177253;2017;11;640.47;128.09;0.0;0.0;0.0;0.0;0.0;0.0;0.0;0.0;188.38;0.0;0.0;0.0;0.0;0.0;0.0;0.0;0.0;0.0;0.0;0.0;0.0;11.77;219.59;0.0;0.0;0.0;0.0;0.0;1;0.0887207705828757;1;0.1089412510486677;0
602518;2017;11;640.47;96.07;2269.05;0.0;0.0;0.0;0.0;0.0;0.0;0.0;220.4;0.0;0.0;242.2;0.0;0.0;0.0;0.0;0.0;0.0;0.0;0.0;0.0;9.57;0.0;0.0;0.0;0.0;0.0;0.0;1;0.1375552343373601;1;0.2229701510268538;0
177253;2017;12;640.47;128.09;0.0;0.0;0.0;0.0;0.0;0.0;0.0;0.0;188.38;0.0;0.0;0.0;0.0;0.0;0.0;0.0;0.0;0.0;0.0;0.0;0.0;11.77;219.59;0.0;0.0;0.0;0.0;0.0;1;0.0887207705828757;1;0.1089412510486677;0
602518;2017;12;640.47;96.07;2269.05;0.0;0.0;0.0;0.0;0.0;0.0;0.0;220.4;0.0;0.0;266.42;0.0;0.0;0.0;0.0;0.0;0.0;0.0;0.0;0.0;9.57;0.0;0.0;0.0;0.0;0.0;0.0;1;0.13576373525218954;1;0.2109059842466008;0
177253;2018;1;640.47;128.09;0.0;0.0;0.0;0.0;0.0;0.0;0.0;0.0;188.38;0.0;0.0;0.0;0.0;0.0;0.0;0.0;0.0;0.0;0.0;0.0;0.0;23.53;219.59;0.0;0.0;0.0;11.77;0.0;-1;-0.027173385684761575;1;0.00017224094294743253;1
602518;2018;1;640.47;96.07;2269.05;0.0;0.0;0.0;0.0;0.0;0.0;0.0;220.4;0.0;0.0;205.87;0.0;0.0;0.0;0.0;0.0;0.0;0.0;0.0;0.0;19.14;0.0;0.0;0.0;0.0;9.57;0.0;1;0.0305571892421298;-1;-7.323329734632011e-05;1
177253;2018;2;640.47;128.09;0.0;0.0;0.0;0.0;0.0;0.0;0.0;0.0;188.38;0.0;0.0;242.2;0.0;0.0;0.0;0.0;0.0;0.0;0.0;0.0;0.0;23.53;219.59;0.0;0.0;0.0;0.0;0.0;1;0.07815501279312931;1;0.050912511928817406;0
602518;2018;2;640.47;96.07;2269.05;0.0;0.0;0.0;0.0;0.0;0.0;0.0;220.4;0.0;0.0;242.2;0.0;0.0;0.0;0.0;0.0;0.0;0.0;0.0;0.0;19.14;0.0;0.0;0.0;0.0;0.0;0.0;1;0.1116218383277417;1;0.16406027203560858;0
177253;2018;3;659.68;131.94;0.0;0.0;0.0;0.0;0.0;0.0;0.0;0.0;194.03;0.0;0.0;315.0;0.0;0.0;0.0;520.73;0.0;0.0;0.0;0.0;0.0;24.24;226.18;0.0;0.0;0.0;0.0;0.0;-1;-0.0347898894760823;1;0.00024295117511796693;1
602518;2018;3;659.68;98.95;2337.12;0.0;0.0;0.0;0.0;0.0;0.0;0.0;227.02;0.0;0.0;315.0;0.0;0.0;0.0;0.0;0.0;0.0;0.0;0.0;0.0;19.71;0.0;0.0;0.0;0.0;0.0;0.0;1;0.12320379587792396;1;0.11410596794495187;0
177253;2018;4;659.68;131.94;0.0;0.0;0.0;0.0;0.0;0.0;0.0;0.0;194.03;0.0;0.0;315.0;0.0;0.0;0.0;0.0;0.0;0.0;0.0;0.0;0.0;24.24;226.18;0.0;0.0;0.0;0.0;0.0;1;0.07364584797068163;1;0.0070223147718361245;0
602518;2018;4;659.68;98.95;2337.12;0.0;0.0;0.0;0.0;0.0;0.0;0.0;227.02;0.0;0.0;315.0;0.0;0.0;0.0;0.0;0.0;0.0;0.0;0.0;0.0;19.71;0.0;0.0;0.0;0.0;0.0;0.0;1;0.12320379587792396;1;0.11410596794495187;0
177253;2018;5;659.68;131.94;0.0;0.0;0.0;0.0;0.0;0.0;0.0;0.0;194.03;0.0;0.0;315.0;0.0;0.0;0.0;0.0;0.0;0.0;0.0;0.0;0.0;24.24;226.18;0.0;0.0;0.0;0.0;0.0;1;0.07364584797068163;1;0.0070223147718361245;0
602518;2018;5;659.68;98.95;2337.12;0.0;0.0;0.0;0.0;0.0;0.0;0.0;227.02;0.0;0.0;315.0;0.0;0.0;0.0;0.0;0.0;0.0;0.0;0.0;0.0;19.71;0.0;0.0;0.0;0.0;0.0;0.0;1;0.12320379587792396;1;0.11410596794495187;0
177253;2018;6;659.68;131.94;0.0;0.0;0.0;0.0;0.0;0.0;0.0;0.0;194.03;0.0;0.0;330.0;0.0;0.0;0.0;0.0;0.0;0.0;0.0;0.0;0.0;24.24;226.18;0.0;0.0;0.0;0.0;0.0;1;0.06320214365516796;-1;-0.0002560695097421073;1
602518;2018;6;659.68;98.95;2337.12;0.0;0.0;0.0;0.0;0.0;0.0;0.0;227.02;0.0;0.0;330.0;0.0;0.0;0.0;0.0;0.0;0.0;0.0;0.0;0.0;19.71;0.0;0.0;0.0;0.0;0.0;0.0;1;0.11555928316617636;1;0.10440924245559902;0
177253;2018;7;659.68;131.94;0.0;0.0;0.0;0.0;0.0;0.0;0.0;0.0;194.03;0.0;0.0;330.0;0.0;0.0;0.0;0.0;0.0;157.54;1425.49;0.0;0.0;0.0;226.18;0.0;0.0;0.0;0.0;0.0;-1;-0.013721878180689373;1;0.0001057333212145517;1
602518;2018;7;659.68;98.95;2337.12;0.0;0.0;0.0;0.0;0.0;0.0;0.0;227.02;0.0;0.0;330.0;0.0;0.0;0.0;0.0;0.0;0.0;0.0;0.0;0.0;19.71;0.0;0.0;0.0;0.0;0.0;0.0;1;0.11555928316617636;1;0.10440924245559902;0
177253;2018;8;659.68;131.94;0.0;0.0;0.0;0.0;0.0;0.0;0.0;0.0;194.03;0.0;0.0;285.0;0.0;0.0;0.0;0.0;0.0;157.54;0.0;0.0;0.0;0.0;226.18;0.0;0.0;0.0;0.0;0.0;1;0.10314681422990346;1;0.04058923085777577;0
602518;2018;8;659.68;98.95;2337.12;0.0;0.0;0.0;0.0;0.0;0.0;0.0;227.02;0.0;0.0;285.0;0.0;0.0;0.0;0.0;0.0;0.0;0.0;0.0;0.0;19.71;0.0;0.0;0.0;0.0;0.0;0.0;1;0.12598627330137158;1;0.1309056806904778;0
177253;2018;9;659.68;131.94;0.0;0.0;0.0;0.0;0.0;0.0;0.0;0.0;194.03;0.0;0.0;330.0;0.0;0.0;0.0;0.0;0.0;157.54;0.0;0.0;0.0;0.0;226.18;0.0;0.0;0.0;0.0;0.0;1;0.10262459136370322;1;0.010786731938923655;0
602518;2018;9;659.68;98.95;2337.12;0.0;0.0;0.0;0.0;0.0;0.0;0.0;227.02;0.0;0.0;330.0;0.0;0.0;0.0;0.0;0.0;0.0;0.0;0.0;0.0;19.71;0.0;0.0;0.0;0.0;0.0;0.0;1;0.11555928316617636;1;0.10440924245559902;0
177253;2018;10;659.68;131.94;0.0;0.0;0.0;0.0;0.0;403.94;0.0;0.0;194.03;0.0;0.0;0.0;0.0;0.0;0.0;0.0;0.0;157.54;0.0;0.0;0.0;0.0;226.18;0.0;0.0;0.0;0.0;0.0;1;0.02007472389262932;1;0.06006203631068996;0
602518;2018;10;659.68;98.95;2337.12;0.0;0.0;0.0;0.0;0.0;0.0;0.0;227.02;0.0;0.0;300.0;0.0;0.0;0.0;0.0;0.0;0.0;0.0;0.0;0.0;19.71;0.0;0.0;0.0;0.0;0.0;0.0;1;0.1267564493532895;1;0.12294690635535876;0
177253;2018;11;659.68;131.94;0.0;0.0;0.0;0.0;0.0;0.0;0.0;0.0;194.03;0.0;0.0;300.0;0.0;0.0;0.0;0.0;0.0;157.54;0.0;0.0;0.0;0.0;226.18;0.0;0.0;0.0;0.0;0.0;1;0.10612181811001703;1;0.031393881372203225;0
602518;2018;11;659.68;98.95;2337.12;0.0;0.0;0.0;0.0;0.0;0.0;0.0;227.02;0.0;0.0;300.0;0.0;0.0;0.0;0.0;0.0;0.0;0.0;0.0;0.0;19.71;0.0;0.0;0.0;0.0;0.0;0.0;1;0.1267564493532895;1;0.12294690635535876;0
177253;2018;12;659.68;131.94;0.0;0.0;0.0;0.0;0.0;0.0;0.0;0.0;194.03;0.0;0.0;330.0;0.0;0.0;0.0;0.0;0.0;157.54;0.0;0.0;0.0;0.0;226.18;0.0;0.0;0.0;0.0;0.0;1;0.10262459136370322;1;0.010786731938923655;0
602518;2018;12;659.68;98.95;2337.12;0.0;0.0;0.0;0.0;1107.59;0.0;0.0;227.02;0.0;0.0;0.0;0.0;0.0;0.0;0.0;0.0;0.0;0.0;0.0;0.0;19.71;0.0;0.0;0.0;0.0;0.0;0.0;1;0.011116911413890096;1;0.03643055448998056;0
177253;2019;1;659.68;131.94;0.0;0.0;0.0;0.0;0.0;0.0;0.0;0.0;206.38;0.0;0.0;300.0;0.0;0.0;0.0;0.0;0.0;171.39;0.0;0.0;0.0;0.0;226.18;0.0;0.0;0.0;0.0;0.0;1;0.10144852724261333;1;0.0257800593374109;0
602518;2019;1;659.68;98.95;0.0;0.0;0.0;0.0;0.0;0.0;0.0;0.0;239.37;0.0;0.0;300.0;0.0;0.0;0.0;0.0;0.0;0.0;0.0;0.0;0.0;19.96;0.0;0.0;0.0;0.0;0.0;0.0;1;0.1103053890030849;1;0.14388950913313792;0
177253;2019;2;659.68;131.94;0.0;0.0;0.0;0.0;0.0;0.0;138.53;0.0;67.85;0.0;0.0;240.0;0.0;0.0;0.0;0.0;0.0;157.53;0.0;0.0;0.0;0.0;265.76;0.0;0.0;0.0;0.0;0.0;-1;-0.057880324629607016;1;8.619449560942627e-05;1
602518;2019;2;659.68;98.95;0.0;0.0;0.0;0.0;0.0;0.0;0.0;0.0;239.37;0.0;0.0;240.0;0.0;0.0;0.0;0.0;0.0;0.0;0.0;0.0;0.0;29.94;0.0;0.0;0.0;0.0;9.98;0.0;1;0.006069807904984237;1;5.660546738361916e-05;0
177253;2019;3;659.68;131.94;0.0;0.0;0.0;0.0;0.0;0.0;0.0;0.0;206.38;0.0;0.0;315.0;0.0;0.0;0.0;0.0;0.0;171.39;0.0;0.0;0.0;0.0;226.18;0.0;0.0;0.0;0.0;0.0;1;0.09959147620811526;1;0.01586632650169373;0
602518;2019;3;659.68;98.95;1635.93;0.0;0.0;0.0;0.0;0.0;0.0;0.0;239.37;0.0;642.69;315.0;0.0;0.0;0.0;0.0;0.0;0.0;0.0;0.0;0.0;29.94;0.0;0.0;0.0;0.0;0.0;0.0;1;0.005600350682206379;1;2.543188853387779e-05;0
177253;2019;4;659.68;131.94;920.18;0.0;0.0;0.0;0.0;0.0;0.0;0.0;206.38;0.0;0.0;330.0;0.0;0.0;0.0;0.0;0.0;171.39;0.0;0.0;0.0;0.0;226.18;0.0;0.0;0.0;0.0;0.0;1;0.10795711195868496;1;0.040141287603798204;0
602518;2019;4;659.68;98.95;1635.93;0.0;0.0;0.0;0.0;0.0;0.0;0.0;239.37;0.0;0.0;330.0;0.0;0.0;0.0;0.0;0.0;0.0;0.0;0.0;0.0;29.94;0.0;0.0;0.0;0.0;0.0;0.0;1;0.10546372749941352;1;0.007984114727227598;0
177253;2019;5;659.68;131.94;920.18;0.0;0.0;0.0;0.0;0.0;0.0;0.0;206.38;0.0;0.0;285.0;0.0;0.0;0.0;0.0;0.0;171.39;0.0;0.0;0.0;0.0;226.18;0.0;0.0;0.0;0.0;0.0;1;0.1046858180022684;1;0.07116942758936506;0
602518;2019;5;659.68;98.95;1635.93;0.0;0.0;0.0;0.0;0.0;0.0;0.0;239.37;0.0;0.0;285.0;0.0;0.0;0.0;0.0;0.0;0.0;0.0;0.0;0.0;29.94;0.0;0.0;0.0;0.0;0.0;0.0;1;0.10881590585494721;1;0.02805798740490162;0
177253;2019;6;659.68;131.94;920.18;0.0;0.0;0.0;0.0;0.0;0.0;0.0;206.38;0.0;0.0;345.0;0.0;0.0;0.0;0.0;0.0;171.39;0.0;0.0;0.0;0.0;226.18;0.0;0.0;0.0;0.0;0.0;1;0.08939675544319531;1;0.028330244525174075;0
602518;2019;6;659.68;98.95;1635.93;0.0;0.0;0.0;0.0;0.0;0.0;0.0;239.37;0.0;0.0;345.0;0.0;0.0;0.0;0.0;0.0;0.0;0.0;0.0;0.0;29.94;0.0;0.0;0.0;0.0;0.0;0.0;1;0.08884857392555195;-1;-0.00026210119318959;1
177253;2019;7;659.68;131.94;920.18;0.0;0.0;0.0;0.0;0.0;0.0;0.0;206.38;0.0;0.0;315.0;0.0;0.0;0.0;0.0;0.0;171.39;0.0;0.0;0.0;0.0;226.18;0.0;0.0;0.0;0.0;0.0;1;0.11298319252530525;1;0.0512396782706539;0
602518;2019;7;659.68;98.95;1635.93;0.0;0.0;0.0;0.0;0.0;0.0;0.0;239.37;0.0;0.0;315.0;0.0;0.0;0.0;0.0;0.0;0.0;0.0;0.0;0.0;29.94;0.0;0.0;0.0;0.0;0.0;0.0;1;0.11278046611122572;1;0.015467226851902494;0
177253;2019;8;659.68;131.94;920.18;0.0;0.0;0.0;0.0;0.0;0.0;0.0;206.38;0.0;0.0;315.0;0.0;0.0;0.0;0.0;0.0;171.39;0.0;0.0;0.0;0.0;226.18;0.0;0.0;0.0;0.0;0.0;1;0.11298319252530525;1;0.0512396782706539;0
602518;2019;8;659.68;98.95;1635.93;0.0;0.0;0.0;0.0;0.0;0.0;0.0;239.37;0.0;0.0;315.0;0.0;0.0;0.0;0.0;0.0;0.0;0.0;0.0;0.0;29.94;0.0;0.0;0.0;0.0;0.0;0.0;1;0.11278046611122572;1;0.015467226851902494;0
177253;2019;9;659.68;131.94;920.18;0.0;0.0;0.0;0.0;0.0;0.0;0.0;206.38;0.0;0.0;330.0;0.0;0.0;0.0;0.0;0.0;171.39;0.0;0.0;0.0;0.0;226.18;0.0;0.0;0.0;0.0;0.0;1;0.10795711195868496;1;0.040141287603798204;0
602518;2019;9;659.68;98.95;1635.93;0.0;0.0;0.0;0.0;0.0;0.0;0.0;239.37;0.0;0.0;330.0;0.0;0.0;0.0;0.0;0.0;0.0;0.0;0.0;0.0;29.94;0.0;0.0;0.0;0.0;0.0;0.0;1;0.10546372749941352;1;0.007984114727227598;0
177253;2019;10;659.68;131.94;920.18;0.0;0.0;0.0;0.0;0.0;0.0;0.0;206.38;0.0;0.0;300.0;0.0;0.0;0.0;0.0;0.0;171.39;0.0;0.0;0.0;0.0;226.18;0.0;0.0;0.0;0.0;0.0;1;0.1113716300016172;1;0.06159267370433741;0
602518;2019;10;659.68;98.95;1635.93;0.0;0.0;0.0;0.0;0.0;0.0;0.0;239.37;0.0;0.0;300.0;0.0;0.0;0.0;0.0;0.0;0.0;0.0;0.0;0.0;29.94;0.0;0.0;0.0;0.0;0.0;0.0;1;0.11175374676747835;1;0.02216512797283743;0
177253;2019;11;659.68;131.94;920.18;0.0;0.0;0.0;0.0;0.0;0.0;0.0;206.38;0.0;0.0;315.0;0.0;0.0;0.0;0.0;0.0;171.39;0.0;0.0;0.0;0.0;226.18;0.0;0.0;0.0;0.0;0.0;1;0.11298319252530525;1;0.0512396782706539;0
602518;2019;11;659.68;98.95;1635.93;0.0;0.0;0.0;0.0;0.0;0.0;0.0;239.37;0.0;0.0;315.0;0.0;0.0;0.0;0.0;0.0;0.0;0.0;0.0;0.0;29.94;0.0;0.0;0.0;0.0;0.0;0.0;1;0.11278046611122572;1;0.015467226851902494;0
177253;2019;12;659.68;131.94;920.18;0.0;0.0;0.0;0.0;714.79;0.0;0.0;206.38;0.0;0.0;0.0;0.0;0.0;0.0;0.0;0.0;171.39;0.0;0.0;0.0;0.0;226.18;0.0;0.0;0.0;0.0;0.0;-1;-0.013235359729449336;1;0.0002897456059296477;1
602518;2019;12;659.68;98.95;1635.93;0.0;0.0;0.0;0.0;877.98;0.0;0.0;239.37;0.0;0.0;0.0;0.0;0.0;0.0;0.0;0.0;0.0;0.0;0.0;0.0;29.94;0.0;0.0;0.0;0.0;0.0;0.0;1;0.006576311536658053;1;0.00011247806580738651;0
177253;2020;1;659.68;131.94;920.18;0.0;0.0;0.0;0.0;0.0;0.0;0.0;247.38;0.0;0.0;255.0;0.0;0.0;0.0;0.0;0.0;177.13;0.0;0.0;0.0;0.0;226.18;0.0;0.0;0.0;0.0;0.0;1;0.08712335229166424;1;0.07975240391645211;0
602518;2020;1;659.68;98.95;1635.93;0.0;0.0;0.0;0.0;0.0;0.0;0.0;280.37;0.0;0.0;255.0;0.0;0.0;0.0;0.0;0.0;0.0;0.0;0.0;0.0;0.0;0.0;0.0;0.0;0.0;0.0;0.0;1;0.1463116636256233;1;0.19893234673787252;0
177253;2020;2;659.68;131.94;920.18;0.0;0.0;0.0;0.0;0.0;0.0;0.0;253.38;0.0;0.0;300.0;0.0;0.0;0.0;0.0;0.0;177.97;0.0;0.0;0.0;0.0;226.18;0.0;0.0;0.0;0.0;0.0;1;0.11566551527421354;1;0.05126928631651495;0
602518;2020;2;659.68;98.95;1635.93;0.0;0.0;0.0;0.0;0.0;0.0;0.0;286.37;0.0;0.0;300.0;0.0;0.0;0.0;0.0;0.0;0.0;0.0;0.0;0.0;0.0;0.0;0.0;0.0;0.0;0.0;0.0;1;0.1510217760172899;1;0.16441795365629608;0
177253;2020;3;659.68;131.94;920.18;0.0;0.0;0.0;0.0;0.0;0.0;0.0;253.38;0.0;0.0;300.0;0.0;0.0;0.0;0.0;0.0;177.97;0.0;0.0;0.0;0.0;226.18;0.0;0.0;0.0;0.0;0.0;1;0.11566551527421354;1;0.05126928631651495;0
602518;2020;3;659.68;98.95;1635.93;0.0;0.0;0.0;0.0;0.0;0.0;0.0;286.37;0.0;0.0;300.0;0.0;0.0;0.0;0.0;0.0;0.0;0.0;0.0;0.0;0.0;0.0;0.0;0.0;0.0;0.0;0.0;1;0.1510217760172899;1;0.16441795365629608;0
177253;2020;4;659.68;131.94;920.18;0.0;0.0;0.0;0.0;0.0;0.0;0.0;253.38;0.0;0.0;300.0;0.0;0.0;0.0;0.0;0.0;177.97;0.0;0.0;0.0;0.0;226.18;0.0;0.0;0.0;0.0;0.0;1;0.11566551527421354;1;0.05126928631651495;0
602518;2020;4;659.68;98.95;1635.93;0.0;0.0;0.0;0.0;0.0;0.0;0.0;286.37;0.0;0.0;300.0;0.0;0.0;0.0;0.0;0.0;0.0;0.0;0.0;0.0;0.0;0.0;0.0;0.0;0.0;0.0;0.0;1;0.1510217760172899;1;0.16441795365629608;0
177253;2020;5;659.68;131.94;920.18;0.0;0.0;0.0;0.0;0.0;0.0;0.0;253.38;0.0;0.0;315.0;0.0;0.0;0.0;0.0;0.0;177.97;0.0;0.0;0.0;0.0;226.18;0.0;0.0;0.0;0.0;0.0;1;0.11323670359651383;1;0.04093920978392285;0
602518;2020;5;659.68;98.95;1635.93;0.0;0.0;0.0;0.0;0.0;0.0;0.0;286.37;0.0;0.0;315.0;0.0;0.0;0.0;0.0;0.0;0.0;0.0;0.0;0.0;0.0;0.0;0.0;0.0;0.0;0.0;0.0;1;0.14637359775721048;1;0.15247799741980628;0
177253;2020;6;659.68;131.94;920.18;0.0;0.0;0.0;0.0;0.0;0.0;0.0;253.38;0.0;0.0;345.0;0.0;0.0;0.0;0.0;0.0;177.97;0.0;0.0;0.0;0.0;226.18;0.0;0.0;0.0;0.0;0.0;1;0.08775297698709372;1;0.01811274855313616;0
602518;2020;6;659.68;98.95;1635.93;0.0;0.0;0.0;0.0;0.0;0.0;0.0;286.37;0.0;0.0;345.0;0.0;0.0;0.0;0.0;0.0;0.0;0.0;0.0;0.0;0.0;0.0;0.0;0.0;0.0;0.0;0.0;1;0.128351987300509;1;0.12613493353567018;0
177253;2020;7;659.68;131.94;920.18;0.0;0.0;0.0;0.0;0.0;0.0;0.0;253.38;0.0;0.0;315.0;0.0;0.0;0.0;0.0;0.0;177.97;0.0;0.0;0.0;0.0;226.18;0.0;0.0;0.0;0.0;0.0;1;0.11323670359651383;1;0.04093920978392285;0
602518;2020;7;659.68;98.95;1635.93;0.0;0.0;0.0;0.0;0.0;0.0;0.0;286.37;0.0;0.0;315.0;0.0;0.0;0.0;0.0;0.0;0.0;0.0;0.0;0.0;0.0;0.0;0.0;0.0;0.0;0.0;0.0;1;0.14637359775721048;1;0.15247799741980628;0
177253;2020;8;659.68;131.94;920.18;0.0;0.0;0.0;0.0;0.0;0.0;0.0;253.38;0.0;0.0;315.0;0.0;0.0;0.0;0.0;0.0;177.97;0.0;0.0;0.0;0.0;226.18;0.0;0.0;0.0;0.0;0.0;1;0.11323670359651383;1;0.04093920978392285;0
602518;2020;8;659.68;98.95;1635.93;0.0;0.0;0.0;0.0;0.0;0.0;0.0;286.37;0.0;0.0;0.0;0.0;0.0;0.0;0.0;0.0;0.0;0.0;0.0;0.0;0.0;0.0;0.0;0.0;0.0;0.0;893.64;1;0.04064177795439633;1;0.030852916009828757;0
177253;2020;9;659.68;131.94;920.18;0.0;0.0;0.0;0.0;0.0;0.0;0.0;253.38;0.0;0.0;300.0;0.0;0.0;0.0;0.0;0.0;177.97;0.0;0.0;0.0;0.0;226.18;0.0;0.0;0.0;0.0;0.0;1;0.11566551527421354;1;0.05126928631651495;0
602518;2020;9;659.68;98.95;1635.93;0.0;0.0;0.0;0.0;0.0;0.0;0.0;286.37;0.0;0.0;300.0;0.0;0.0;0.0;0.0;0.0;0.0;0.0;0.0;0.0;0.0;0.0;0.0;0.0;0.0;0.0;0.0;1;0.1510217760172899;1;0.16441795365629608;0
177253;2020;10;659.68;131.94;920.18;0.0;0.0;0.0;0.0;0.0;0.0;0.0;253.38;0.0;0.0;300.0;0.0;0.0;0.0;0.0;0.0;177.97;0.0;0.0;0.0;0.0;226.18;0.0;0.0;0.0;0.0;0.0;1;0.11566551527421354;1;0.05126928631651495;0
602518;2020;10;659.68;98.95;1635.93;0.0;0.0;0.0;0.0;0.0;0.0;0.0;286.37;0.0;0.0;300.0;0.0;0.0;0.0;0.0;0.0;0.0;0.0;0.0;0.0;0.0;0.0;0.0;0.0;0.0;0.0;0.0;1;0.1510217760172899;1;0.16441795365629608;0
177253;2020;11;659.68;131.94;920.18;0.0;0.0;0.0;0.0;0.0;0.0;0.0;253.38;0.0;0.0;330.0;0.0;0.0;0.0;0.0;0.0;177.97;0.0;0.0;0.0;0.0;226.18;0.0;0.0;0.0;0.0;0.0;1;0.10700711873924706;1;0.02987616265688242;0
602518;2020;11;659.68;98.95;1635.93;0.0;0.0;0.0;0.0;0.0;0.0;0.0;286.37;0.0;0.0;330.0;0.0;0.0;0.0;0.0;0.0;0.0;0.0;0.0;0.0;0.0;0.0;0.0;0.0;0.0;0.0;0.0;1;0.1413496278833582;1;0.1397043593801821;0
177253;2020;12;659.68;131.94;920.18;0.0;0.0;0.0;0.0;0.0;0.0;0.0;253.38;0.0;0.0;0.0;0.0;0.0;0.0;0.0;0.0;177.97;0.0;0.0;0.0;0.0;226.18;0.0;0.0;0.0;0.0;730.45;-1;-0.016505914269091204;1;0.020927460263971742;1
602518;2020;12;659.68;98.95;1635.93;0.0;0.0;0.0;0.0;0.0;0.0;0.0;286.37;0.0;0.0;300.0;0.0;0.0;0.0;0.0;0.0;0.0;0.0;0.0;0.0;0.0;0.0;0.0;0.0;0.0;0.0;0.0;1;0.1510217760172899;1;0.16441795365629608;0
177253;2021;1;659.68;131.94;920.18;0.0;0.0;0.0;0.0;0.0;0.0;0.0;308.38;0.0;0.0;300.0;0.0;0.0;0.0;0.0;0.0;185.67;0.0;0.0;0.0;0.0;226.18;0.0;0.0;0.0;0.0;0.0;1;0.09840001125320236;1;0.020454287093544465;0
602518;2021;1;659.68;98.95;1635.93;0.0;0.0;0.0;0.0;0.0;0.0;0.0;341.37;0.0;0.0;300.0;0.0;0.0;0.0;0.0;0.0;0.0;0.0;0.0;0.0;0.0;0.0;0.0;0.0;0.0;0.0;0.0;1;0.13650816457345877;1;0.1164022249644816;0
177253;2021;2;659.68;131.94;920.18;0.0;0.0;0.0;0.0;0.0;0.0;0.0;308.38;0.0;0.0;315.0;0.0;0.0;0.0;0.0;0.0;185.67;0.0;0.0;0.0;0.0;226.18;0.0;0.0;0.0;0.0;0.0;1;0.10236904330557905;1;0.010383808401534522;0
602518;2021;2;659.68;98.95;1635.93;0.0;0.0;0.0;0.0;0.0;0.0;0.0;341.37;0.0;0.0;315.0;0.0;0.0;0.0;0.0;0.0;0.0;0.0;0.0;0.0;0.0;0.0;0.0;0.0;0.0;0.0;0.0;1;0.13432075029666385;1;0.10493387250863606;0
177253;2021;3;659.68;131.94;920.18;0.0;0.0;0.0;0.0;0.0;0.0;0.0;308.38;0.0;0.0;300.0;0.0;0.0;0.0;0.0;0.0;185.67;0.0;0.0;0.0;0.0;226.18;0.0;0.0;0.0;0.0;0.0;1;0.09840001125320236;1;0.020454287093544465;0
602518;2021;3;659.68;98.95;1635.93;0.0;0.0;0.0;0.0;0.0;0.0;0.0;341.37;0.0;0.0;300.0;0.0;0.0;0.0;0.0;0.0;0.0;0.0;0.0;0.0;0.0;0.0;0.0;0.0;0.0;0.0;0.0;1;0.13650816457345877;1;0.1164022249644816;0
177253;2021;4;659.68;131.94;920.18;0.0;0.0;0.0;0.0;0.0;0.0;0.0;308.38;0.0;0.0;315.0;0.0;0.0;0.0;0.0;0.0;185.67;0.0;0.0;0.0;0.0;226.18;0.0;0.0;0.0;0.0;0.0;1;0.10236904330557905;1;0.010383808401534522;0
602518;2021;4;659.68;98.95;1635.93;0.0;0.0;0.0;0.0;0.0;0.0;0.0;341.37;0.0;0.0;315.0;0.0;0.0;0.0;0.0;0.0;0.0;0.0;0.0;0.0;0.0;0.0;0.0;0.0;0.0;0.0;0.0;1;0.13432075029666385;1;0.10493387250863606;0
177253;2021;5;659.68;131.94;920.18;0.0;0.0;0.0;0.0;0.0;0.0;0.0;308.38;0.0;0.0;315.0;0.0;0.0;0.0;0.0;0.0;185.67;0.0;0.0;0.0;0.0;226.18;0.0;0.0;0.0;0.0;0.0;1;0.10236904330557905;1;0.010383808401534522;0
602518;2021;5;659.68;98.95;1635.93;0.0;0.0;0.0;0.0;0.0;0.0;0.0;341.37;0.0;0.0;315.0;0.0;0.0;0.0;0.0;0.0;0.0;0.0;0.0;0.0;0.0;0.0;0.0;0.0;0.0;0.0;0.0;1;0.13432075029666385;1;0.10493387250863606;0
177253;2021;6;659.68;131.94;920.18;0.0;0.0;0.0;0.0;0.0;0.0;0.0;308.38;0.0;0.0;330.0;0.0;0.0;0.0;0.0;0.0;185.67;0.0;0.0;0.0;0.0;226.18;0.0;0.0;0.0;0.0;0.0;1;0.08842517310013193;-1;-0.00038905480472017917;1
602518;2021;6;659.68;98.95;1635.93;0.0;0.0;0.0;0.0;0.0;0.0;0.0;341.37;0.0;0.0;330.0;0.0;0.0;0.0;0.0;0.0;0.0;0.0;0.0;0.0;0.0;0.0;0.0;0.0;0.0;0.0;0.0;1;0.12605944334461205;1;0.0926778989307192;0
177253;2021;7;659.68;131.94;920.18;0.0;0.0;0.0;0.0;0.0;0.0;0.0;308.38;0.0;0.0;330.0;0.0;0.0;0.0;0.0;0.0;185.67;0.0;0.0;0.0;0.0;226.18;0.0;0.0;0.0;0.0;0.0;1;0.08842517310013193;-1;-0.00038905480472017917;1
602518;2021;7;659.68;98.95;1635.93;0.0;0.0;0.0;0.0;0.0;0.0;0.0;341.37;0.0;0.0;330.0;0.0;0.0;0.0;0.0;0.0;0.0;0.0;0.0;0.0;0.0;0.0;0.0;0.0;0.0;0.0;0.0;1;0.12605944334461205;1;0.0926778989307192;0
177253;2021;8;659.68;131.94;920.18;0.0;0.0;0.0;0.0;0.0;0.0;0.0;308.38;0.0;0.0;315.0;0.0;0.0;0.0;0.0;0.0;185.67;0.0;0.0;0.0;0.0;226.18;0.0;0.0;0.0;0.0;0.0;1;0.10236904330557905;1;0.010383808401534522;0
602518;2021;8;659.68;98.95;1635.93;0.0;0.0;0.0;0.0;0.0;0.0;0.0;341.37;0.0;0.0;0.0;0.0;0.0;0.0;0.0;0.0;0.0;0.0;0.0;0.0;0.0;0.0;0.0;0.0;0.0;0.0;911.98;1;0.025419290198295974;-1;-0.0001607563430910952;1
177253;2021;9;659.68;131.94;920.18;0.0;0.0;0.0;0.0;0.0;0.0;0.0;308.38;0.0;0.0;285.0;0.0;0.0;0.0;0.0;0.0;185.67;0.0;0.0;0.0;0.0;226.18;0.0;0.0;0.0;0.0;0.0;1;0.07968224427580917;1;0.029792431173417566;0
602518;2021;9;659.68;98.95;1635.93;0.0;0.0;0.0;0.0;0.0;0.0;0.0;341.37;0.0;0.0;285.0;0.0;0.0;0.0;0.0;0.0;0.0;0.0;0.0;0.0;0.0;0.0;0.0;0.0;0.0;0.0;0.0;1;0.13034511958939343;1;0.12704862921858773;0
177253;2021;10;659.68;131.94;920.18;0.0;0.0;0.0;0.0;0.0;0.0;0.0;308.38;0.0;0.0;300.0;0.0;0.0;0.0;0.0;0.0;185.67;0.0;0.0;0.0;0.0;226.18;0.0;0.0;0.0;0.0;0.0;1;0.09840001125320236;1;0.020454287093544465;0
602518;2021;10;659.68;98.95;1635.93;0.0;0.0;0.0;0.0;0.0;0.0;0.0;341.37;0.0;0.0;300.0;0.0;0.0;0.0;0.0;0.0;0.0;0.0;0.0;0.0;0.0;0.0;0.0;0.0;0.0;0.0;0.0;1;0.13650816457345877;1;0.1164022249644816;0
177253;2021;11;659.68;131.94;920.18;0.0;0.0;0.0;0.0;0.0;0.0;0.0;308.38;0.0;0.0;0.0;0.0;0.0;0.0;0.0;0.0;185.67;0.0;0.0;0.0;0.0;226.18;0.0;0.0;0.0;0.0;748.79;-1;-0.03401784335291291;-1;-0.00020340365403193061;2
602518;2021;11;659.68;98.95;1635.93;0.0;0.0;0.0;0.0;0.0;0.0;0.0;341.37;0.0;0.0;315.0;0.0;0.0;0.0;0.0;0.0;0.0;0.0;0.0;0.0;0.0;0.0;0.0;0.0;0.0;0.0;0.0;1;0.13432075029666385;1;0.10493387250863606;0
177253;2021;12;659.68;131.94;920.18;0.0;0.0;0.0;0.0;0.0;0.0;0.0;308.38;0.0;0.0;315.0;0.0;0.0;0.0;0.0;0.0;185.67;0.0;0.0;0.0;0.0;226.18;0.0;0.0;0.0;0.0;0.0;1;0.10236904330557905;1;0.010383808401534522;0
602518;2021;12;659.68;98.95;1635.93;0.0;0.0;0.0;0.0;0.0;0.0;0.0;341.37;0.0;0.0;315.0;0.0;0.0;0.0;0.0;0.0;0.0;0.0;0.0;0.0;0.0;0.0;0.0;0.0;0.0;0.0;0.0;1;0.13432075029666385;1;0.10493387250863606;0
177253;2022;1;695.1;139.02;969.59;0.0;0.0;0.0;0.0;0.0;0.0;0.0;377.88;0.0;0.0;300.0;0.0;0.0;0.0;0.0;0.0;203.04;0.0;0.0;0.0;0.0;238.32;0.0;0.0;0.0;0.0;0.0;-1;-0.113569651670553;-1;-0.00024201035928445025;2
602518;2022;1;695.1;104.27;1723.78;0.0;0.0;0.0;0.0;0.0;0.0;0.0;412.63;0.0;0.0;300.0;0.0;0.0;0.0;0.0;0.0;0.0;0.0;0.0;0.0;0.0;0.0;0.0;0.0;0.0;0.0;0.0;-1;-0.08105692859435298;-1;-0.00015007890997920104;2
177253;2022;2;1147.16;229.43;969.59;1684.48;0.0;0.0;0.0;0.0;0.0;0.0;0.0;0.0;0.0;330.0;0.0;1123.88;0.0;0.0;0.0;585.89;0.0;0.0;0.0;0.0;0.0;0.0;0.0;0.0;0.0;0.0;1;0.06750005853005348;1;0.0001511526458278789;0
602518;2022;2;1147.16;172.07;1723.78;1684.48;0.0;0.0;0.0;0.0;0.0;0.0;0.0;0.0;0.0;330.0;0.0;1123.88;0.0;0.0;0.0;0.0;0.0;0.0;0.0;0.0;0.0;0.0;0.0;0.0;0.0;0.0;1;0.05113041709409616;1;5.3823561290855526e-05;0
177253;2022;3;1147.16;229.43;969.59;0.0;0.0;0.0;0.0;0.0;0.0;0.0;0.0;0.0;0.0;270.0;0.0;1123.88;0.0;0.0;0.0;350.07;0.0;0.0;0.0;0.0;0.0;0.0;0.0;0.0;0.0;0.0;1;0.18799691105969385;1;0.043212713125543534;0
602518;2022;3;1147.16;172.07;1723.78;0.0;0.0;0.0;344.15;0.0;0.0;0.0;0.0;0.0;0.0;270.0;172.07;1123.88;0.0;0.0;0.0;0.0;0.0;0.0;0.0;0.0;0.0;0.0;0.0;0.0;0.0;0.0;1;0.04950654801259147;1;0.00021962450676321632;0
177253;2022;4;1147.16;229.43;969.59;0.0;0.0;0.0;0.0;0.0;0.0;0.0;0.0;0.0;0.0;330.0;0.0;1123.88;0.0;0.0;0.0;350.07;0.0;0.0;0.0;0.0;0.0;0.0;0.0;0.0;0.0;0.0;1;0.1961641573118218;1;0.03916702084477791;0
602518;2022;4;1147.16;172.07;1723.78;0.0;0.0;0.0;0.0;0.0;0.0;0.0;0.0;0.0;0.0;330.0;172.07;1123.88;0.0;0.0;0.0;0.0;0.0;0.0;0.0;0.0;0.0;0.0;0.0;0.0;0.0;0.0;1;0.16294220975807489;1;0.03160506096428756;0
177253;2022;5;1205.63;241.13;1019.01;0.0;0.0;0.0;0.0;0.0;0.0;0.0;0.0;0.0;0.0;315.0;0.0;1181.16;0.0;0.0;0.0;367.91;0.0;0.0;0.0;0.0;0.0;0.0;0.0;0.0;0.0;0.0;1;0.22987648966291901;1;0.03547407074738579;0
602518;2022;5;1205.63;180.84;1811.63;0.0;0.0;0.0;0.0;0.0;0.0;0.0;0.0;0.0;0.0;315.0;180.84;1181.16;0.0;0.0;0.0;0.0;0.0;0.0;0.0;0.0;0.0;0.0;0.0;0.0;0.0;0.0;1;0.22019323408118163;1;0.028322107708741218;0
177253;2022;6;1205.63;241.13;1019.01;0.0;0.0;0.0;0.0;0.0;0.0;0.0;0.0;0.0;0.0;0.0;0.0;1181.16;0.0;0.0;0.0;367.91;0.0;0.0;0.0;0.0;0.0;0.0;0.0;0.0;0.0;1215.64;1;0.1146850861627765;1;0.043463836079486506;0
602518;2022;6;1205.63;180.84;1811.63;0.0;0.0;0.0;0.0;0.0;0.0;0.0;0.0;0.0;0.0;315.0;180.84;1181.16;0.0;0.0;0.0;0.0;0.0;0.0;0.0;0.0;0.0;0.0;0.0;0.0;0.0;0.0;1;0.22019323408118163;1;0.028322107708741218;0
177253;2022;7;1205.63;241.13;1019.01;0.0;0.0;0.0;0.0;0.0;0.0;0.0;0.0;0.0;0.0;330.0;0.0;1181.16;0.0;0.0;0.0;367.91;0.0;0.0;0.0;0.0;0.0;0.0;0.0;0.0;0.0;0.0;1;0.2283155965613683;1;0.03420867541378725;0
602518;2022;7;1205.63;180.84;1811.63;0.0;0.0;0.0;0.0;0.0;0.0;0.0;0.0;0.0;0.0;330.0;180.84;1181.16;0.0;0.0;0.0;0.0;0.0;0.0;0.0;0.0;0.0;0.0;0.0;0.0;0.0;0.0;1;0.22002482158228437;1;0.02700473853427754;0
177253;2022;8;1205.63;241.13;1019.01;0.0;0.0;0.0;0.0;0.0;0.0;0.0;0.0;0.0;0.0;315.0;0.0;1181.16;0.0;0.0;0.0;367.91;0.0;0.0;0.0;0.0;0.0;0.0;0.0;0.0;0.0;0.0;1;0.22987648966291901;1;0.03547407074738579;0
602518;2022;8;1205.63;180.84;1811.63;0.0;0.0;0.0;0.0;0.0;0.0;0.0;0.0;0.0;0.0;0.0;180.84;1181.16;0.0;0.0;0.0;0.0;0.0;0.0;0.0;0.0;0.0;0.0;0.0;0.0;0.0;1520.03;1;0.09104870546506727;1;0.02781618976929212;0
177253;2022;9;1205.63;241.13;1019.01;0.0;0.0;0.0;0.0;0.0;0.0;0.0;0.0;0.0;0.0;285.0;0.0;1181.16;0.0;0.0;0.0;367.91;0.0;0.0;0.0;0.0;0.0;0.0;0.0;0.0;0.0;0.0;1;0.22486743399784126;1;0.037515445466686614;0
602518;2022;9;1205.63;180.84;1811.63;0.0;0.0;0.0;0.0;0.0;0.0;0.0;0.0;0.0;0.0;285.0;180.84;1181.16;0.0;0.0;0.0;0.0;0.0;0.0;0.0;0.0;0.0;0.0;0.0;0.0;0.0;0.0;1;0.21304110711510454;1;0.03047781486723261;0
177253;2022;10;1205.63;241.13;1019.01;0.0;0.0;0.0;0.0;0.0;0.0;0.0;0.0;0.0;0.0;300.0;0.0;1181.16;0.0;0.0;0.0;367.91;0.0;0.0;0.0;0.0;0.0;0.0;0.0;0.0;0.0;0.0;1;0.22704107803612283;1;0.03657676671481008;0
602518;2022;10;1205.63;180.84;1811.63;0.0;0.0;0.0;0.0;0.0;0.0;0.0;0.0;0.0;0.0;300.0;180.84;1181.16;0.0;0.0;0.0;0.0;0.0;0.0;0.0;0.0;0.0;0.0;0.0;0.0;0.0;0.0;1;0.21854326352218573;1;0.02948026144526339;0
177253;2022;11;1205.63;241.13;1019.01;0.0;0.0;0.0;0.0;0.0;0.0;0.0;0.0;0.0;0.0;330.0;0.0;1181.16;0.0;0.0;0.0;367.91;0.0;0.0;0.0;0.0;0.0;0.0;0.0;0.0;0.0;0.0;1;0.2283155965613683;1;0.03420867541378725;0
602518;2022;11;1205.63;180.84;1811.63;0.0;0.0;0.0;0.0;0.0;0.0;0.0;0.0;0.0;0.0;330.0;180.84;1181.16;0.0;0.0;0.0;0.0;0.0;0.0;0.0;0.0;0.0;0.0;0.0;0.0;0.0;0.0;1;0.22002482158228437;1;0.02700473853427754;0
177253;2022;12;1205.63;241.13;1019.01;0.0;0.0;0.0;0.0;0.0;0.0;0.0;0.0;0.0;0.0;330.0;0.0;1181.16;0.0;0.0;0.0;367.91;0.0;0.0;0.0;0.0;0.0;0.0;0.0;0.0;0.0;0.0;1;0.2283155965613683;1;0.03420867541378725;0
602518;2022;12;1205.63;180.84;1811.63;0.0;0.0;0.0;0.0;0.0;0.0;0.0;0.0;0.0;0.0;330.0;180.84;1181.16;0.0;0.0;0.0;0.0;0.0;0.0;0.0;0.0;0.0;0.0;0.0;0.0;0.0;0.0;1;0.22002482158228437;1;0.02700473853427754;0
177253;2023;1;1205.63;241.13;0.0;0.0;0.0;0.0;0.0;0.0;0.0;0.0;0.0;0.0;0.0;255.0;0.0;1181.16;0.0;0.0;0.0;367.91;0.0;0.0;0.0;0.0;0.0;0.0;0.0;0.0;0.0;0.0;1;0.16610051862050462;1;0.027794546764970562;0
602518;2023;1;1205.63;180.84;0.0;0.0;0.0;0.0;0.0;0.0;0.0;0.0;0.0;0.0;0.0;255.0;180.84;1181.16;0.0;0.0;0.0;0.0;0.0;0.0;0.0;0.0;0.0;0.0;0.0;0.0;0.0;0.0;1;0.1455093349817474;1;0.02377149912574461;0
177253;2023;2;1205.63;241.13;0.0;0.0;1019.01;0.0;0.0;0.0;0.0;0.0;0.0;0.0;1019.01;345.0;0.0;1718.04;0.0;0.0;0.0;443.07;0.0;0.0;0.0;0.0;0.0;0.0;0.0;0.0;0.0;0.0;1;0.04927419240595765;-1;-0.00011619251661321162;1
602518;2023;2;1205.63;180.84;0.0;0.0;1811.63;0.0;0.0;0.0;0.0;0.0;0.0;0.0;1811.63;345.0;180.84;1718.04;0.0;0.0;0.0;0.0;0.0;0.0;0.0;0.0;0.0;0.0;0.0;0.0;0.0;0.0;1;0.024576771193564495;1;0.00030758039167616547;0
177253;2023;3;1205.63;241.13;0.0;0.0;1019.01;0.0;0.0;0.0;0.0;0.0;0.0;0.0;0.0;270.0;0.0;1718.04;0.0;0.0;0.0;443.07;0.0;0.0;0.0;0.0;0.0;0.0;0.0;0.0;0.0;0.0;1;0.126953756017621;1;0.02832768441621636;0
602518;2023;3;1205.63;180.84;0.0;0.0;1811.63;0.0;0.0;0.0;0.0;0.0;0.0;0.0;0.0;270.0;180.84;1718.04;0.0;0.0;0.0;0.0;0.0;0.0;0.0;0.0;0.0;0.0;0.0;0.0;0.0;0.0;1;0.08958064623549167;1;0.0006019863359774669;0
177253;2023;4;1205.63;241.13;0.0;0.0;1019.01;0.0;0.0;0.0;0.0;0.0;0.0;0.0;0.0;330.0;0.0;1718.04;0.0;0.0;0.0;443.07;0.0;0.0;0.0;0.0;0.0;0.0;0.0;0.0;0.0;0.0;1;0.14065437580320223;1;0.025990784897206076;0
602518;2023;4;1205.63;180.84;0.0;0.0;1811.63;0.0;0.0;0.0;0.0;0.0;0.0;0.0;0.0;330.0;180.84;1718.04;0.0;0.0;0.0;0.0;0.0;0.0;0.0;0.0;0.0;0.0;0.0;0.0;0.0;0.0;1;0.11214617120937415;1;7.439901691985717e-05;0
177253;2023;5;1205.63;241.13;0.0;0.0;1019.01;0.0;0.0;0.0;0.0;0.0;0.0;0.0;0.0;315.0;0.0;1718.04;0.0;0.0;0.0;443.07;0.0;0.0;0.0;0.0;0.0;0.0;0.0;0.0;0.0;0.0;1;0.1436723686976369;1;0.026819218042780812;0
602518;2023;5;1205.63;180.84;0.0;0.0;1811.63;0.0;0.0;0.0;0.0;0.0;0.0;0.0;0.0;315.0;180.84;1718.04;0.0;0.0;0.0;0.0;0.0;0.0;0.0;0.0;0.0;0.0;0.0;0.0;0.0;0.0;1;0.11577731865404428;1;0.0004387646464178996;0
177253;2023;6;1241.8;248.36;1049.58;0.0;0.0;0.0;0.0;0.0;0.0;0.0;0.0;0.0;0.0;0.0;0.0;1769.58;0.0;0.0;0.0;456.36;0.0;0.0;0.0;0.0;0.0;0.0;0.0;0.0;0.0;1436.44;1;0.11786968426281408;1;0.02077034511567566;0
602518;2023;6;1241.8;186.27;1865.98;0.0;0.0;0.0;0.0;0.0;0.0;0.0;0.0;0.0;0.0;333.27;186.27;1769.58;0.0;0.0;0.0;0.0;0.0;0.0;0.0;0.0;0.0;0.0;0.0;0.0;0.0;0.0;1;0.20076529306858704;1;0.01883472481703108;0
177253;2023;7;1241.8;248.36;1049.58;0.0;0.0;0.0;0.0;0.0;0.0;0.0;0.0;0.0;0.0;349.14;0.0;1769.58;0.0;0.0;0.0;456.36;0.0;0.0;0.0;0.0;0.0;0.0;0.0;0.0;0.0;0.0;1;0.21931331570570112;1;0.0159514712493255;0
602518;2023;7;1241.8;186.27;1865.98;0.0;0.0;0.0;0.0;0.0;0.0;0.0;0.0;0.0;0.0;349.14;186.27;1769.58;0.0;0.0;0.0;0.0;0.0;0.0;0.0;0.0;0.0;0.0;0.0;0.0;0.0;0.0;1;0.19278229889176335;1;0.017215008071806537;0
177253;2023;8;1275.56;255.11;1078.11;0.0;0.0;0.0;0.0;0.0;0.0;0.0;0.0;0.0;0.0;317.4;0.0;1817.69;0.0;0.0;0.0;468.77;0.0;0.0;0.0;0.0;0.0;0.0;0.0;0.0;0.0;0.0;1;0.23711176703838882;1;0.01380285834389089;0
602518;2023;8;1275.56;191.33;1916.7;0.0;0.0;0.0;0.0;0.0;0.0;0.0;0.0;0.0;0.0;0.0;191.33;1817.69;0.0;0.0;0.0;0.0;0.0;0.0;0.0;0.0;0.0;0.0;0.0;0.0;0.0;1797.54;1;0.08991312264079043;-1;-6.978326449313954e-05;1
177253;2023;9;1275.56;255.11;1078.11;0.0;0.0;0.0;0.0;0.0;0.0;0.0;0.0;0.0;0.0;333.27;0.0;1817.69;0.0;0.0;0.0;468.77;0.0;0.0;0.0;0.0;0.0;0.0;0.0;0.0;0.0;0.0;1;0.23675252806741914;1;0.012420989299790741;0
602518;2023;9;1275.56;191.33;1916.7;0.0;0.0;0.0;0.0;0.0;0.0;0.0;0.0;0.0;0.0;333.27;191.33;1817.69;0.0;0.0;0.0;0.0;0.0;0.0;0.0;0.0;0.0;0.0;0.0;0.0;0.0;0.0;1;0.2214851812272745;1;0.014580633108626506;0
177253;2023;10;1275.56;255.11;1078.11;0.0;0.0;0.0;0.0;0.0;0.0;0.0;0.0;0.0;0.0;317.4;0.0;1817.69;0.0;0.0;0.0;468.77;0.0;0.0;0.0;0.0;0.0;0.0;0.0;0.0;0.0;0.0;1;0.23711176703838882;1;0.01380285834389089;0
602518;2023;10;1275.56;191.33;1916.7;0.0;0.0;0.0;0.0;0.0;0.0;0.0;0.0;0.0;0.0;317.4;191.33;1817.69;0.0;0.0;0.0;0.0;0.0;0.0;0.0;0.0;0.0;0.0;0.0;0.0;0.0;0.0;1;0.2213220696122929;1;0.016028111048489502;0
177253;2023;11;1275.56;255.11;1078.11;0.0;0.0;0.0;0.0;0.0;0.0;0.0;0.0;0.0;0.0;317.4;0.0;1817.69;0.0;0.0;0.0;532.97;0.0;0.0;0.0;0.0;0.0;458.59;152.85;0.0;0.0;0.0;1;0.020835189606687843;-1;-6.97888239515887e-05;1
602518;2023;11;1275.56;191.33;1916.7;0.0;0.0;0.0;0.0;0.0;0.0;0.0;0.0;0.0;0.0;317.4;191.33;1817.69;0.0;0.0;0.0;0.0;0.0;0.0;0.0;0.0;0.0;476.74;271.75;0.0;0.0;0.0;1;0.016579826958322386;1;0.0002903372910003643;0
177253;2023;12;1275.56;255.11;1078.11;0.0;0.0;0.0;0.0;0.0;0.0;0.0;0.0;0.0;0.0;349.14;0.0;1817.69;0.0;0.0;0.0;468.77;0.0;0.0;0.0;0.0;0.0;0.0;0.0;0.0;0.0;0.0;1;0.23329163442351736;1;0.010869570189585342;0
602518;2023;12;1275.56;191.33;1916.7;0.0;0.0;0.0;0.0;0.0;0.0;0.0;0.0;0.0;0.0;349.14;191.33;1817.69;0.0;0.0;0.0;0.0;0.0;0.0;0.0;0.0;0.0;0.0;0.0;0.0;0.0;0.0;1;0.21539928681760656;1;0.01296320350543878;0
177253;2024;1;1275.56;255.11;1078.11;0.0;0.0;0.0;0.0;0.0;0.0;0.0;0.0;0.0;0.0;285.66;0.0;1817.69;0.0;0.0;0.0;468.77;0.0;0.0;0.0;0.0;0.0;0.0;0.0;0.0;0.0;0.0;1;0.2265894543055344;1;0.016050785002583445;0
602518;2024;1;1275.56;191.33;1916.7;0.0;0.0;0.0;0.0;0.0;0.0;0.0;0.0;0.0;0.0;285.66;191.33;1817.69;0.0;0.0;0.0;0.0;0.0;0.0;0.0;0.0;0.0;0.0;0.0;0.0;0.0;0.0;1;0.21437087935595728;1;0.018405699271308473;0
177253;2024;2;1275.56;255.11;1078.11;0.0;0.0;0.0;0.0;0.0;0.0;0.0;0.0;0.0;0.0;269.79;0.0;1817.69;0.0;0.0;0.0;468.77;0.0;0.0;0.0;0.0;0.0;0.0;0.0;0.0;0.0;0.0;1;0.22262091398046285;1;0.016913835931441412;0
602518;2024;2;1275.56;191.33;1916.7;0.0;0.0;0.0;0.0;0.0;0.0;0.0;0.0;0.0;0.0;269.79;191.33;1817.69;0.0;0.0;0.0;0.0;0.0;0.0;0.0;0.0;0.0;0.0;0.0;0.0;0.0;0.0;1;0.21072472813015813;1;0.019332627190122964;0
177253;2024;3;1275.56;255.11;1078.11;0.0;0.0;0.0;0.0;0.0;0.0;0.0;0.0;0.0;0.0;349.14;0.0;1817.69;0.0;0.0;0.0;468.77;0.0;0.0;0.0;0.0;0.0;0.0;0.0;0.0;0.0;0.0;1;0.23329163442351736;1;0.010869570189585342;0
602518;2024;3;1275.56;191.33;1916.7;0.0;0.0;0.0;0.0;0.0;0.0;0.0;0.0;0.0;0.0;349.14;191.33;1817.69;0.0;0.0;0.0;0.0;0.0;0.0;0.0;0.0;0.0;0.0;0.0;0.0;0.0;0.0;1;0.21539928681760656;1;0.01296320350543878;0
177253;2024;4;1275.56;255.11;1078.11;0.0;0.0;0.0;0.0;0.0;0.0;0.0;0.0;0.0;0.0;333.27;0.0;1817.69;0.0;0.0;0.0;468.77;0.0;0.0;0.0;0.0;0.0;0.0;0.0;0.0;0.0;0.0;1;0.23675252806741914;1;0.012420989299790741;0
602518;2024;4;1275.56;191.33;1916.7;0.0;0.0;0.0;0.0;0.0;0.0;0.0;0.0;0.0;0.0;333.27;191.33;1817.69;0.0;0.0;0.0;0.0;0.0;0.0;0.0;0.0;0.0;0.0;0.0;0.0;0.0;0.0;1;0.2214851812272745;1;0.014580633108626506;0
177253;2024;5;1275.56;255.11;1078.11;0.0;0.0;0.0;0.0;0.0;0.0;0.0;0.0;0.0;0.0;317.4;0.0;1817.69;0.0;0.0;0.0;468.77;0.0;0.0;0.0;0.0;0.0;0.0;0.0;0.0;0.0;0.0;1;0.23711176703838882;1;0.01380285834389089;0
602518;2024;5;1275.56;191.33;1916.7;0.0;0.0;0.0;0.0;0.0;0.0;0.0;0.0;0.0;0.0;317.4;191.33;1817.69;0.0;0.0;0.0;0.0;0.0;0.0;0.0;0.0;0.0;0.0;0.0;0.0;0.0;0.0;1;0.2213220696122929;1;0.016028111048489502;0
177253;2024;6;1275.56;255.11;1078.11;0.0;0.0;0.0;0.0;0.0;0.0;0.0;0.0;0.0;0.0;365.01;0.0;1817.69;0.0;0.0;0.0;468.77;0.0;0.0;0.0;0.0;0.0;0.0;0.0;0.0;0.0;0.0;1;0.2170775914074135;1;0.009150672376829205;0
602518;2024;6;1275.56;191.33;1916.7;0.0;0.0;821.54;0.0;0.0;0.0;0.0;0.0;0.0;1013.23;0.0;191.33;1817.69;0.0;0.0;0.0;486.63;0.0;0.0;0.0;0.0;0.0;0.0;0.0;0.0;0.0;0.0;-1;-0.005526608986107462;-1;-7.718387330696297e-05;2
177253;2024;7;1347.25;269.45;1138.7;0.0;0.0;0.0;0.0;0.0;0.0;0.0;0.0;0.0;0.0;333.27;0.0;1919.84;0.0;0.0;0.0;495.12;0.0;0.0;0.0;0.0;0.0;0.0;0.0;0.0;0.0;0.0;1;0.16980499039366026;1;0.00028706427726393757;0
602518;2024;7;1347.25;202.09;2024.42;0.0;0.0;867.71;0.0;0.0;0.0;0.0;0.0;0.0;0.0;0.0;202.09;1919.84;0.0;0.0;0.0;513.98;746.17;0.0;0.0;0.0;0.0;0.0;0.0;0.0;0.0;0.0;-1;-0.06080201828704701;1;0.0004145972405660281;1
177253;2024;8;1347.25;269.45;1138.7;0.0;0.0;0.0;0.0;0.0;0.0;0.0;0.0;0.0;0.0;333.27;0.0;1919.84;0.0;0.0;0.0;495.12;0.0;0.0;0.0;0.0;0.0;0.0;0.0;0.0;0.0;0.0;1;0.16980499039366026;1;0.00028706427726393757;0
602518;2024;8;1347.25;202.09;2024.42;0.0;0.0;0.0;0.0;0.0;0.0;0.0;0.0;0.0;0.0;0.0;202.09;1919.84;0.0;0.0;0.0;513.98;0.0;0.0;0.0;0.0;0.0;0.0;0.0;0.0;0.0;1898.56;1;0.04991252230933774;-1;-0.0001627176092623972;1
177253;2024;9;1347.25;269.45;1138.7;0.0;0.0;0.0;0.0;0.0;0.0;0.0;0.0;0.0;0.0;0.0;0.0;1919.84;0.0;0.0;0.0;495.12;0.0;0.0;0.0;0.0;0.0;0.0;0.0;0.0;0.0;1558.41;1;0.06522059472598785;-1;-0.0003727626159789055;1
602518;2024;9;1347.25;202.09;2024.42;0.0;0.0;0.0;0.0;0.0;0.0;0.0;0.0;0.0;0.0;0.0;202.09;1919.84;0.0;0.0;0.0;513.98;0.0;0.0;0.0;0.0;0.0;0.0;0.0;0.0;0.0;0.0;1;0.1014961622888188;-1;-0.0005380692425511757;1
